# Blender 4.4.3
# www.blender.org
mtllib health_center.mtl
o pillars1.001
v -1.404600 8.986377 4.519885
v -1.404600 4.716492 4.519885
v -1.404600 8.986377 4.072146
v -1.404600 4.716492 4.072146
v -1.824814 8.986377 4.519885
v -1.824814 4.716492 4.519885
v -1.824814 8.986377 4.072146
v -1.824814 4.716492 4.072146
v 7.411770 8.986377 4.519884
v 7.411770 4.716492 4.519884
v 7.411770 8.986377 4.072145
v 7.411770 4.716492 4.072145
v 6.991556 8.986377 4.519884
v 6.991556 4.716492 4.519884
v 6.991556 8.986377 4.072145
v 6.991556 4.716492 4.072145
vn 1.0000 -0.0000 -0.0000
vn -1.0000 -0.0000 -0.0000
vn -0.0000 1.0000 -0.0000
vn -0.0000 -0.0000 1.0000
vn -0.0000 -1.0000 -0.0000
vn -0.0000 -0.0000 -1.0000
vt 0.000000 0.000000
vt 1.000000 0.000000
vt 1.000000 1.000000
vt 0.000000 1.000000
s 0
usemtl pillars
f 1/1/1 2/2/1 4/3/1 3/4/1
f 5/1/2 7/4/2 8/3/2 6/2/2
f 1/1/3 3/4/3 7/4/3 5/1/3
f 2/2/4 1/1/4 5/1/4 6/2/4
f 4/3/5 2/2/5 6/2/5 8/3/5
f 3/4/6 4/3/6 8/3/6 7/4/6
f 9/1/1 10/2/1 12/3/1 11/4/1
f 13/1/2 15/4/2 16/3/2 14/2/2
f 9/1/3 11/4/3 15/4/3 13/1/3
f 10/2/4 9/1/4 13/1/4 14/2/4
f 12/3/5 10/2/5 14/2/5 16/3/5
f 11/4/6 12/3/6 16/3/6 15/4/6
o pillars2.001
v -1.404600 8.986377 -4.061058
v -1.404600 4.716492 -4.061058
v -1.404600 8.986377 -4.508796
v -1.404600 4.716492 -4.508796
v -1.824814 8.986377 -4.061058
v -1.824814 4.716492 -4.061058
v -1.824814 8.986377 -4.508796
v -1.824814 4.716492 -4.508796
v 7.411770 8.986377 -4.061059
v 7.411770 4.716492 -4.061059
v 7.411770 8.986377 -4.508797
v 7.411770 4.716492 -4.508797
v 6.991556 8.986377 -4.061059
v 6.991556 4.716492 -4.061059
v 6.991556 8.986377 -4.508797
v 6.991556 4.716492 -4.508797
vn 1.0000 -0.0000 -0.0000
vn -1.0000 -0.0000 -0.0000
vn -0.0000 1.0000 -0.0000
vn -0.0000 -0.0000 1.0000
vn -0.0000 -1.0000 -0.0000
vn -0.0000 -0.0000 -1.0000
vt 0.000000 0.000000
vt 1.000000 0.000000
vt 1.000000 1.000000
vt 0.000000 1.000000
s 0
usemtl pillars
f 17/5/7 18/6/7 20/7/7 19/8/7
f 21/5/8 23/8/8 24/7/8 22/6/8
f 17/5/9 19/8/9 23/8/9 21/5/9
f 18/6/10 17/5/10 21/5/10 22/6/10
f 20/7/11 18/6/11 22/6/11 24/7/11
f 19/8/12 20/7/12 24/7/12 23/8/12
f 25/5/7 26/6/7 28/7/7 27/8/7
f 29/5/8 31/8/8 32/7/8 30/6/8
f 25/5/9 27/8/9 31/8/9 29/5/9
f 26/6/10 25/5/10 29/5/10 30/6/10
f 28/7/11 26/6/11 30/6/11 32/7/11
f 27/8/12 28/7/12 32/7/12 31/8/12
o wall1.001
v 7.340576 8.952634 4.413222
v 7.340576 4.818189 4.413222
v 7.340576 8.952634 -4.389073
v 7.340576 4.818189 -4.389073
v 7.160787 8.952634 4.413222
v 7.160787 4.818189 4.413222
v 7.160787 8.952634 -4.389073
v 7.160787 4.818189 -4.389073
vn 1.0000 -0.0000 -0.0000
vn -1.0000 -0.0000 -0.0000
vn -0.0000 1.0000 -0.0000
vn -0.0000 -0.0000 1.0000
vn -0.0000 -1.0000 -0.0000
vn -0.0000 -0.0000 -1.0000
vt 0.000000 0.000000
vt 1.000000 0.000000
vt 1.000000 1.000000
vt 0.000000 1.000000
s 0
usemtl walls
f 33/9/13 34/10/13 36/11/13 35/12/13
f 37/9/14 39/12/14 40/11/14 38/10/14
f 33/9/15 35/12/15 39/12/15 37/9/15
f 34/10/16 33/9/16 37/9/16 38/10/16
f 36/11/17 34/10/17 38/10/17 40/11/17
f 35/12/18 36/11/18 40/11/18 39/12/18
o wall2.001
v -1.676831 8.952633 -4.204030
v -1.676831 4.818189 -4.204030
v 7.337654 8.952634 -4.197353
v 7.337654 4.818189 -4.197353
v -1.676685 8.952633 -4.401256
v -1.676685 4.818189 -4.401256
v 7.337800 8.952634 -4.394579
v 7.337800 4.818189 -4.394579
vn -0.0007 -0.0000 1.0000
vn 0.0007 -0.0000 -1.0000
vn -0.0000 1.0000 -0.0000
vn -1.0000 -0.0000 -0.0007
vn -0.0000 -1.0000 -0.0000
vn 1.0000 -0.0000 0.0007
vt 0.000000 0.000000
vt 1.000000 0.000000
vt 1.000000 1.000000
vt 0.000000 1.000000
s 0
usemtl walls
f 41/13/19 42/14/19 44/15/19 43/16/19
f 45/13/20 47/16/20 48/15/20 46/14/20
f 41/13/21 43/16/21 47/16/21 45/13/21
f 42/14/22 41/13/22 45/13/22 46/14/22
f 44/15/23 42/14/23 46/14/23 48/15/23
f 43/16/24 44/15/24 48/15/24 47/16/24
o wall3.001
v -1.676831 8.952633 4.413688
v -1.676831 4.818189 4.413688
v 7.337654 8.952634 4.420365
v 7.337654 4.818189 4.420365
v -1.676685 8.952633 4.216462
v -1.676685 4.818189 4.216462
v 7.337800 8.952634 4.223138
v 7.337800 4.818189 4.223138
vn -0.0007 -0.0000 1.0000
vn 0.0007 -0.0000 -1.0000
vn -0.0000 1.0000 -0.0000
vn -1.0000 -0.0000 -0.0007
vn -0.0000 -1.0000 -0.0000
vn 1.0000 -0.0000 0.0007
vt 0.000000 0.000000
vt 1.000000 0.000000
vt 1.000000 1.000000
vt 0.000000 1.000000
s 0
usemtl walls
f 49/17/25 50/18/25 52/19/25 51/20/25
f 53/17/26 55/20/26 56/19/26 54/18/26
f 49/17/27 51/20/27 55/20/27 53/17/27
f 50/18/28 49/17/28 53/17/28 54/18/28
f 52/19/29 50/18/29 54/18/29 56/19/29
f 51/20/30 52/19/30 56/19/30 55/20/30
o wall4.001
v -1.502509 8.952634 4.413222
v -1.502510 4.818189 4.413222
v -1.502509 8.952634 -4.389073
v -1.502510 4.818189 -4.389073
v -1.682298 8.952634 4.413222
v -1.682298 4.818189 4.413222
v -1.682298 8.952634 -4.389073
v -1.682298 4.818189 -4.389073
vn 1.0000 -0.0000 -0.0000
vn -1.0000 -0.0000 -0.0000
vn -0.0000 1.0000 -0.0000
vn -0.0000 -0.0000 1.0000
vn -0.0000 -1.0000 -0.0000
vn -0.0000 -0.0000 -1.0000
vt 0.000000 0.000000
vt 1.000000 0.000000
vt 1.000000 1.000000
vt 0.000000 1.000000
s 0
usemtl walls
f 57/21/31 58/22/31 60/23/31 59/24/31
f 61/21/32 63/24/32 64/23/32 62/22/32
f 57/21/33 59/24/33 63/24/33 61/21/33
f 58/22/34 57/21/34 61/21/34 62/22/34
f 60/23/35 58/22/35 62/22/35 64/23/35
f 59/24/36 60/23/36 64/23/36 63/24/36
o pillars_A_roof1
v 6.992984 8.585859 -3.996206
v -1.429066 8.596403 -3.996206
v 6.992984 8.585859 -4.443944
v -1.429066 8.596403 -4.443944
v 6.993407 8.924074 -3.996206
v -1.428643 8.934618 -3.996206
v 6.993407 8.924074 -4.443944
v -1.428643 8.934618 -4.443944
vn -0.0013 -1.0000 -0.0000
vn 0.0013 1.0000 -0.0000
vn 1.0000 -0.0013 -0.0000
vn -0.0000 -0.0000 1.0000
vn -1.0000 0.0013 -0.0000
vn -0.0000 -0.0000 -1.0000
vt 0.000000 0.000000
vt 1.000000 0.000000
vt 1.000000 1.000000
vt 0.000000 1.000000
s 0
f 65/25/37 66/26/37 68/27/37 67/28/37
f 69/25/38 71/28/38 72/27/38 70/26/38
f 65/25/39 67/28/39 71/28/39 69/25/39
f 66/26/40 65/25/40 69/25/40 70/26/40
f 68/27/41 66/26/41 70/26/41 72/27/41
f 67/28/42 68/27/42 72/27/42 71/28/42
o pillars_A_roof2
v 6.992984 8.585859 4.473221
v -1.429066 8.596403 4.473221
v 6.992984 8.585859 4.025483
v -1.429066 8.596403 4.025483
v 6.993407 8.924074 4.473221
v -1.428643 8.934618 4.473221
v 6.993407 8.924074 4.025483
v -1.428643 8.934618 4.025483
vn -0.0013 -1.0000 -0.0000
vn 0.0013 1.0000 -0.0000
vn 1.0000 -0.0013 -0.0000
vn -0.0000 -0.0000 1.0000
vn -1.0000 0.0013 -0.0000
vn -0.0000 -0.0000 -1.0000
vt 0.000000 0.000000
vt 1.000000 0.000000
vt 1.000000 1.000000
vt 0.000000 1.000000
s 0
f 73/29/43 74/30/43 76/31/43 75/32/43
f 77/29/44 79/32/44 80/31/44 78/30/44
f 73/29/45 75/32/45 79/32/45 77/29/45
f 74/30/46 73/29/46 77/29/46 78/30/46
f 76/31/47 74/30/47 78/30/47 80/31/47
f 75/32/48 76/31/48 80/31/48 79/32/48
o pillars_A_roof3
v 7.357158 8.585751 -4.280511
v 7.357159 8.596512 4.312884
v 6.949106 8.585751 -4.280511
v 6.949107 8.596512 4.312884
v 7.357158 8.923965 -4.280934
v 7.357159 8.934727 4.312461
v 6.949106 8.923965 -4.280934
v 6.949107 8.934727 4.312461
vn -0.0000 -1.0000 0.0013
vn -0.0000 1.0000 -0.0013
vn -0.0000 -0.0013 -1.0000
vn 1.0000 -0.0000 -0.0000
vn -0.0000 0.0013 1.0000
vn -1.0000 -0.0000 -0.0000
vt 0.000000 0.000000
vt 1.000000 0.000000
vt 1.000000 1.000000
vt 0.000000 1.000000
s 0
f 81/33/49 82/34/49 84/35/49 83/36/49
f 85/33/50 87/36/50 88/35/50 86/34/50
f 81/33/51 83/36/51 87/36/51 85/33/51
f 82/34/52 81/33/52 85/33/52 86/34/52
f 84/35/53 82/34/53 86/34/53 88/35/53
f 83/36/54 84/35/54 88/35/54 87/36/54
o pillars_A_roof4
v -1.368031 8.585751 -4.280511
v -1.368030 8.596512 4.312884
v -1.776083 8.585751 -4.280511
v -1.776083 8.596512 4.312884
v -1.368031 8.923965 -4.280934
v -1.368030 8.934727 4.312461
v -1.776083 8.923965 -4.280934
v -1.776083 8.934727 4.312461
vn -0.0000 -1.0000 0.0013
vn -0.0000 1.0000 -0.0013
vn -0.0000 -0.0013 -1.0000
vn 1.0000 -0.0000 -0.0000
vn -0.0000 0.0013 1.0000
vn -1.0000 -0.0000 -0.0000
vt 0.000000 0.000000
vt 1.000000 0.000000
vt 1.000000 1.000000
vt 0.000000 1.000000
s 0
f 89/37/55 90/38/55 92/39/55 91/40/55
f 93/37/56 95/40/56 96/39/56 94/38/56
f 89/37/57 91/40/57 95/40/57 93/37/57
f 90/38/58 89/37/58 93/37/58 94/38/58
f 92/39/59 90/38/59 94/38/59 96/39/59
f 91/40/60 92/39/60 96/39/60 95/40/60
o roof.001
v -3.814578 8.500942 6.440217
v 9.416940 8.500942 6.440217
v -3.814578 8.500942 -6.404774
v 9.416940 8.500942 -6.404774
v -3.814578 8.705778 6.440217
v 9.416940 8.705778 6.440217
v -3.814578 8.705778 -6.404774
v 9.416940 8.705778 -6.404774
v 2.801181 11.423611 0.017722
vn -0.0000 1.0000 -0.0000
vn -0.0000 -0.0000 1.0000
vn 1.0000 -0.0000 -0.0000
vn 0.3800 -0.9250 -0.0000
vn -0.0000 -0.0000 -1.0000
vn -0.0000 -0.9209 0.3897
vn -0.0000 -0.9209 -0.3897
vn -1.0000 -0.0000 -0.0000
vn -0.3800 -0.9250 -0.0000
vt 1.000000 0.000000
vt 1.000000 1.000000
vt 0.000000 1.000000
vt 0.000000 0.000000
vt 0.500000 0.500000
s 0
usemtl roof
f 98/41/61 100/42/61 99/43/61 97/44/61
f 99/43/62 100/42/62 104/42/62 103/43/62
f 97/44/63 99/43/63 103/43/63 101/44/63
f 103/43/64 105/45/64 101/44/64
f 98/41/65 97/44/65 101/44/65 102/41/65
f 104/42/66 105/45/66 103/43/66
f 101/44/67 105/45/67 102/41/67
f 100/42/68 98/41/68 102/41/68 104/42/68
f 102/41/69 105/45/69 104/42/69
o pillars1
v -1.404600 4.359760 4.519885
v -1.404600 -2.019841 4.519885
v -1.404600 4.359760 4.072146
v -1.404600 -2.019841 4.072146
v -1.824814 4.359760 4.519885
v -1.824814 -2.019841 4.519885
v -1.824814 4.359760 4.072146
v -1.824814 -2.019841 4.072146
v 7.411770 4.359760 4.519884
v 7.411770 -2.019842 4.519884
v 7.411770 4.359760 4.072145
v 7.411770 -2.019842 4.072145
v 6.991556 4.359760 4.519884
v 6.991556 -2.019842 4.519884
v 6.991556 4.359760 4.072145
v 6.991556 -2.019842 4.072145
vn 1.0000 -0.0000 -0.0000
vn -1.0000 -0.0000 -0.0000
vn -0.0000 1.0000 -0.0000
vn -0.0000 -0.0000 1.0000
vn -0.0000 -1.0000 -0.0000
vn -0.0000 -0.0000 -1.0000
vt 0.000000 0.000000
vt 1.000000 0.000000
vt 1.000000 1.000000
vt 0.000000 1.000000
s 0
usemtl pillars
f 106/46/70 107/47/70 109/48/70 108/49/70
f 110/46/71 112/49/71 113/48/71 111/47/71
f 106/46/72 108/49/72 112/49/72 110/46/72
f 107/47/73 106/46/73 110/46/73 111/47/73
f 109/48/74 107/47/74 111/47/74 113/48/74
f 108/49/75 109/48/75 113/48/75 112/49/75
f 114/46/70 115/47/70 117/48/70 116/49/70
f 118/46/71 120/49/71 121/48/71 119/47/71
f 114/46/72 116/49/72 120/49/72 118/46/72
f 115/47/73 114/46/73 118/46/73 119/47/73
f 117/48/74 115/47/74 119/47/74 121/48/74
f 116/49/75 117/48/75 121/48/75 120/49/75
o pillars2
v -1.404600 4.359760 -4.061058
v -1.404600 -2.019841 -4.061058
v -1.404600 4.359760 -4.508796
v -1.404600 -2.019841 -4.508796
v -1.824814 4.359760 -4.061058
v -1.824814 -2.019841 -4.061058
v -1.824814 4.359760 -4.508796
v -1.824814 -2.019841 -4.508796
v 7.411770 4.359760 -4.061059
v 7.411770 -2.019842 -4.061059
v 7.411770 4.359760 -4.508797
v 7.411770 -2.019842 -4.508797
v 6.991556 4.359760 -4.061059
v 6.991556 -2.019842 -4.061059
v 6.991556 4.359760 -4.508797
v 6.991556 -2.019842 -4.508797
vn 1.0000 -0.0000 -0.0000
vn -1.0000 -0.0000 -0.0000
vn -0.0000 1.0000 -0.0000
vn -0.0000 -0.0000 1.0000
vn -0.0000 -1.0000 -0.0000
vn -0.0000 -0.0000 -1.0000
vt 0.000000 0.000000
vt 1.000000 0.000000
vt 1.000000 1.000000
vt 0.000000 1.000000
s 0
usemtl pillars
f 122/50/76 123/51/76 125/52/76 124/53/76
f 126/50/77 128/53/77 129/52/77 127/51/77
f 122/50/78 124/53/78 128/53/78 126/50/78
f 123/51/79 122/50/79 126/50/79 127/51/79
f 125/52/80 123/51/80 127/51/80 129/52/80
f 124/53/81 125/52/81 129/52/81 128/53/81
f 130/50/76 131/51/76 133/52/76 132/53/76
f 134/50/77 136/53/77 137/52/77 135/51/77
f 130/50/78 132/53/78 136/53/78 134/50/78
f 131/51/79 130/50/79 134/50/79 135/51/79
f 133/52/80 131/51/80 135/51/80 137/52/80
f 132/53/81 133/52/81 137/52/81 136/53/81
o wall1
v 7.340576 3.853856 4.413222
v 7.340576 -0.280589 4.413222
v 7.340576 3.853856 -4.389073
v 7.340576 -0.280589 -4.389073
v 7.160787 3.853856 4.413222
v 7.160787 -0.280589 4.413222
v 7.160787 3.853856 -4.389073
v 7.160787 -0.280589 -4.389073
v 7.340576 -0.280589 -1.089671
v 7.160787 -0.280589 -1.089671
v 7.340576 -0.280589 -3.009928
v 7.160787 -0.280589 -3.009928
v 7.340576 2.749359 4.413222
v 7.340576 2.749359 -4.389073
v 7.160787 2.749359 4.413222
v 7.160787 2.749359 -4.389073
v 7.160787 2.749359 -1.089671
v 7.340576 2.749359 -1.089671
v 7.160787 2.749359 -3.009928
v 7.340576 2.749359 -3.009928
vn 1.0000 -0.0000 -0.0000
vn -1.0000 -0.0000 -0.0000
vn -0.0000 -0.0000 1.0000
vn -0.0000 -1.0000 -0.0000
vn -0.0000 -0.0000 -1.0000
vn -0.0000 1.0000 -0.0000
vt 0.267145 0.843320
vt 1.000000 0.843320
vt 1.000000 1.000000
vt 0.267145 1.000000
vt 0.267145 0.843320
vt 1.000000 0.843320
vt 0.267145 0.625166
vt 1.000000 0.625166
vt 1.000000 0.000000
vt 0.267145 0.000000
vt 0.000000 0.000000
vt 0.000000 1.000000
s 0
usemtl walls
f 157/54/82 148/55/82 141/56/82 151/57/82
f 156/58/83 153/57/83 145/56/83 149/59/83
f 154/60/83 147/61/83 143/62/83 152/63/83 142/64/83 144/65/83 153/57/83 156/58/83
f 150/63/84 138/64/84 142/64/84 152/63/84
f 146/61/85 139/62/85 143/62/85 147/61/85
f 151/57/86 141/56/86 145/56/86 153/57/86
f 148/55/85 146/61/85 147/61/85 149/59/85
f 141/56/85 148/55/85 149/59/85 145/56/85
f 140/65/86 151/57/86 153/57/86 144/65/86
f 139/62/84 150/63/84 152/63/84 143/62/84
f 149/59/84 148/55/84 157/54/84 156/58/84
f 155/64/85 154/64/85 156/64/85 151/64/85 157/64/85
f 146/61/86 147/61/86 154/60/86 155/64/86
f 138/64/87 140/65/87 144/65/87 142/64/87
f 150/63/82 139/62/82 146/61/82 155/60/82 157/54/82 151/57/82 140/65/82 138/64/82
o wall2
v -1.676831 3.853855 -4.204030
v -1.676831 -0.280589 -4.204030
v 7.337654 3.853856 -4.197353
v 7.337654 -0.280589 -4.197353
v -1.676685 3.853855 -4.401256
v -1.676685 -0.280589 -4.401256
v 7.337800 3.853856 -4.394579
v 7.337800 -0.280589 -4.394579
vn -0.0007 -0.0000 1.0000
vn 0.0007 -0.0000 -1.0000
vn -0.0000 1.0000 -0.0000
vn -1.0000 -0.0000 -0.0007
vn -0.0000 -1.0000 -0.0000
vn 1.0000 -0.0000 0.0007
vt 0.000000 0.000000
vt 1.000000 0.000000
vt 1.000000 1.000000
vt 0.000000 1.000000
s 0
usemtl walls
f 158/66/88 159/67/88 161/68/88 160/69/88
f 162/66/89 164/69/89 165/68/89 163/67/89
f 158/66/90 160/69/90 164/69/90 162/66/90
f 159/67/91 158/66/91 162/66/91 163/67/91
f 161/68/92 159/67/92 163/67/92 165/68/92
f 160/69/93 161/68/93 165/68/93 164/69/93
o wall3
v -1.676831 3.853855 4.413688
v -1.676831 -0.280589 4.413688
v 7.337654 3.853856 4.420365
v 7.337654 -0.280589 4.420365
v -1.676685 3.853855 4.216462
v -1.676685 -0.280589 4.216462
v 7.337800 3.853856 4.223138
v 7.337800 -0.280589 4.223138
vn -0.0007 -0.0000 1.0000
vn 0.0007 -0.0000 -1.0000
vn -0.0000 1.0000 -0.0000
vn -1.0000 -0.0000 -0.0007
vn -0.0000 -1.0000 -0.0000
vn 1.0000 -0.0000 0.0007
vt 0.000000 0.000000
vt 1.000000 0.000000
vt 1.000000 1.000000
vt 0.000000 1.000000
s 0
usemtl walls
f 166/70/94 167/71/94 169/72/94 168/73/94
f 170/70/95 172/73/95 173/72/95 171/71/95
f 166/70/96 168/73/96 172/73/96 170/70/96
f 167/71/97 166/70/97 170/70/97 171/71/97
f 169/72/98 167/71/98 171/71/98 173/72/98
f 168/73/99 169/72/99 173/72/99 172/73/99
o wall4
v -1.502509 3.853856 4.413222
v -1.502510 -0.280589 4.413222
v -1.502509 3.853856 -4.389073
v -1.502510 -0.280589 -4.389073
v -1.682298 3.853856 4.413222
v -1.682298 -0.280589 4.413222
v -1.682298 3.853856 -4.389073
v -1.682298 -0.280589 -4.389073
vn 1.0000 -0.0000 -0.0000
vn -1.0000 -0.0000 -0.0000
vn -0.0000 1.0000 -0.0000
vn -0.0000 -0.0000 1.0000
vn -0.0000 -1.0000 -0.0000
vn -0.0000 -0.0000 -1.0000
vt 0.000000 0.000000
vt 1.000000 0.000000
vt 1.000000 1.000000
vt 0.000000 1.000000
s 0
usemtl walls
f 174/74/100 175/75/100 177/76/100 176/77/100
f 178/74/101 180/77/101 181/76/101 179/75/101
f 174/74/102 176/77/102 180/77/102 178/74/102
f 175/75/103 174/74/103 178/74/103 179/75/103
f 177/76/104 175/75/104 179/75/104 181/76/104
f 176/77/105 177/76/105 181/76/105 180/77/105
o pillars_U_roof1
v 6.992984 3.487081 -3.996206
v -1.429066 3.497626 -3.996206
v 6.992984 3.487081 -4.443944
v -1.429066 3.497626 -4.443944
v 6.993407 3.825296 -3.996206
v -1.428643 3.835841 -3.996206
v 6.993407 3.825296 -4.443944
v -1.428643 3.835841 -4.443944
vn -0.0013 -1.0000 -0.0000
vn 0.0013 1.0000 -0.0000
vn 1.0000 -0.0013 -0.0000
vn -0.0000 -0.0000 1.0000
vn -1.0000 0.0013 -0.0000
vn -0.0000 -0.0000 -1.0000
vt 0.000000 0.000000
vt 1.000000 0.000000
vt 1.000000 1.000000
vt 0.000000 1.000000
s 0
usemtl pillars
f 182/78/106 183/79/106 185/80/106 184/81/106
f 186/78/107 188/81/107 189/80/107 187/79/107
f 182/78/108 184/81/108 188/81/108 186/78/108
f 183/79/109 182/78/109 186/78/109 187/79/109
f 185/80/110 183/79/110 187/79/110 189/80/110
f 184/81/111 185/80/111 189/80/111 188/81/111
o pillars_U_roof2
v 6.992984 3.487081 4.473221
v -1.429066 3.497626 4.473221
v 6.992984 3.487081 4.025483
v -1.429066 3.497626 4.025483
v 6.993407 3.825296 4.473221
v -1.428643 3.835841 4.473221
v 6.993407 3.825296 4.025483
v -1.428643 3.835841 4.025483
vn -0.0013 -1.0000 -0.0000
vn 0.0013 1.0000 -0.0000
vn 1.0000 -0.0013 -0.0000
vn -0.0000 -0.0000 1.0000
vn -1.0000 0.0013 -0.0000
vn -0.0000 -0.0000 -1.0000
vt 0.000000 0.000000
vt 1.000000 0.000000
vt 1.000000 1.000000
vt 0.000000 1.000000
s 0
usemtl pillars
f 190/82/112 191/83/112 193/84/112 192/85/112
f 194/82/113 196/85/113 197/84/113 195/83/113
f 190/82/114 192/85/114 196/85/114 194/82/114
f 191/83/115 190/82/115 194/82/115 195/83/115
f 193/84/116 191/83/116 195/83/116 197/84/116
f 192/85/117 193/84/117 197/84/117 196/85/117
o pillars_U_roof3
v 7.357158 3.486973 -4.280511
v 7.357159 3.497734 4.312884
v 6.949106 3.486973 -4.280511
v 6.949107 3.497734 4.312884
v 7.357158 3.825188 -4.280934
v 7.357159 3.835949 4.312461
v 6.949106 3.825188 -4.280934
v 6.949107 3.835949 4.312461
vn -0.0000 -1.0000 0.0013
vn -0.0000 1.0000 -0.0013
vn -0.0000 -0.0013 -1.0000
vn 1.0000 -0.0000 -0.0000
vn -0.0000 0.0013 1.0000
vn -1.0000 -0.0000 -0.0000
vt 0.000000 0.000000
vt 1.000000 0.000000
vt 1.000000 1.000000
vt 0.000000 1.000000
s 0
usemtl pillars
f 198/86/118 199/87/118 201/88/118 200/89/118
f 202/86/119 204/89/119 205/88/119 203/87/119
f 198/86/120 200/89/120 204/89/120 202/86/120
f 199/87/121 198/86/121 202/86/121 203/87/121
f 201/88/122 199/87/122 203/87/122 205/88/122
f 200/89/123 201/88/123 205/88/123 204/89/123
o pillars_U_roof14
v -1.368031 3.486973 -4.280511
v -1.368030 3.497734 4.312884
v -1.776083 3.486973 -4.280511
v -1.776083 3.497734 4.312884
v -1.368031 3.825188 -4.280934
v -1.368030 3.835949 4.312461
v -1.776083 3.825188 -4.280934
v -1.776083 3.835949 4.312461
vn -0.0000 -1.0000 0.0013
vn -0.0000 1.0000 -0.0013
vn -0.0000 -0.0013 -1.0000
vn 1.0000 -0.0000 -0.0000
vn -0.0000 0.0013 1.0000
vn -1.0000 -0.0000 -0.0000
vt 0.000000 0.000000
vt 1.000000 0.000000
vt 1.000000 1.000000
vt 0.000000 1.000000
s 0
usemtl pillars
f 206/90/124 207/91/124 209/92/124 208/93/124
f 210/90/125 212/93/125 213/92/125 211/91/125
f 206/90/126 208/93/126 212/93/126 210/90/126
f 207/91/127 206/90/127 210/90/127 211/91/127
f 209/92/128 207/91/128 211/91/128 213/92/128
f 208/93/129 209/92/129 213/92/129 212/93/129
o stone_wall_B
v -1.608876 0.019132 3.773012
v -1.620831 -0.093854 3.892415
v -1.479768 -0.084072 3.795709
v -1.579781 -0.539298 3.862866
v -1.572483 -0.648295 3.780445
v -1.420763 -0.552961 3.793061
v -1.486218 0.016802 2.626010
v -1.350795 -0.105889 2.644093
v -1.498693 -0.120924 2.541385
v -1.472323 -0.671709 2.638109
v -1.474166 -0.560520 2.552794
v -1.354495 -0.563695 2.659364
v -1.866813 0.009280 3.748008
v -2.017191 -0.098063 3.732422
v -1.868439 -0.096782 3.845365
v -1.855483 -0.666504 3.773560
v -1.858501 -0.544936 3.871190
v -1.995919 -0.563348 3.748570
v -1.745191 -0.011154 2.601508
v -1.732957 -0.122230 2.513279
v -1.893722 -0.116792 2.582441
v -1.715915 -0.670252 2.616289
v -1.866306 -0.579652 2.584579
v -1.721000 -0.581339 2.510071
v -1.556810 -0.697083 -2.401648
v -1.551014 -0.583098 -2.549359
v -1.410942 -0.589885 -2.401739
v -1.503878 -0.133439 -2.523108
v -1.497754 -0.020352 -2.390442
v -1.352307 -0.135463 -2.378444
v -1.535455 -0.701417 -0.690380
v -1.385810 -0.592833 -0.697101
v -1.535201 -0.588882 -0.554164
v -1.473451 -0.024386 -0.681195
v -1.481727 -0.136443 -0.530597
v -1.358421 -0.132684 -0.699468
v -1.818464 -0.682577 -2.389863
v -1.960303 -0.574631 -2.375500
v -1.809715 -0.570809 -2.539274
v -1.763842 0.005259 -2.386021
v -1.766954 -0.118799 -2.532663
v -1.905565 -0.112131 -2.377341
v -1.796674 -0.687237 -0.683219
v -1.784071 -0.575992 -0.529261
v -1.921736 -0.579885 -0.671950
v -1.732904 -0.010186 -0.676568
v -1.875234 -0.114600 -0.643987
v -1.739007 -0.121746 -0.521004
v -1.587124 0.004133 0.591851
v -1.597820 -0.109035 0.698276
v -1.458089 -0.099087 0.613579
v -1.557219 -0.554398 0.673085
v -1.550807 -0.663256 0.599908
v -1.399296 -0.567933 0.612577
v -1.476697 0.003631 -0.428672
v -1.341411 -0.119066 -0.410959
v -1.490040 -0.133953 -0.503973
v -1.462779 -0.684851 -0.416659
v -1.465496 -0.573534 -0.492858
v -1.344991 -0.576865 -0.396668
v -1.844727 -0.005705 0.566905
v -1.994933 -0.113032 0.551625
v -1.845347 -0.111914 0.653786
v -1.833228 -0.681482 0.590856
v -1.835209 -0.560077 0.677605
v -1.973589 -0.578308 0.566968
v -1.735331 -0.024311 -0.453153
v -1.724056 -0.135238 -0.531448
v -1.883728 -0.129927 -0.471518
v -1.706036 -0.683383 -0.438638
v -1.856401 -0.592756 -0.468595
v -1.712207 -0.594310 -0.533456
v -1.572641 -0.683017 0.716453
v -1.566844 -0.569032 0.568741
v -1.426773 -0.575819 0.716361
v -1.519709 -0.119373 0.594993
v -1.513585 -0.006287 0.727658
v -1.368138 -0.121398 0.739657
v -1.551286 -0.687351 2.427721
v -1.401641 -0.578767 2.420999
v -1.551032 -0.574817 2.563936
v -1.489282 -0.010320 2.436905
v -1.497558 -0.122377 2.587504
v -1.374251 -0.118618 2.418633
v -1.834295 -0.668511 0.728237
v -1.976134 -0.560566 0.742601
v -1.825545 -0.556743 0.578826
v -1.779673 0.019325 0.732080
v -1.782785 -0.104733 0.585437
v -1.921396 -0.098066 0.740759
v -1.812505 -0.673171 2.434882
v -1.799902 -0.561926 2.588840
v -1.937567 -0.565820 2.446150
v -1.748735 0.003879 2.441533
v -1.891065 -0.100534 2.474113
v -1.754838 -0.107681 2.597097
v -1.571021 -0.010174 -2.579848
v -1.581717 -0.123343 -2.473423
v -1.441986 -0.113394 -2.558120
v -1.541116 -0.568705 -2.498615
v -1.534704 -0.677564 -2.571791
v -1.383193 -0.582241 -2.559123
v -1.460595 -0.010677 -3.600371
v -1.325308 -0.133373 -3.582658
v -1.473937 -0.148260 -3.675673
v -1.446676 -0.699158 -3.588359
v -1.449393 -0.587841 -3.664557
v -1.328888 -0.591173 -3.568367
v -1.828624 -0.020012 -2.604795
v -1.978830 -0.127339 -2.620075
v -1.829244 -0.126221 -2.517913
v -1.817125 -0.695789 -2.580843
v -1.819106 -0.574385 -2.494094
v -1.957486 -0.592615 -2.604732
v -1.719228 -0.038618 -3.624853
v -1.707953 -0.149546 -3.703147
v -1.867625 -0.144234 -3.643218
v -1.689933 -0.697691 -3.610337
v -1.840299 -0.607063 -3.640295
v -1.696104 -0.608617 -3.705155
v -1.551926 -0.016947 -3.747116
v -1.559679 -0.130544 -3.671036
v -1.422985 -0.120202 -3.727648
v -1.520114 -0.575724 -3.686038
v -1.515778 -0.684261 -3.737600
v -1.364664 -0.588958 -3.724800
v -1.470086 -0.013175 -4.471932
v -1.335043 -0.135885 -4.455074
v -1.485470 -0.150430 -4.525432
v -1.456121 -0.701601 -4.460122
v -1.460882 -0.589985 -4.515004
v -1.338352 -0.593678 -4.443078
v -1.808900 -0.026759 -3.771941
v -1.958790 -0.134053 -3.786518
v -1.807164 -0.133314 -3.709552
v -1.797009 -0.702533 -3.751735
v -1.796561 -0.581507 -3.690423
v -1.937277 -0.599318 -3.773056
v -1.728079 -0.041090 -4.496378
v -1.719045 -0.151673 -4.551449
v -1.876254 -0.146660 -4.513113
v -1.698738 -0.700117 -4.482483
v -1.849129 -0.609425 -4.508355
v -1.707453 -0.610665 -4.550647
v -1.594747 0.021100 4.687154
v -1.602500 -0.092498 4.763234
v -1.465806 -0.082156 4.706623
v -1.562935 -0.537678 4.748233
v -1.558599 -0.646214 4.696671
v -1.407485 -0.550911 4.709471
v -1.512908 0.024871 3.962338
v -1.377864 -0.097839 3.979196
v -1.528291 -0.112384 3.908838
v -1.498942 -0.663554 3.974149
v -1.503703 -0.551939 3.919266
v -1.381173 -0.555632 3.991192
v -1.851721 0.011287 4.662330
v -2.001611 -0.096007 4.647753
v -1.849985 -0.095268 4.724719
v -1.839830 -0.664487 4.682536
v -1.839382 -0.543461 4.743847
v -1.980098 -0.561272 4.661215
v -1.770900 -0.003044 3.937891
v -1.761866 -0.113626 3.882822
v -1.919075 -0.108613 3.921157
v -1.741559 -0.662071 3.951787
v -1.891950 -0.571378 3.925916
v -1.750274 -0.572618 3.883622
v -1.607309 -2.061939 -4.469285
v -1.601513 -1.947954 -4.616997
v -1.461441 -1.954741 -4.469376
v -1.554377 -1.498295 -4.590744
v -1.548253 -1.385209 -4.458079
v -1.402806 -1.500320 -4.446081
v -1.585954 -2.066273 -2.758018
v -1.436309 -1.957689 -2.764739
v -1.585700 -1.953739 -2.621802
v -1.523950 -1.389242 -2.748833
v -1.532226 -1.501299 -2.598234
v -1.408920 -1.497540 -2.767106
v -1.868963 -2.047433 -4.457500
v -2.010802 -1.939487 -4.443136
v -1.860214 -1.935665 -4.606912
v -1.814341 -1.359597 -4.453658
v -1.817454 -1.483655 -4.600300
v -1.956064 -1.476988 -4.444979
v -1.847173 -2.052093 -2.750856
v -1.834570 -1.940848 -2.596899
v -1.972235 -1.944741 -2.739588
v -1.783403 -1.375043 -2.744205
v -1.925733 -1.479456 -2.711625
v -1.789506 -1.486602 -2.588641
v -1.637623 -1.360723 -1.475786
v -1.648319 -1.473891 -1.369362
v -1.508588 -1.463943 -1.454058
v -1.607718 -1.919254 -1.394553
v -1.601306 -2.028113 -1.467730
v -1.449795 -1.932790 -1.455061
v -1.527196 -1.361226 -2.496309
v -1.391910 -1.483922 -2.478597
v -1.540538 -1.498810 -2.571610
v -1.513278 -2.049707 -2.484297
v -1.515995 -1.938391 -2.560495
v -1.395490 -1.941722 -2.464306
v -1.895226 -1.370561 -1.500733
v -2.045432 -1.477888 -1.516013
v -1.895846 -1.476770 -1.413851
v -1.883726 -2.046338 -1.476782
v -1.885708 -1.924934 -1.390032
v -2.024088 -1.943164 -1.500670
v -1.785830 -1.389167 -2.520791
v -1.774555 -1.500095 -2.599085
v -1.934227 -1.494783 -2.539156
v -1.756535 -2.048240 -2.506276
v -1.906900 -1.957612 -2.536233
v -1.762706 -1.959166 -2.601093
v -1.836138 -2.043983 -0.111378
v -1.828583 -1.929186 0.012055
v -1.961481 -1.936445 -0.096565
v -1.845612 -1.483113 -0.022476
v -1.840897 -1.375428 -0.108232
v -1.997447 -1.465889 -0.104597
v -1.864241 -2.058997 -1.301155
v -1.994554 -1.931869 -1.291566
v -1.838294 -1.923231 -1.388016
v -1.845987 -1.369963 -1.291835
v -1.842515 -1.482756 -1.379267
v -1.970135 -1.473976 -1.277096
v -1.577009 -2.042453 -0.120720
v -1.420974 -1.939998 -0.127538
v -1.578260 -1.934670 -0.020641
v -1.557915 -1.365974 -0.097330
v -1.568736 -1.485818 0.003865
v -1.421112 -1.473851 -0.113783
v -1.603253 -2.039389 -1.309974
v -1.602873 -1.929582 -1.402035
v -1.448853 -1.938647 -1.320492
v -1.601933 -1.379245 -1.298774
v -1.454073 -1.474995 -1.321557
v -1.592457 -1.470249 -1.407612
v -1.807118 -1.371191 0.137463
v -1.793445 -1.486502 -0.010883
v -1.940650 -1.488291 0.134527
v -1.791682 -1.936837 0.012291
v -1.791318 -2.048376 0.144230
v -1.949689 -1.944218 0.154540
v -1.907524 -1.350710 1.847863
v -2.044363 -1.469528 1.838233
v -1.901531 -1.461242 1.983447
v -1.894537 -2.028427 1.852562
v -1.905657 -1.914826 2.003823
v -2.020431 -1.929172 1.833053
v -1.545147 -1.366693 0.153274
v -1.392381 -1.463712 0.169299
v -1.534586 -1.480030 0.003195
v -1.523352 -2.054682 0.152692
v -1.527297 -1.932591 0.006789
v -1.395481 -1.927655 0.164201
v -1.645810 -1.345968 1.859047
v -1.653089 -1.455922 2.012180
v -1.509696 -1.443633 1.871717
v -1.634465 -2.023857 1.861185
v -1.505645 -1.909446 1.896529
v -1.647925 -1.910855 2.017373
v -1.553365 -1.358068 2.782763
v -1.559981 -1.472929 2.856592
v -1.433411 -1.469616 2.773560
v -1.567550 -1.919359 2.820245
v -1.582363 -2.026644 2.764722
v -1.421955 -1.941198 2.750568
v -1.589390 -1.340790 2.044872
v -1.465772 -1.472068 2.031271
v -1.626793 -1.475470 1.990432
v -1.641967 -2.029125 2.032847
v -1.644455 -1.916011 1.982537
v -1.512478 -1.929126 2.029884
v -1.811546 -1.351320 2.808436
v -1.972224 -1.448766 2.820212
v -1.810324 -1.459387 2.866972
v -1.863557 -2.027112 2.805568
v -1.841218 -1.907907 2.870239
v -1.994976 -1.914857 2.815161
v -1.850307 -1.352058 2.070570
v -1.861261 -1.461586 2.010564
v -2.009474 -1.447834 2.079911
v -1.884484 -2.012053 2.058486
v -2.027853 -1.911554 2.065160
v -1.895210 -1.920477 1.995051
v -1.864247 -1.330344 3.024188
v -1.859941 -1.440992 2.868749
v -1.999209 -1.446406 3.023109
v -1.862290 -1.891907 2.865067
v -1.856151 -2.007598 2.989826
v -2.012587 -1.902738 3.016659
v -1.872264 -1.363518 4.735163
v -2.010912 -1.481063 4.727534
v -1.860295 -1.478356 4.863241
v -1.867098 -2.041219 4.698896
v -1.868716 -1.932389 4.856968
v -1.992748 -1.940532 4.693611
v -1.601606 -1.328117 3.022986
v -1.449270 -1.426638 3.023169
v -1.600481 -1.436715 2.866144
v -1.588047 -2.015978 2.980276
v -1.598388 -1.889271 2.842472
v -1.458160 -1.890225 2.990850
v -1.610128 -1.360897 4.729387
v -1.610467 -1.475625 4.875846
v -1.474617 -1.459847 4.727283
v -1.606741 -2.038679 4.690668
v -1.474774 -1.926301 4.724168
v -1.610439 -1.930589 4.853765
v -1.824209 -1.353573 4.714833
v -1.828047 -1.238309 4.863942
v -1.968157 -1.248488 4.716088
v -1.867043 -0.789493 4.843132
v -1.871034 -0.677682 4.711834
v -2.018570 -0.795050 4.698283
v -1.844479 -1.373779 3.003371
v -1.992184 -1.267301 3.011269
v -1.842607 -1.262465 2.868520
v -1.894249 -0.697611 3.002393
v -1.887894 -0.810937 2.850424
v -2.011262 -0.807445 3.019228
v -1.562254 -1.335346 4.703487
v -1.418438 -1.225437 4.690583
v -1.569087 -1.222327 4.854265
v -1.604449 -0.648214 4.707992
v -1.603678 -0.770917 4.853133
v -1.464825 -0.763634 4.698020
v -1.582969 -1.355841 2.996644
v -1.593458 -1.246159 2.844021
v -1.455944 -1.246743 2.986811
v -1.634505 -0.679657 2.998199
v -1.494024 -0.782305 2.964483
v -1.630312 -0.792563 2.841267
v -1.779179 -0.678998 1.729720
v -1.770455 -0.792999 1.621916
v -1.910080 -0.784321 1.706600
v -1.819127 -1.238810 1.641628
v -1.827557 -1.347117 1.713474
v -1.977354 -1.254107 1.701816
v -1.890324 -0.671837 2.750197
v -2.027831 -0.796696 2.730849
v -1.879518 -0.808567 2.823837
v -1.916678 -1.360760 2.729760
v -1.912001 -1.248691 2.807327
v -2.032515 -1.254659 2.710968
v -1.521741 -0.684844 1.754806
v -1.373468 -0.789856 1.768927
v -1.522981 -0.791854 1.666622
v -1.545439 -1.361134 1.722587
v -1.541204 -1.240466 1.637316
v -1.403213 -1.255671 1.747878
v -1.632181 -0.695780 2.774599
v -1.645516 -0.806181 2.851533
v -1.485688 -0.799079 2.791824
v -1.673381 -1.355536 2.752002
v -1.521381 -1.262420 2.783219
v -1.665664 -1.265494 2.847920
v -1.592060 -1.371887 0.357068
v -1.597457 -1.258302 0.235022
v -1.464749 -1.262631 0.343694
v -1.572388 -0.811582 0.275021
v -1.575216 -0.703166 0.362094
v -1.420280 -0.791389 0.357511
v -1.565036 -1.375677 1.546774
v -1.432403 -1.246707 1.538867
v -1.588592 -1.239475 1.635273
v -1.570833 -0.686865 1.545852
v -1.576403 -0.798936 1.631909
v -1.448540 -0.789216 1.529966
v -1.851198 -1.374062 0.366170
v -2.005405 -1.273807 0.374084
v -1.847932 -1.267150 0.267402
v -1.858053 -0.697948 0.351023
v -1.849328 -0.818576 0.248368
v -1.996833 -0.807696 0.366022
v -1.825706 -1.359801 1.555572
v -1.824164 -1.249142 1.648980
v -1.978310 -1.261203 1.567165
v -1.815088 -0.699655 1.552434
v -1.964711 -0.797377 1.573900
v -1.826284 -0.789825 1.660158
v -1.608755 -0.701656 0.116400
v -1.624615 -0.815840 0.263334
v -1.477325 -0.816798 0.118039
v -1.634501 -1.266496 0.234655
v -1.636791 -1.379261 0.101344
v -1.476512 -1.272861 0.092465
v -1.506802 -0.695253 -1.593769
v -1.372101 -0.812005 -1.585453
v -1.514701 -0.807126 -1.730719
v -1.532036 -1.373330 -1.606761
v -1.518759 -1.260920 -1.756632
v -1.404346 -1.272038 -1.585911
v -1.870665 -0.701132 0.100380
v -2.025191 -0.800549 0.083015
v -1.883378 -0.813280 0.249075
v -1.904896 -1.389563 0.092536
v -1.898844 -1.266065 0.239944
v -2.030479 -1.264486 0.082449
v -1.768453 -0.694438 -1.605158
v -1.763056 -0.805699 -1.759638
v -1.906339 -0.794227 -1.619159
v -1.792050 -1.372640 -1.615589
v -1.918793 -1.260412 -1.649667
v -1.776439 -1.260840 -1.770394
v -1.860499 -0.716291 -2.529181
v -1.855907 -0.831747 -2.604410
v -1.982489 -0.829530 -2.521459
v -1.856430 -1.277821 -2.573507
v -1.843592 -1.384404 -2.519275
v -2.002485 -1.301158 -2.504239
v -1.824660 -0.691774 -1.790990
v -1.950674 -0.824760 -1.779115
v -1.789724 -0.825438 -1.738154
v -1.784525 -1.379360 -1.787319
v -1.780027 -1.265732 -1.735622
v -1.912224 -1.281209 -1.783265
v -1.602148 -0.705999 -2.554513
v -1.443204 -0.801222 -2.567319
v -1.605283 -0.814637 -2.614376
v -1.562346 -1.381132 -2.559847
v -1.582489 -1.262819 -2.623090
v -1.428877 -1.267021 -2.567938
v -1.563898 -0.699463 -1.816566
v -1.554964 -0.808305 -1.757882
v -1.406438 -0.793014 -1.826918
v -1.541654 -1.358972 -1.812509
v -1.396447 -1.256418 -1.817812
v -1.529315 -1.266645 -1.747940
v -1.548915 -0.686210 -2.769971
v -1.555327 -0.795529 -2.615877
v -1.416035 -0.800311 -2.770175
v -1.561130 -1.246461 -2.617702
v -1.569275 -1.363398 -2.743888
v -1.410908 -1.256474 -2.769285
v -1.540331 -0.734828 -4.481463
v -1.403796 -0.850299 -4.475131
v -1.554290 -0.851027 -4.610963
v -1.557770 -1.412403 -4.453476
v -1.554078 -1.304966 -4.610229
v -1.430289 -1.309812 -4.446836
v -1.811547 -0.687812 -2.769006
v -1.965682 -0.788582 -2.770545
v -1.814742 -0.795022 -2.613480
v -1.837569 -1.375612 -2.734708
v -1.825030 -1.247478 -2.595337
v -1.965191 -1.251832 -2.743878
v -1.802454 -0.735988 -4.475916
v -1.804089 -0.852064 -4.623786
v -1.939771 -0.836918 -4.475159
v -1.818117 -1.413594 -4.445477
v -1.948046 -1.303430 -4.477739
v -1.812354 -1.306912 -4.607263
vn 0.4012 0.6449 0.6505
vn 0.2906 -0.5647 0.7725
vn 0.4868 0.4249 -0.7632
vn 0.5710 -0.4938 -0.6559
vn -0.4899 0.5936 0.6385
vn -0.5170 -0.5437 0.6611
vn -0.3082 0.5707 -0.7612
vn -0.3162 -0.7349 -0.6000
vn 0.0537 0.5697 -0.8201
vn 0.1217 -0.6841 -0.7191
vn -0.1178 0.7022 0.7022
vn 0.0281 -0.6145 0.7885
vn -0.6360 0.0137 0.7715
vn -0.4252 -0.0171 -0.9049
vn 0.6163 -0.0091 -0.7875
vn 0.4853 0.0223 0.8741
vn 0.1458 -0.0031 -0.9893
vn -0.0732 -0.0083 0.9973
vn -0.0713 0.9973 -0.0175
vn -0.5460 -0.8359 -0.0561
vn -0.5729 0.8162 -0.0751
vn 0.5968 -0.8004 0.0557
vn 0.6426 0.7637 0.0623
vn 0.9946 0.0605 0.0841
vn 0.0310 -0.9994 0.0150
vn -0.9927 -0.0542 -0.1078
vn 0.5079 -0.6915 -0.5137
vn 0.5423 0.6269 -0.5594
vn 0.5071 -0.6649 0.5484
vn 0.6403 0.5990 0.4809
vn -0.5498 -0.6531 -0.5208
vn -0.5607 0.6380 -0.5278
vn -0.5262 -0.6682 0.5259
vn -0.4268 0.7428 0.5159
vn -0.0036 -0.7918 0.6108
vn 0.0612 0.8047 0.5906
vn -0.0663 -0.7929 -0.6057
vn 0.0641 0.7597 -0.6471
vn -0.7381 0.0822 -0.6697
vn -0.6954 0.0410 0.7174
vn 0.7502 -0.0817 0.6561
vn 0.7065 -0.0439 -0.7063
vn 0.0657 -0.0421 0.9970
vn 0.0009 0.0363 -0.9993
vn -0.0548 -0.9985 -0.0019
vn -0.6140 0.7891 0.0150
vn -0.6273 -0.7787 0.0088
vn 0.6510 0.7591 -0.0032
vn 0.5895 -0.8077 -0.0097
vn 0.9956 -0.0935 -0.0056
vn 0.0756 0.9971 0.0045
vn -0.9940 0.1079 0.0202
vn 0.3759 0.6157 0.6925
vn 0.2642 -0.5273 0.8076
vn 0.4596 0.3917 -0.7971
vn 0.5445 -0.4647 -0.6983
vn -0.4699 0.5605 0.6819
vn -0.4949 -0.5105 0.7032
vn -0.2814 0.5341 -0.7972
vn -0.2970 -0.7055 -0.6434
vn 0.0585 0.5245 -0.8494
vn 0.1220 -0.6412 -0.7576
vn -0.1186 0.6599 0.7419
vn 0.0177 -0.5699 0.8215
vn -0.5949 0.0140 0.8037
vn -0.3802 -0.0171 -0.9248
vn 0.5754 -0.0097 -0.8178
vn 0.4386 0.0219 0.8984
vn 0.1404 -0.0043 -0.9901
vn -0.0757 -0.0058 0.9971
vn -0.0714 0.9973 -0.0170
vn -0.5463 -0.8356 -0.0580
vn -0.5732 0.8159 -0.0761
vn 0.5975 -0.8001 0.0540
vn 0.6429 0.7633 0.0637
vn 0.9947 0.0605 0.0828
vn 0.0310 -0.9994 0.0147
vn -0.9925 -0.0542 -0.1093
vn 0.2935 0.5180 0.8034
vn 0.1866 -0.4155 0.8903
vn 0.3805 0.2985 -0.8753
vn 0.4607 -0.3757 -0.8041
vn -0.4043 0.4572 0.7921
vn -0.4233 -0.4082 0.8088
vn -0.2019 0.4233 -0.8832
vn -0.2329 -0.6037 -0.7624
vn 0.0702 0.3988 -0.9144
vn 0.1209 -0.5122 -0.8503
vn -0.1186 0.5310 0.8390
vn -0.0108 -0.4414 0.8973
vn -0.4798 0.0144 0.8772
vn -0.2607 -0.0168 -0.9653
vn 0.4626 -0.0112 -0.8865
vn 0.3105 0.0206 0.9504
vn 0.1277 -0.0073 -0.9918
vn -0.0816 -0.0000 0.9967
vn -0.0716 0.9973 -0.0153
vn -0.5465 -0.8350 -0.0651
vn -0.5738 0.8151 -0.0797
vn 0.5989 -0.7994 0.0480
vn 0.6432 0.7626 0.0689
vn 0.9951 0.0603 0.0778
vn 0.0311 -0.9994 0.0136
vn -0.9919 -0.0542 -0.1150
vn 0.7065 -0.0440 -0.7063
vn -0.4694 -0.6321 0.6166
vn -0.3281 0.5972 0.7319
vn -0.4615 -0.4138 -0.7847
vn -0.5135 0.5158 -0.6858
vn 0.4305 -0.6115 0.6639
vn 0.5012 0.5314 0.6829
vn 0.3450 -0.6037 -0.7187
vn 0.3813 0.7253 -0.5732
vn -0.0215 -0.5872 -0.8091
vn -0.0560 0.6907 -0.7209
vn 0.0526 -0.7083 0.7039
vn -0.0588 0.6361 0.7693
vn 0.5931 -0.0397 0.8042
vn 0.4969 -0.0090 -0.8677
vn -0.5729 0.0340 -0.8189
vn -0.5564 0.0064 0.8309
vn -0.0870 0.0041 -0.9962
vn 0.0122 0.0113 0.9999
vn 0.0407 -0.9992 0.0041
vn 0.5795 0.8146 -0.0234
vn 0.5471 -0.8370 -0.0140
vn -0.5698 0.8218 -0.0063
vn -0.6750 -0.7375 0.0205
vn -0.9999 -0.0125 0.0025
vn -0.0003 1.0000 -0.0033
vn 0.9997 0.0061 -0.0253
vn -0.5460 0.6363 -0.5449
vn -0.4784 -0.6713 -0.5662
vn -0.5764 0.6207 0.5315
vn -0.5938 -0.6637 0.4548
vn 0.5014 0.7071 -0.4987
vn 0.6294 -0.5875 -0.5086
vn 0.4603 0.7106 0.5321
vn 0.4689 -0.6959 0.5439
vn -0.0630 0.7933 0.6056
vn -0.0121 -0.8054 0.5926
vn 0.0181 0.7944 -0.6072
vn 0.0006 -0.7654 -0.6436
vn 0.7629 0.0045 -0.6465
vn 0.6738 0.0308 0.7383
vn -0.7748 -0.0063 0.6321
vn -0.6851 -0.0292 -0.7279
vn -0.0837 0.0279 0.9961
vn 0.0170 -0.0295 -0.9994
vn -0.0170 0.9998 -0.0131
vn 0.6789 -0.7323 0.0541
vn 0.5569 0.8302 0.0257
vn -0.5813 -0.8134 -0.0215
vn -0.6554 0.7537 -0.0479
vn -0.9985 -0.0171 -0.0513
vn -0.0038 -0.9999 0.0146
vn 0.9978 0.0024 0.0661
vn 0.4802 0.4545 0.7502
vn 0.3227 -0.4698 0.8217
vn 0.2276 0.3099 -0.9231
vn 0.2774 -0.3853 -0.8801
vn -0.2178 0.4629 0.8592
vn -0.2904 -0.4137 0.8629
vn -0.3354 0.4782 -0.8117
vn -0.4190 -0.5497 -0.7227
vn -0.0806 0.4360 -0.8963
vn -0.0797 -0.4881 -0.8691
vn 0.0811 0.5074 0.8579
vn 0.1323 -0.4815 0.8664
vn -0.3068 0.0161 0.9516
vn -0.4405 0.0544 -0.8961
vn 0.2879 -0.0107 -0.9576
vn 0.4858 -0.0543 0.8724
vn -0.0665 0.0298 -0.9973
vn 0.1124 -0.0415 0.9928
vn -0.0076 0.9999 0.0116
vn -0.6117 -0.7910 0.0123
vn -0.5156 0.8564 0.0266
vn 0.5353 -0.8425 -0.0609
vn 0.7046 0.7092 -0.0254
vn 0.9958 -0.0356 -0.0839
vn -0.0325 -0.9994 -0.0067
vn -0.9980 0.0431 0.0471
vn -0.5668 0.6637 -0.4881
vn -0.5241 -0.6372 -0.5651
vn -0.5413 0.6003 0.5888
vn -0.5659 -0.6818 0.4636
vn 0.4707 0.7269 -0.5000
vn 0.5963 -0.5682 -0.5672
vn 0.5043 0.6792 0.5332
vn 0.4901 -0.7214 0.4892
vn -0.0166 0.7667 0.6418
vn 0.0193 -0.8284 0.5598
vn -0.0144 0.8182 -0.5747
vn -0.0488 -0.7354 -0.6759
vn 0.7224 0.0368 -0.6905
vn 0.7162 -0.0192 0.6977
vn -0.7353 -0.0376 0.6767
vn -0.7267 0.0203 -0.6867
vn -0.0182 -0.0310 0.9994
vn -0.0485 0.0302 -0.9984
vn -0.0090 0.9998 0.0193
vn 0.6733 -0.7393 -0.0057
vn 0.5657 0.8244 0.0216
vn -0.5896 -0.8075 -0.0155
vn -0.6495 0.7603 0.0113
vn -1.0000 -0.0053 0.0023
vn -0.0116 -0.9998 -0.0166
vn 0.9999 -0.0102 0.0120
vn -0.5001 -0.6913 0.5215
vn -0.5499 0.6276 0.5512
vn -0.5065 -0.6615 -0.5531
vn -0.6368 0.6051 -0.4779
vn 0.5485 -0.6569 0.5173
vn 0.5616 0.6333 0.5325
vn 0.5342 -0.6686 -0.5172
vn 0.4173 0.7430 -0.5234
vn 0.0159 -0.7925 -0.6097
vn -0.0717 0.8035 -0.5909
vn 0.0765 -0.7920 0.6057
vn -0.0764 0.7597 0.6458
vn 0.7385 0.0609 0.6715
vn 0.6957 0.0372 -0.7174
vn -0.7507 -0.0603 -0.6579
vn -0.7068 -0.0398 0.7063
vn -0.0643 -0.0288 -0.9975
vn -0.0022 0.0242 0.9997
vn 0.0693 -0.9975 0.0110
vn 0.6120 0.7905 -0.0220
vn 0.6287 -0.7776 -0.0012
vn -0.6516 0.7586 -0.0042
vn -0.5867 -0.8096 0.0169
vn -0.9971 -0.0758 0.0056
vn -0.0899 0.9959 -0.0136
vn 0.9957 0.0905 -0.0204
vn -0.3781 0.6206 -0.6869
vn -0.2594 -0.5198 -0.8140
vn -0.4664 0.3906 0.7937
vn -0.5391 -0.4640 0.7029
vn 0.4625 0.5607 -0.6869
vn 0.5027 -0.5106 -0.6976
vn 0.2769 0.5267 0.8037
vn 0.3018 -0.7071 0.6395
vn -0.0674 0.5196 0.8517
vn -0.1124 -0.6432 0.7574
vn 0.1087 0.6616 -0.7419
vn -0.0088 -0.5654 -0.8247
vn 0.5954 0.0130 -0.8033
vn 0.3794 -0.0352 0.9246
vn -0.5760 -0.0093 0.8174
vn -0.4378 0.0408 -0.8982
vn -0.1412 -0.0139 0.9899
vn 0.0767 0.0050 -0.9970
vn 0.0569 0.9983 0.0080
vn 0.5496 -0.8329 0.0650
vn 0.5707 0.8181 0.0703
vn -0.5956 -0.8019 -0.0480
vn -0.6430 0.7627 -0.0700
vn -0.9933 0.0793 -0.0840
vn -0.0164 -0.9998 -0.0057
vn 0.9912 -0.0733 0.1104
vn 0.4785 -0.6321 -0.6095
vn 0.3191 0.5985 -0.7348
vn 0.4608 -0.4262 0.7785
vn 0.5137 0.5063 0.6926
vn -0.4284 -0.6061 -0.6702
vn -0.5002 0.5399 -0.6770
vn -0.3359 -0.6048 0.7221
vn -0.3923 0.7250 0.5661
vn 0.0292 -0.5913 0.8059
vn 0.0458 0.6891 0.7232
vn -0.0422 -0.7072 -0.7058
vn 0.0497 0.6386 -0.7679
vn -0.5926 -0.0192 -0.8053
vn -0.4976 -0.0106 0.8674
vn 0.5724 0.0137 0.8199
vn 0.5570 0.0065 -0.8305
vn 0.0861 -0.0096 0.9962
vn -0.0116 0.0237 -0.9997
vn -0.0262 -0.9996 0.0050
vn -0.5826 0.8126 0.0153
vn -0.5428 -0.8396 0.0214
vn 0.5664 0.8241 -0.0007
vn 0.6750 -0.7377 -0.0131
vn 0.9995 -0.0305 -0.0015
vn -0.0143 0.9999 -0.0058
vn -0.9994 0.0239 0.0244
vn 0.5465 0.6316 0.5499
vn 0.4788 -0.6743 0.5622
vn 0.5704 0.6197 -0.5391
vn 0.5999 -0.6646 -0.4453
vn -0.5100 0.7072 0.4897
vn -0.6248 -0.5857 0.5163
vn -0.4616 0.7121 -0.5290
vn -0.4670 -0.6938 -0.5482
vn 0.0515 0.7927 -0.6074
vn 0.0246 -0.8063 -0.5910
vn -0.0305 0.7951 0.6058
vn 0.0099 -0.7652 0.6437
vn -0.7635 0.0105 0.6457
vn -0.6728 0.0519 -0.7380
vn 0.7754 -0.0126 -0.6313
vn 0.6841 -0.0504 0.7277
vn 0.0841 0.0386 -0.9957
vn -0.0174 -0.0413 0.9990
vn 0.0023 1.0000 0.0040
vn -0.6797 -0.7318 -0.0488
vn -0.5603 0.8276 -0.0332
vn 0.5839 -0.8113 0.0289
vn 0.6555 0.7540 0.0423
vn 0.9980 -0.0357 0.0523
vn 0.0184 -0.9998 -0.0055
vn -0.9975 0.0213 -0.0669
vn -0.4793 0.4657 -0.7439
vn -0.3194 -0.4600 -0.8285
vn -0.2338 0.3040 0.9236
vn -0.2715 -0.3896 0.8800
vn 0.2107 0.4671 -0.8587
vn 0.2983 -0.4100 -0.8620
vn 0.3322 0.4686 0.8186
vn 0.4197 -0.5572 0.7165
vn 0.0742 0.4277 0.9009
vn 0.0852 -0.4951 0.8647
vn -0.0869 0.5139 -0.8534
vn -0.1259 -0.4738 -0.8716
vn 0.3074 0.0222 -0.9513
vn 0.4398 0.0355 0.8974
vn -0.2885 -0.0172 0.9573
vn -0.4851 -0.0350 -0.8737
vn 0.0653 0.0164 0.9977
vn -0.1111 -0.0274 -0.9934
vn -0.0070 0.9998 -0.0207
vn 0.6137 -0.7896 -0.0045
vn 0.5102 0.8594 -0.0345
vn -0.5303 -0.8450 0.0690
vn -0.7037 0.7102 0.0181
vn -0.9963 -0.0186 0.0834
vn 0.0471 -0.9988 0.0158
vn 0.9986 0.0257 -0.0467
vn 0.5676 0.6602 0.4920
vn 0.5232 -0.6417 0.5609
vn 0.5347 0.5995 -0.5956
vn 0.5728 -0.6824 -0.4542
vn -0.4801 0.7268 0.4912
vn -0.5909 -0.5667 0.5742
vn -0.5042 0.6820 -0.5298
vn -0.4885 -0.7203 -0.4924
vn 0.0058 0.7665 -0.6422
vn -0.0068 -0.8298 -0.5580
vn 0.0020 0.8195 0.5731
vn 0.0583 -0.7359 0.6746
vn -0.7233 0.0415 0.6893
vn -0.7157 0.0023 -0.6984
vn 0.7362 -0.0426 -0.6754
vn 0.7262 -0.0012 0.6874
vn 0.0195 -0.0192 -0.9996
vn 0.0472 0.0172 0.9987
vn -0.0056 0.9996 -0.0283
vn -0.6734 -0.7392 0.0121
vn -0.5688 0.8220 -0.0291
vn 0.5920 -0.8056 0.0230
vn 0.6487 0.7608 -0.0180
vn 0.9997 -0.0234 -0.0014
vn 0.0262 -0.9993 0.0257
vn -0.9999 0.0080 -0.0128
vt 0.189680 0.731091
vt 0.189680 0.750000
vt 0.125000 0.731091
vt 0.583672 0.000000
vt 0.625000 0.018909
vt 0.583672 0.018909
vt 0.189680 0.518909
vt 0.125000 0.518909
vt 0.189680 0.500000
vt 0.625000 0.231091
vt 0.583672 0.250000
vt 0.583672 0.231091
vt 0.310320 0.731091
vt 0.375000 0.731091
vt 0.310320 0.750000
vt 0.625000 0.814680
vt 0.583672 0.814680
vt 0.583672 0.750000
vt 0.310320 0.518909
vt 0.310320 0.500000
vt 0.375000 0.518909
vt 0.625000 0.435320
vt 0.583672 0.500000
vt 0.583672 0.435320
vt 0.625000 0.314680
vt 0.583672 0.314680
vt 0.310320 0.750000
vt 0.625000 0.935320
vt 0.583672 0.935320
vt 0.416328 0.814680
vt 0.416328 0.731091
vt 0.583672 0.731091
vt 0.583672 0.518909
vt 0.416328 0.518909
vt 0.416328 0.435320
vt 0.416328 0.314680
vt 0.416328 0.231091
vt 0.416328 0.000000
vt 0.416328 0.018909
vt 0.416328 0.935320
vt 0.689680 0.518909
vt 0.689680 0.731091
vt 0.810320 0.518909
vt 0.810320 0.731091
s 0
usemtl stones
f 214/94/130 215/95/130 216/96/130
f 217/97/131 218/98/131 219/99/131
f 220/100/132 221/101/132 222/102/132
f 223/103/133 224/104/133 225/105/133
f 226/106/134 227/107/134 228/108/134
f 229/109/135 230/110/135 231/111/135
f 232/112/136 233/113/136 234/114/136
f 235/115/137 236/116/137 237/117/137
f 232/112/138 220/100/138 222/102/138 233/113/138
f 223/118/139 235/115/139 237/117/139 224/119/139
f 214/94/140 226/106/140 228/120/140 215/95/140
f 229/109/141 218/121/141 217/122/141 230/110/141
f 230/110/142 228/123/142 227/124/142 231/125/142
f 236/126/143 234/127/143 233/128/143 237/117/143
f 224/119/144 222/129/144 221/130/144 225/105/144
f 215/131/145 217/97/145 219/99/145 216/132/145
f 222/129/146 224/119/146 237/117/146 233/128/146
f 228/123/147 230/110/147 217/122/147 215/133/147
f 232/112/148 226/106/148 214/94/148 220/100/148
f 235/134/149 229/135/149 231/125/149 236/126/149
f 226/106/150 232/112/150 234/127/150 227/124/150
f 218/98/151 223/103/151 225/105/151 219/99/151
f 220/100/152 214/94/152 216/96/152 221/101/152
f 221/130/153 216/132/153 219/99/153 225/105/153
f 223/136/154 218/137/154 229/135/154 235/134/154
f 227/124/155 234/127/155 236/126/155 231/125/155
f 238/94/156 239/95/156 240/96/156
f 241/97/157 242/98/157 243/99/157
f 244/100/158 245/101/158 246/102/158
f 247/103/159 248/104/159 249/105/159
f 250/106/160 251/107/160 252/108/160
f 253/109/161 254/110/161 255/111/161
f 256/112/162 257/113/162 258/114/162
f 259/115/163 260/116/163 261/117/163
f 256/112/164 244/100/164 246/102/164 257/113/164
f 247/118/165 259/115/165 261/117/165 248/119/165
f 238/94/166 250/106/166 252/120/166 239/95/166
f 253/109/167 242/121/167 241/122/167 254/110/167
f 254/110/168 252/123/168 251/124/168 255/125/168
f 260/126/169 258/127/169 257/128/169 261/117/169
f 248/119/170 246/129/170 245/130/170 249/105/170
f 239/131/171 241/97/171 243/99/171 240/132/171
f 246/129/172 248/119/172 261/117/172 257/128/172
f 252/123/173 254/110/173 241/122/173 239/133/173
f 256/112/174 250/106/174 238/94/174 244/100/174
f 259/134/175 253/135/175 255/125/175 260/126/175
f 250/106/176 256/112/176 258/127/176 251/124/176
f 242/98/177 247/103/177 249/105/177 243/99/177
f 244/100/178 238/94/178 240/96/178 245/101/178
f 245/130/179 240/132/179 243/99/179 249/105/179
f 247/136/180 242/137/180 253/135/180 259/134/180
f 251/124/181 258/127/181 260/126/181 255/125/181
f 262/94/182 263/95/182 264/96/182
f 265/97/183 266/98/183 267/99/183
f 268/100/184 269/101/184 270/102/184
f 271/103/185 272/104/185 273/105/185
f 274/106/186 275/107/186 276/108/186
f 277/109/187 278/110/187 279/111/187
f 280/112/188 281/113/188 282/114/188
f 283/115/189 284/116/189 285/117/189
f 280/112/190 268/100/190 270/102/190 281/113/190
f 271/118/191 283/115/191 285/117/191 272/119/191
f 262/94/192 274/106/192 276/120/192 263/95/192
f 277/109/193 266/121/193 265/122/193 278/110/193
f 278/110/194 276/123/194 275/124/194 279/125/194
f 284/126/195 282/127/195 281/128/195 285/117/195
f 272/119/196 270/129/196 269/130/196 273/105/196
f 263/131/197 265/97/197 267/99/197 264/132/197
f 270/129/198 272/119/198 285/117/198 281/128/198
f 276/123/199 278/110/199 265/122/199 263/133/199
f 280/112/200 274/106/200 262/94/200 268/100/200
f 283/134/201 277/135/201 279/125/201 284/126/201
f 274/106/202 280/112/202 282/127/202 275/124/202
f 266/98/203 271/103/203 273/105/203 267/99/203
f 268/100/204 262/94/204 264/96/204 269/101/204
f 269/130/205 264/132/205 267/99/205 273/105/205
f 271/136/206 266/137/206 277/135/206 283/134/206
f 275/124/207 282/127/207 284/126/207 279/125/207
f 286/94/156 287/95/156 288/96/156
f 289/97/157 290/98/157 291/99/157
f 292/100/158 293/101/158 294/102/158
f 295/103/159 296/104/159 297/105/159
f 298/106/160 299/107/160 300/108/160
f 301/109/161 302/110/161 303/111/161
f 304/112/162 305/113/162 306/114/162
f 307/115/163 308/116/163 309/117/163
f 304/112/164 292/100/164 294/102/164 305/113/164
f 295/118/165 307/115/165 309/117/165 296/119/165
f 286/94/166 298/106/166 300/120/166 287/95/166
f 301/109/167 290/121/167 289/122/167 302/110/167
f 302/110/168 300/123/168 299/124/168 303/125/168
f 308/126/169 306/127/169 305/128/169 309/117/169
f 296/119/170 294/129/170 293/130/170 297/105/170
f 287/131/171 289/97/171 291/99/171 288/132/171
f 294/129/172 296/119/172 309/117/172 305/128/172
f 300/123/173 302/110/173 289/122/173 287/133/173
f 304/112/174 298/106/174 286/94/174 292/100/174
f 307/134/175 301/135/175 303/125/175 308/126/175
f 298/106/176 304/112/176 306/127/176 299/124/176
f 290/98/177 295/103/177 297/105/177 291/99/177
f 292/100/178 286/94/178 288/96/178 293/101/178
f 293/130/179 288/132/179 291/99/179 297/105/179
f 295/136/180 290/137/180 301/135/180 307/134/180
f 299/124/181 306/127/181 308/126/181 303/125/181
f 310/94/182 311/95/182 312/96/182
f 313/97/183 314/98/183 315/99/183
f 316/100/184 317/101/184 318/102/184
f 319/103/185 320/104/185 321/105/185
f 322/106/186 323/107/186 324/108/186
f 325/109/187 326/110/187 327/111/187
f 328/112/188 329/113/188 330/114/188
f 331/115/189 332/116/189 333/117/189
f 328/112/190 316/100/190 318/102/190 329/113/190
f 319/118/191 331/115/191 333/117/191 320/119/191
f 310/94/192 322/106/192 324/120/192 311/95/192
f 325/109/193 314/121/193 313/122/193 326/110/193
f 326/110/194 324/123/194 323/124/194 327/125/194
f 332/126/195 330/127/195 329/128/195 333/117/195
f 320/119/196 318/129/196 317/130/196 321/105/196
f 311/131/197 313/97/197 315/99/197 312/132/197
f 318/129/198 320/119/198 333/117/198 329/128/198
f 324/123/199 326/110/199 313/122/199 311/133/199
f 328/112/200 322/106/200 310/94/200 316/100/200
f 331/134/201 325/135/201 327/125/201 332/126/201
f 322/106/202 328/112/202 330/127/202 323/124/202
f 314/98/203 319/103/203 321/105/203 315/99/203
f 316/100/204 310/94/204 312/96/204 317/101/204
f 317/130/205 312/132/205 315/99/205 321/105/205
f 319/136/206 314/137/206 325/135/206 331/134/206
f 323/124/207 330/127/207 332/126/207 327/125/207
f 334/94/208 335/95/208 336/96/208
f 337/97/209 338/98/209 339/99/209
f 340/100/210 341/101/210 342/102/210
f 343/103/211 344/104/211 345/105/211
f 346/106/212 347/107/212 348/108/212
f 349/109/213 350/110/213 351/111/213
f 352/112/214 353/113/214 354/114/214
f 355/115/215 356/116/215 357/117/215
f 352/112/216 340/100/216 342/102/216 353/113/216
f 343/118/217 355/115/217 357/117/217 344/119/217
f 334/94/218 346/106/218 348/120/218 335/95/218
f 349/109/219 338/121/219 337/122/219 350/110/219
f 350/110/220 348/123/220 347/124/220 351/125/220
f 356/126/221 354/127/221 353/128/221 357/117/221
f 344/119/222 342/129/222 341/130/222 345/105/222
f 335/131/223 337/97/223 339/99/223 336/132/223
f 342/129/224 344/119/224 357/117/224 353/128/224
f 348/123/225 350/110/225 337/122/225 335/133/225
f 352/112/226 346/106/226 334/94/226 340/100/226
f 355/134/227 349/135/227 351/125/227 356/126/227
f 346/106/228 352/112/228 354/127/228 347/124/228
f 338/98/229 343/103/229 345/105/229 339/99/229
f 340/100/230 334/94/230 336/96/230 341/101/230
f 341/130/231 336/132/231 339/99/231 345/105/231
f 343/136/232 338/137/232 349/135/232 355/134/232
f 347/124/233 354/127/233 356/126/233 351/125/233
f 358/94/208 359/95/208 360/96/208
f 361/97/209 362/98/209 363/99/209
f 364/100/210 365/101/210 366/102/210
f 367/103/211 368/104/211 369/105/211
f 370/106/212 371/107/212 372/108/212
f 373/109/213 374/110/213 375/111/213
f 376/112/214 377/113/214 378/114/214
f 379/115/215 380/116/215 381/117/215
f 376/112/216 364/100/216 366/102/216 377/113/216
f 367/118/217 379/115/217 381/117/217 368/119/217
f 358/94/218 370/106/218 372/120/218 359/95/218
f 373/109/219 362/121/219 361/122/219 374/110/219
f 374/110/220 372/123/220 371/124/220 375/125/220
f 380/126/221 378/127/221 377/128/221 381/117/221
f 368/119/222 366/129/222 365/130/222 369/105/222
f 359/131/223 361/97/223 363/99/223 360/132/223
f 366/129/224 368/119/224 381/117/224 377/128/224
f 372/123/225 374/110/225 361/122/225 359/133/225
f 376/112/226 370/106/226 358/94/226 364/100/226
f 379/134/227 373/135/227 375/125/227 380/126/227
f 370/106/228 376/112/228 378/127/228 371/124/228
f 362/98/229 367/103/229 369/105/229 363/99/229
f 364/100/230 358/94/230 360/96/230 365/101/230
f 365/130/231 360/132/231 363/99/231 369/105/231
f 367/136/232 362/137/232 373/135/232 379/134/232
f 371/124/233 378/127/233 380/126/233 375/125/233
f 382/94/156 383/95/156 384/96/156
f 385/97/157 386/98/157 387/99/157
f 388/100/158 389/101/158 390/102/158
f 391/103/159 392/104/159 393/105/159
f 394/106/160 395/107/160 396/108/160
f 397/109/161 398/110/161 399/111/161
f 400/112/162 401/113/162 402/114/162
f 403/115/163 404/116/163 405/117/163
f 400/112/164 388/100/164 390/102/164 401/113/164
f 391/118/165 403/115/165 405/117/165 392/119/165
f 382/94/166 394/106/166 396/120/166 383/95/166
f 397/109/167 386/121/167 385/122/167 398/110/167
f 398/110/168 396/123/168 395/124/168 399/125/168
f 404/126/169 402/127/169 401/128/169 405/117/169
f 392/119/170 390/129/170 389/130/170 393/105/170
f 383/131/234 385/97/234 387/99/234 384/132/234
f 390/129/172 392/119/172 405/117/172 401/128/172
f 396/123/173 398/110/173 385/122/173 383/133/173
f 400/112/174 394/106/174 382/94/174 388/100/174
f 403/134/175 397/135/175 399/125/175 404/126/175
f 394/106/176 400/112/176 402/127/176 395/124/176
f 386/98/177 391/103/177 393/105/177 387/99/177
f 388/100/178 382/94/178 384/96/178 389/101/178
f 389/130/179 384/132/179 387/99/179 393/105/179
f 391/136/180 386/137/180 397/135/180 403/134/180
f 395/124/181 402/127/181 404/126/181 399/125/181
f 406/94/182 407/95/182 408/96/182
f 409/97/183 410/98/183 411/99/183
f 412/100/184 413/101/184 414/102/184
f 415/103/185 416/104/185 417/105/185
f 418/106/186 419/107/186 420/108/186
f 421/109/187 422/110/187 423/111/187
f 424/112/188 425/113/188 426/114/188
f 427/115/189 428/116/189 429/117/189
f 424/112/190 412/100/190 414/102/190 425/113/190
f 415/118/191 427/115/191 429/117/191 416/119/191
f 406/94/192 418/106/192 420/120/192 407/95/192
f 421/109/193 410/121/193 409/122/193 422/110/193
f 422/110/194 420/123/194 419/124/194 423/125/194
f 428/126/195 426/127/195 425/128/195 429/117/195
f 416/119/196 414/129/196 413/130/196 417/105/196
f 407/131/197 409/97/197 411/99/197 408/132/197
f 414/129/198 416/119/198 429/117/198 425/128/198
f 420/123/199 422/110/199 409/122/199 407/133/199
f 424/112/200 418/106/200 406/94/200 412/100/200
f 427/134/201 421/135/201 423/125/201 428/126/201
f 418/106/202 424/112/202 426/127/202 419/124/202
f 410/98/203 415/103/203 417/105/203 411/99/203
f 412/100/204 406/94/204 408/96/204 413/101/204
f 413/130/205 408/132/205 411/99/205 417/105/205
f 415/136/206 410/137/206 421/135/206 427/134/206
f 419/124/207 426/127/207 428/126/207 423/125/207
f 430/94/235 431/95/235 432/96/235
f 433/97/236 434/98/236 435/99/236
f 436/100/237 437/101/237 438/102/237
f 439/103/238 440/104/238 441/105/238
f 442/106/239 443/107/239 444/108/239
f 445/109/240 446/110/240 447/111/240
f 448/112/241 449/113/241 450/114/241
f 451/115/242 452/116/242 453/117/242
f 448/112/243 436/100/243 438/102/243 449/113/243
f 439/118/244 451/115/244 453/117/244 440/119/244
f 430/94/245 442/106/245 444/120/245 431/95/245
f 445/109/246 434/121/246 433/122/246 446/110/246
f 446/110/247 444/123/247 443/124/247 447/125/247
f 452/126/248 450/127/248 449/128/248 453/117/248
f 440/119/249 438/129/249 437/130/249 441/105/249
f 431/131/250 433/97/250 435/99/250 432/132/250
f 438/129/251 440/119/251 453/117/251 449/128/251
f 444/123/252 446/110/252 433/122/252 431/133/252
f 448/112/253 442/106/253 430/94/253 436/100/253
f 451/134/254 445/135/254 447/125/254 452/126/254
f 442/106/255 448/112/255 450/127/255 443/124/255
f 434/98/256 439/103/256 441/105/256 435/99/256
f 436/100/257 430/94/257 432/96/257 437/101/257
f 437/130/258 432/132/258 435/99/258 441/105/258
f 439/136/259 434/137/259 445/135/259 451/134/259
f 443/124/260 450/127/260 452/126/260 447/125/260
f 454/94/261 455/95/261 456/96/261
f 457/97/262 458/98/262 459/99/262
f 460/100/263 461/101/263 462/102/263
f 463/103/264 464/104/264 465/105/264
f 466/106/265 467/107/265 468/108/265
f 469/109/266 470/110/266 471/111/266
f 472/112/267 473/113/267 474/114/267
f 475/115/268 476/116/268 477/117/268
f 472/112/269 460/100/269 462/102/269 473/113/269
f 463/118/270 475/115/270 477/117/270 464/119/270
f 454/94/271 466/106/271 468/120/271 455/95/271
f 469/109/272 458/121/272 457/122/272 470/110/272
f 470/110/273 468/123/273 467/124/273 471/125/273
f 476/126/274 474/127/274 473/128/274 477/117/274
f 464/119/275 462/129/275 461/130/275 465/105/275
f 455/131/276 457/97/276 459/99/276 456/132/276
f 462/129/277 464/119/277 477/117/277 473/128/277
f 468/123/278 470/110/278 457/122/278 455/133/278
f 472/112/279 466/106/279 454/94/279 460/100/279
f 475/134/280 469/135/280 471/125/280 476/126/280
f 466/106/281 472/112/281 474/127/281 467/124/281
f 458/98/282 463/103/282 465/105/282 459/99/282
f 460/100/283 454/94/283 456/96/283 461/101/283
f 461/130/284 456/132/284 459/99/284 465/105/284
f 463/136/285 458/137/285 469/135/285 475/134/285
f 467/124/286 474/127/286 476/126/286 471/125/286
f 478/94/287 479/95/287 480/96/287
f 481/97/288 482/98/288 483/99/288
f 484/100/289 485/101/289 486/102/289
f 487/103/290 488/104/290 489/105/290
f 490/106/291 491/107/291 492/108/291
f 493/109/292 494/110/292 495/111/292
f 496/112/293 497/113/293 498/114/293
f 499/115/294 500/116/294 501/117/294
f 496/112/295 484/100/295 486/102/295 497/113/295
f 487/118/296 499/115/296 501/117/296 488/119/296
f 478/94/297 490/106/297 492/120/297 479/95/297
f 493/109/298 482/121/298 481/122/298 494/110/298
f 494/110/299 492/123/299 491/124/299 495/125/299
f 500/126/300 498/127/300 497/128/300 501/117/300
f 488/119/301 486/129/301 485/130/301 489/105/301
f 479/131/302 481/97/302 483/99/302 480/132/302
f 486/129/303 488/119/303 501/117/303 497/128/303
f 492/123/304 494/110/304 481/122/304 479/133/304
f 496/112/305 490/106/305 478/94/305 484/100/305
f 499/134/306 493/135/306 495/125/306 500/126/306
f 490/106/307 496/112/307 498/127/307 491/124/307
f 482/98/308 487/103/308 489/105/308 483/99/308
f 484/100/309 478/94/309 480/96/309 485/101/309
f 485/130/310 480/132/310 483/99/310 489/105/310
f 487/136/311 482/137/311 493/135/311 499/134/311
f 491/124/312 498/127/312 500/126/312 495/125/312
f 502/94/313 503/95/313 504/96/313
f 505/97/314 506/98/314 507/99/314
f 508/100/315 509/101/315 510/102/315
f 511/103/316 512/104/316 513/105/316
f 514/106/317 515/107/317 516/108/317
f 517/109/318 518/110/318 519/111/318
f 520/112/319 521/113/319 522/114/319
f 523/115/320 524/116/320 525/117/320
f 520/112/321 508/100/321 510/102/321 521/113/321
f 511/118/322 523/115/322 525/117/322 512/119/322
f 502/94/323 514/106/323 516/120/323 503/95/323
f 517/109/324 506/121/324 505/122/324 518/110/324
f 518/110/325 516/123/325 515/124/325 519/125/325
f 524/126/326 522/127/326 521/128/326 525/117/326
f 512/119/327 510/129/327 509/130/327 513/105/327
f 503/131/328 505/97/328 507/99/328 504/132/328
f 510/129/329 512/119/329 525/117/329 521/128/329
f 516/123/330 518/110/330 505/122/330 503/133/330
f 520/112/331 514/106/331 502/94/331 508/100/331
f 523/134/332 517/135/332 519/125/332 524/126/332
f 514/106/333 520/112/333 522/127/333 515/124/333
f 506/98/334 511/103/334 513/105/334 507/99/334
f 508/100/335 502/94/335 504/96/335 509/101/335
f 509/130/336 504/132/336 507/99/336 513/105/336
f 511/136/337 506/137/337 517/135/337 523/134/337
f 515/124/338 522/127/338 524/126/338 519/125/338
f 526/94/339 527/95/339 528/96/339
f 529/97/340 530/98/340 531/99/340
f 532/100/341 533/101/341 534/102/341
f 535/103/342 536/104/342 537/105/342
f 538/106/343 539/107/343 540/108/343
f 541/109/344 542/110/344 543/111/344
f 544/112/345 545/113/345 546/114/345
f 547/115/346 548/116/346 549/117/346
f 544/112/347 532/100/347 534/102/347 545/113/347
f 535/118/348 547/115/348 549/117/348 536/119/348
f 526/94/349 538/106/349 540/120/349 527/95/349
f 541/109/350 530/121/350 529/122/350 542/110/350
f 542/110/351 540/123/351 539/124/351 543/125/351
f 548/126/352 546/127/352 545/128/352 549/117/352
f 536/119/353 534/129/353 533/130/353 537/105/353
f 527/131/354 529/97/354 531/99/354 528/132/354
f 534/129/355 536/119/355 549/117/355 545/128/355
f 540/123/356 542/110/356 529/122/356 527/133/356
f 544/112/357 538/106/357 526/94/357 532/100/357
f 547/134/358 541/135/358 543/125/358 548/126/358
f 538/106/359 544/112/359 546/127/359 539/124/359
f 530/98/360 535/103/360 537/105/360 531/99/360
f 532/100/361 526/94/361 528/96/361 533/101/361
f 533/130/362 528/132/362 531/99/362 537/105/362
f 535/136/363 530/137/363 541/135/363 547/134/363
f 539/124/364 546/127/364 548/126/364 543/125/364
f 550/94/365 551/95/365 552/96/365
f 553/97/366 554/98/366 555/99/366
f 556/100/367 557/101/367 558/102/367
f 559/103/368 560/104/368 561/105/368
f 562/106/369 563/107/369 564/108/369
f 565/109/370 566/110/370 567/111/370
f 568/112/371 569/113/371 570/114/371
f 571/115/372 572/116/372 573/117/372
f 568/112/373 556/100/373 558/102/373 569/113/373
f 559/118/374 571/115/374 573/117/374 560/119/374
f 550/94/375 562/106/375 564/120/375 551/95/375
f 565/109/376 554/121/376 553/122/376 566/110/376
f 566/110/377 564/123/377 563/124/377 567/125/377
f 572/126/378 570/127/378 569/128/378 573/117/378
f 560/119/379 558/129/379 557/130/379 561/105/379
f 551/131/380 553/97/380 555/99/380 552/132/380
f 558/129/381 560/119/381 573/117/381 569/128/381
f 564/123/382 566/110/382 553/122/382 551/133/382
f 568/112/383 562/106/383 550/94/383 556/100/383
f 571/134/384 565/135/384 567/125/384 572/126/384
f 562/106/385 568/112/385 570/127/385 563/124/385
f 554/98/386 559/103/386 561/105/386 555/99/386
f 556/100/387 550/94/387 552/96/387 557/101/387
f 557/130/388 552/132/388 555/99/388 561/105/388
f 559/136/389 554/137/389 565/135/389 571/134/389
f 563/124/390 570/127/390 572/126/390 567/125/390
f 574/94/391 575/95/391 576/96/391
f 577/97/392 578/98/392 579/99/392
f 580/100/393 581/101/393 582/102/393
f 583/103/394 584/104/394 585/105/394
f 586/106/395 587/107/395 588/108/395
f 589/109/396 590/110/396 591/111/396
f 592/112/397 593/113/397 594/114/397
f 595/115/398 596/116/398 597/117/398
f 592/112/399 580/100/399 582/102/399 593/113/399
f 583/118/400 595/115/400 597/117/400 584/119/400
f 574/94/401 586/106/401 588/120/401 575/95/401
f 589/109/402 578/121/402 577/122/402 590/110/402
f 590/110/403 588/123/403 587/124/403 591/125/403
f 596/126/404 594/127/404 593/128/404 597/117/404
f 584/119/405 582/129/405 581/130/405 585/105/405
f 575/131/406 577/97/406 579/99/406 576/132/406
f 582/129/407 584/119/407 597/117/407 593/128/407
f 588/123/408 590/110/408 577/122/408 575/133/408
f 592/112/409 586/106/409 574/94/409 580/100/409
f 595/134/410 589/135/410 591/125/410 596/126/410
f 586/106/411 592/112/411 594/127/411 587/124/411
f 578/98/412 583/103/412 585/105/412 579/99/412
f 580/100/413 574/94/413 576/96/413 581/101/413
f 581/130/414 576/132/414 579/99/414 585/105/414
f 583/136/415 578/137/415 589/135/415 595/134/415
f 587/124/416 594/127/416 596/126/416 591/125/416
f 598/94/417 599/95/417 600/96/417
f 601/97/418 602/98/418 603/99/418
f 604/100/419 605/101/419 606/102/419
f 607/103/420 608/104/420 609/105/420
f 610/106/421 611/107/421 612/108/421
f 613/109/422 614/110/422 615/111/422
f 616/112/423 617/113/423 618/114/423
f 619/115/424 620/116/424 621/117/424
f 616/112/425 604/100/425 606/102/425 617/113/425
f 607/118/426 619/115/426 621/117/426 608/119/426
f 598/94/427 610/106/427 612/120/427 599/95/427
f 613/109/428 602/121/428 601/122/428 614/110/428
f 614/110/429 612/123/429 611/124/429 615/125/429
f 620/126/430 618/127/430 617/128/430 621/117/430
f 608/119/431 606/129/431 605/130/431 609/105/431
f 599/131/432 601/97/432 603/99/432 600/132/432
f 606/129/433 608/119/433 621/117/433 617/128/433
f 612/123/434 614/110/434 601/122/434 599/133/434
f 616/112/435 610/106/435 598/94/435 604/100/435
f 619/134/436 613/135/436 615/125/436 620/126/436
f 610/106/437 616/112/437 618/127/437 611/124/437
f 602/98/438 607/103/438 609/105/438 603/99/438
f 604/100/439 598/94/439 600/96/439 605/101/439
f 605/130/440 600/132/440 603/99/440 609/105/440
f 607/136/441 602/137/441 613/135/441 619/134/441
f 611/124/442 618/127/442 620/126/442 615/125/442
f 622/94/443 623/95/443 624/96/443
f 625/97/444 626/98/444 627/99/444
f 628/100/445 629/101/445 630/102/445
f 631/103/446 632/104/446 633/105/446
f 634/106/447 635/107/447 636/108/447
f 637/109/448 638/110/448 639/111/448
f 640/112/449 641/113/449 642/114/449
f 643/115/450 644/116/450 645/117/450
f 640/112/451 628/100/451 630/102/451 641/113/451
f 631/118/452 643/115/452 645/117/452 632/119/452
f 622/94/453 634/106/453 636/120/453 623/95/453
f 637/109/454 626/121/454 625/122/454 638/110/454
f 638/110/455 636/123/455 635/124/455 639/125/455
f 644/126/456 642/127/456 641/128/456 645/117/456
f 632/119/457 630/129/457 629/130/457 633/105/457
f 623/131/458 625/97/458 627/99/458 624/132/458
f 630/129/459 632/119/459 645/117/459 641/128/459
f 636/123/460 638/110/460 625/122/460 623/133/460
f 640/112/461 634/106/461 622/94/461 628/100/461
f 643/134/462 637/135/462 639/125/462 644/126/462
f 634/106/463 640/112/463 642/127/463 635/124/463
f 626/98/464 631/103/464 633/105/464 627/99/464
f 628/100/465 622/94/465 624/96/465 629/101/465
f 629/130/466 624/132/466 627/99/466 633/105/466
f 631/136/467 626/137/467 637/135/467 643/134/467
f 635/124/468 642/127/468 644/126/468 639/125/468
f 646/94/469 647/95/469 648/96/469
f 649/97/470 650/98/470 651/99/470
f 652/100/471 653/101/471 654/102/471
f 655/103/472 656/104/472 657/105/472
f 658/106/473 659/107/473 660/108/473
f 661/109/474 662/110/474 663/111/474
f 664/112/475 665/113/475 666/114/475
f 667/115/476 668/116/476 669/117/476
f 664/112/477 652/100/477 654/102/477 665/113/477
f 655/118/478 667/115/478 669/117/478 656/119/478
f 646/94/479 658/106/479 660/120/479 647/95/479
f 661/109/480 650/121/480 649/122/480 662/110/480
f 662/110/481 660/123/481 659/124/481 663/125/481
f 668/126/482 666/127/482 665/128/482 669/117/482
f 656/119/483 654/129/483 653/130/483 657/105/483
f 647/131/484 649/97/484 651/99/484 648/132/484
f 654/129/485 656/119/485 669/117/485 665/128/485
f 660/123/486 662/110/486 649/122/486 647/133/486
f 664/112/487 658/106/487 646/94/487 652/100/487
f 667/134/488 661/135/488 663/125/488 668/126/488
f 658/106/489 664/112/489 666/127/489 659/124/489
f 650/98/490 655/103/490 657/105/490 651/99/490
f 652/100/491 646/94/491 648/96/491 653/101/491
f 653/130/492 648/132/492 651/99/492 657/105/492
f 655/136/493 650/137/493 661/135/493 667/134/493
f 659/124/494 666/127/494 668/126/494 663/125/494
o stone_wall_F
v 7.275797 0.019135 -3.507532
v 7.288195 -0.093851 -3.626891
v 7.146758 -0.084068 -3.530709
v 7.247033 -0.539295 -3.597494
v 7.239431 -0.648293 -3.515100
v 7.087738 -0.552958 -3.528280
v 7.148891 0.016805 -2.360990
v 7.013518 -0.105885 -2.379574
v 7.161057 -0.120922 -2.276317
v 7.135043 -0.671707 -2.373139
v 7.136571 -0.560517 -2.287817
v 7.017278 -0.563692 -2.394832
v 7.533674 0.009282 -3.481569
v 7.684014 -0.098063 -3.465426
v 7.535661 -0.096780 -3.578920
v 7.522441 -0.666503 -3.507164
v 7.525818 -0.544935 -3.604782
v 7.662801 -0.563347 -3.481652
v 7.407806 -0.011153 -2.335524
v 7.395246 -0.122228 -2.247341
v 7.556286 -0.116791 -2.315906
v 7.378585 -0.670250 -2.350413
v 7.528877 -0.579652 -2.318146
v 7.383278 -0.581338 -2.244177
v 7.200943 -0.697083 2.666919
v 7.194600 -0.583098 2.814609
v 7.055056 -0.589884 2.666469
v 7.147553 -0.133438 2.788181
v 7.141918 -0.020352 2.655493
v 6.996497 -0.135462 2.642955
v 7.185901 -0.701416 0.955576
v 7.036211 -0.592831 0.961742
v 7.186148 -0.588882 0.819360
v 7.123919 -0.024385 0.946160
v 7.132752 -0.136441 0.795593
v 7.008807 -0.132682 0.964006
v 7.462673 -0.682579 2.656107
v 7.604582 -0.574634 2.642270
v 7.453371 -0.570811 2.805485
v 7.408055 0.005258 2.652061
v 7.410627 -0.118800 2.798715
v 7.549829 -0.112133 2.643908
v 7.447178 -0.687237 0.949385
v 7.435141 -0.575992 0.795381
v 7.572297 -0.579886 0.938581
v 7.383421 -0.010186 0.942497
v 7.525890 -0.114600 0.910446
v 7.390100 -0.121746 0.786956
v 7.242304 0.004135 -0.326460
v 7.253394 -0.109034 -0.432845
v 7.113333 -0.099084 -0.348667
v 7.212697 -0.554397 -0.407804
v 7.206016 -0.663255 -0.334652
v 7.054532 -0.567931 -0.347883
v 7.128097 0.003632 0.693650
v 6.992860 -0.119064 0.675434
v 7.141164 -0.133952 0.769000
v 7.114225 -0.684849 0.681586
v 7.116660 -0.573533 0.757795
v 6.996495 -0.576863 0.661157
v 7.499847 -0.005705 -0.300557
v 7.650015 -0.113033 -0.284719
v 7.500788 -0.111914 -0.387436
v 7.488438 -0.681482 -0.324550
v 7.490739 -0.560077 -0.411292
v 7.628728 -0.578309 -0.300141
v 7.386673 -0.024311 0.719092
v 7.375108 -0.135238 0.797345
v 7.535021 -0.129927 0.738009
v 7.357431 -0.683384 0.704468
v 7.507705 -0.592757 0.734985
v 7.363253 -0.594310 0.799309
v 7.228282 -0.683016 -0.451115
v 7.221939 -0.569031 -0.303425
v 7.082395 -0.575817 -0.451565
v 7.174892 -0.119371 -0.329853
v 7.169256 -0.006285 -0.462540
v 7.023836 -0.121395 -0.475079
v 7.213240 -0.687349 -2.162458
v 7.063550 -0.578764 -2.156292
v 7.213487 -0.574815 -2.298674
v 7.151258 -0.010318 -2.171873
v 7.160091 -0.122374 -2.322440
v 7.036146 -0.118615 -2.154028
v 7.490012 -0.668512 -0.461927
v 7.631921 -0.560566 -0.475764
v 7.480710 -0.556743 -0.312549
v 7.435394 0.019326 -0.465973
v 7.437966 -0.104733 -0.319319
v 7.577168 -0.098066 -0.474126
v 7.474517 -0.673170 -2.168648
v 7.462480 -0.561925 -2.322653
v 7.599636 -0.565819 -2.179452
v 7.410760 0.003881 -2.175537
v 7.553228 -0.100533 -2.207588
v 7.417438 -0.107679 -2.331078
v 7.214495 -0.010174 2.845172
v 7.225585 -0.123343 2.738787
v 7.085525 -0.113393 2.822964
v 7.184888 -0.568705 2.763828
v 7.178206 -0.677564 2.836980
v 7.026723 -0.582240 2.823749
v 7.100288 -0.010677 3.865282
v 6.965051 -0.133373 3.847066
v 7.113355 -0.148261 3.940632
v 7.086417 -0.699158 3.853218
v 7.088851 -0.587842 3.929426
v 6.968687 -0.591172 3.832789
v 7.472038 -0.020014 2.871075
v 7.622207 -0.127342 2.886913
v 7.472980 -0.126223 2.784196
v 7.460629 -0.695791 2.847081
v 7.462930 -0.574386 2.760339
v 7.600919 -0.592618 2.871491
v 7.358864 -0.038620 3.890724
v 7.347299 -0.149547 3.968977
v 7.507213 -0.144236 3.909641
v 7.329623 -0.697693 3.876100
v 7.479896 -0.607065 3.906616
v 7.335443 -0.608619 3.970940
v 7.191090 -0.016948 4.012365
v 7.199125 -0.130545 3.936315
v 7.062205 -0.120202 3.992419
v 7.159502 -0.575725 3.951169
v 7.154976 -0.684262 4.002715
v 7.003890 -0.588958 3.989354
v 7.106565 -0.013176 4.736876
v 6.971568 -0.135886 4.719516
v 7.121755 -0.150431 4.790433
v 7.092646 -0.701602 4.725014
v 7.097204 -0.589986 4.779914
v 6.974924 -0.593679 4.707533
v 7.448004 -0.026761 4.038145
v 7.597860 -0.134056 4.053279
v 7.446498 -0.133316 3.975750
v 7.436190 -0.702535 4.017896
v 7.435967 -0.581509 3.956582
v 7.576396 -0.599321 4.039737
v 7.364500 -0.041093 4.762281
v 7.355263 -0.151675 4.817317
v 7.512633 -0.146663 4.779565
v 7.335210 -0.700119 4.748276
v 7.485524 -0.609428 4.774707
v 7.343674 -0.610667 4.816473
v 7.265039 0.021103 -4.421725
v 7.273075 -0.092494 -4.497776
v 7.136155 -0.082152 -4.441672
v 7.233452 -0.537675 -4.482921
v 7.228926 -0.646211 -4.431376
v 7.077840 -0.550907 -4.444737
v 7.180515 0.024875 -3.697215
v 7.045517 -0.097835 -3.714574
v 7.195704 -0.112380 -3.643657
v 7.166595 -0.663551 -3.709076
v 7.171154 -0.551935 -3.654176
v 7.048874 -0.555628 -3.726558
v 7.521955 0.011289 -4.395945
v 7.671810 -0.096006 -4.380812
v 7.520449 -0.095265 -4.458341
v 7.510140 -0.664485 -4.416195
v 7.509917 -0.543459 -4.477508
v 7.650346 -0.561270 -4.394353
v 7.438450 -0.003042 -3.671809
v 7.429213 -0.113624 -3.616773
v 7.586583 -0.108612 -3.654525
v 7.409160 -0.662069 -3.685814
v 7.559474 -0.571377 -3.659384
v 7.417624 -0.572616 -3.617617
v 7.243826 -2.061942 4.734740
v 7.237483 -1.947957 4.882429
v 7.097939 -1.954743 4.734289
v 7.190436 -1.498297 4.856002
v 7.184800 -1.385211 4.723314
v 7.039380 -1.500321 4.710775
v 7.228783 -2.066275 3.023397
v 7.079093 -1.957690 3.029562
v 7.229031 -1.953740 2.887181
v 7.166801 -1.389243 3.013981
v 7.175634 -1.501300 2.863414
v 7.051690 -1.497541 3.031827
v 7.505556 -2.047438 4.723927
v 7.647465 -1.939492 4.710090
v 7.496253 -1.935669 4.873305
v 7.450938 -1.359600 4.719881
v 7.453510 -1.483659 4.866535
v 7.592711 -1.476992 4.711729
v 7.490061 -2.052096 3.017206
v 7.478024 -1.940851 2.863202
v 7.615180 -1.944745 3.006402
v 7.426304 -1.375045 3.010318
v 7.568772 -1.479459 2.978267
v 7.432982 -1.486605 2.854777
v 7.285186 -1.360724 1.741360
v 7.296277 -1.473892 1.634976
v 7.156216 -1.463943 1.719153
v 7.255579 -1.919255 1.660017
v 7.248898 -2.028114 1.733169
v 7.097414 -1.932790 1.719938
v 7.170979 -1.361226 2.761471
v 7.035742 -1.483922 2.743255
v 7.184046 -1.498811 2.836822
v 7.157108 -2.049708 2.749407
v 7.159543 -1.938392 2.825616
v 7.039378 -1.941722 2.728978
v 7.542730 -1.370563 1.767264
v 7.692898 -1.477891 1.783102
v 7.543671 -1.476773 1.680385
v 7.531320 -2.046341 1.743271
v 7.533621 -1.924936 1.656529
v 7.671610 -1.943167 1.767680
v 7.429555 -1.389170 2.786913
v 7.417991 -1.500097 2.865165
v 7.577904 -1.494786 2.805830
v 7.400314 -2.048242 2.772290
v 7.550587 -1.957615 2.802806
v 7.406135 -1.959169 2.867130
v 7.488764 -2.043984 0.377693
v 7.481664 -1.929188 0.254233
v 7.614177 -1.936447 0.363346
v 7.498565 -1.483114 0.288826
v 7.493532 -1.375429 0.374564
v 7.650115 -1.465891 0.371512
v 7.512480 -2.059000 1.567572
v 7.642845 -1.931872 1.558467
v 7.486209 -1.923233 1.654336
v 7.494255 -1.369965 1.558184
v 7.490461 -1.482758 1.645603
v 7.618474 -1.473979 1.543906
v 7.229568 -2.042453 0.386073
v 7.073488 -1.939997 0.392311
v 7.231188 -1.934670 0.285999
v 7.210555 -1.365974 0.362612
v 7.221751 -1.485818 0.261457
v 7.073674 -1.473850 0.378556
v 7.251427 -2.039390 1.575422
v 7.250707 -1.929583 1.667481
v 7.096969 -1.938648 1.585366
v 7.250145 -1.379246 1.564216
v 7.102183 -1.474995 1.586450
v 7.240267 -1.470250 1.673019
v 7.460656 -1.371192 0.128745
v 7.446434 -1.486503 0.277039
v 7.594194 -1.488292 0.132177
v 7.444759 -1.936838 0.253860
v 7.444882 -2.048378 0.121919
v 7.603311 -1.944220 0.112198
v 7.567385 -1.350710 -1.581278
v 7.704207 -1.469529 -1.571139
v 7.561893 -1.461243 -1.716883
v 7.554418 -2.028428 -1.586025
v 7.566096 -1.914826 -1.737244
v 7.680255 -1.929173 -1.566048
v 7.198710 -1.366693 0.111961
v 7.045984 -1.463711 0.095368
v 7.187594 -1.480029 0.262000
v 7.176914 -2.054682 0.112462
v 7.180320 -1.932591 0.258379
v 7.049068 -1.927654 0.100478
v 7.305680 -1.345967 -1.593434
v 7.313526 -1.455921 -1.746540
v 7.169597 -1.443631 -1.606610
v 7.294345 -2.023856 -1.595614
v 7.165638 -1.909444 -1.631437
v 7.308383 -1.910854 -1.751752
v 7.216632 -1.358067 -2.517491
v 7.223522 -1.472927 -2.591295
v 7.096630 -1.469613 -2.508734
v 7.230960 -1.919358 -2.554920
v 7.245571 -2.026643 -2.499342
v 7.085090 -1.941195 -2.485785
v 7.249938 -1.340789 -1.779469
v 7.126256 -1.472066 -1.766327
v 7.287146 -1.475469 -1.724889
v 7.302482 -2.029124 -1.767247
v 7.304783 -1.916011 -1.716929
v 7.172965 -1.929125 -1.764766
v 7.474940 -1.351319 -2.542205
v 7.635683 -1.448766 -2.553384
v 7.473935 -1.459386 -2.600746
v 7.526951 -2.027112 -2.539143
v 7.504847 -1.907907 -2.603897
v 7.658421 -1.914858 -2.548248
v 7.510984 -1.352058 -1.804197
v 7.521718 -1.461586 -1.744150
v 7.670205 -1.447834 -1.812947
v 7.545123 -2.012053 -1.791986
v 7.688534 -1.911555 -1.798127
v 7.555616 -1.920477 -1.728511
v 7.528443 -1.330343 -2.757760
v 7.523564 -1.440992 -2.602338
v 7.663420 -1.446406 -2.756181
v 7.525902 -1.891907 -2.598647
v 7.520224 -2.007598 -2.723429
v 7.676777 -1.902739 -2.749680
v 7.542776 -1.363516 -4.468701
v 7.681414 -1.481062 -4.460557
v 7.531278 -1.478354 -4.596823
v 7.537478 -2.041218 -4.432454
v 7.539679 -1.932388 -4.590519
v 7.663125 -1.940532 -4.426702
v 7.265766 -1.328115 -2.757535
v 7.113411 -1.426636 -2.758283
v 7.264061 -1.436713 -2.600697
v 7.252050 -2.015976 -2.714875
v 7.261884 -1.889270 -2.577032
v 7.122186 -1.890223 -2.725931
v 7.280586 -1.360895 -4.463899
v 7.281466 -1.475622 -4.610357
v 7.145050 -1.459843 -4.462299
v 7.277059 -2.038677 -4.425192
v 7.145198 -1.926298 -4.459183
v 7.281359 -1.930586 -4.588275
v 7.494639 -1.353572 -4.448550
v 7.499028 -1.238308 -4.597644
v 7.638610 -1.248487 -4.449270
v 7.537950 -0.789492 -4.576691
v 7.541456 -0.677680 -4.445377
v 7.688961 -0.795049 -4.431278
v 7.508596 -1.373778 -2.737017
v 7.656349 -1.267301 -2.744366
v 7.506226 -1.262465 -2.602174
v 7.558365 -0.697610 -2.735855
v 7.551450 -0.810936 -2.583909
v 7.675456 -0.807445 -2.752255
v 7.232610 -1.335343 -4.438178
v 7.088728 -1.225433 -4.425808
v 7.239999 -1.222324 -4.588930
v 7.274823 -0.648211 -4.442526
v 7.274589 -0.770914 -4.587669
v 7.135146 -0.763630 -4.433073
v 7.247029 -1.355839 -2.731261
v 7.256956 -1.246157 -2.578601
v 7.119952 -1.246741 -2.721901
v 7.298574 -0.679655 -2.732626
v 7.157951 -0.782302 -2.699432
v 7.293802 -0.792561 -2.575710
v 7.438585 -0.678997 -1.463612
v 7.429463 -0.792998 -1.355841
v 7.569418 -0.784322 -1.440006
v 7.478216 -1.238810 -1.375372
v 7.486912 -1.347117 -1.447186
v 7.636685 -1.254107 -1.434972
v 7.553509 -0.671837 -2.483674
v 7.690963 -0.796696 -2.463815
v 7.542974 -0.808567 -2.557353
v 7.579795 -1.360760 -2.463139
v 7.575403 -1.248691 -2.540722
v 7.695577 -1.254660 -2.443917
v 7.181208 -0.684842 -1.489655
v 7.032969 -0.789854 -1.504327
v 7.182123 -0.791852 -1.401466
v 7.204793 -1.361133 -1.457347
v 7.200243 -1.240465 -1.372093
v 7.062642 -1.255669 -1.483167
v 7.295425 -0.695778 -2.509034
v 7.309046 -0.806179 -2.585919
v 7.148977 -0.799076 -2.526804
v 7.336549 -1.355535 -2.486284
v 7.184645 -1.262418 -2.518066
v 7.329185 -1.265492 -2.582232
v 7.246381 -1.371887 -0.091659
v 7.251328 -1.258301 0.030407
v 7.119004 -1.262630 -0.078758
v 7.226401 -0.811582 -0.009685
v 7.229550 -0.703165 -0.096747
v 7.074578 -0.791387 -0.092740
v 7.223744 -1.375675 -1.281462
v 7.091064 -1.246705 -1.274048
v 7.247628 -1.239474 -1.369874
v 7.229534 -0.686863 -1.280519
v 7.235423 -0.798934 -1.366555
v 7.107168 -0.789214 -1.265087
v 7.505585 -1.374063 -0.099798
v 7.659840 -1.273808 -0.107139
v 7.501953 -1.267151 -0.001042
v 7.512382 -0.697948 -0.084626
v 7.503277 -0.818576 0.017997
v 7.651235 -0.807697 -0.099109
v 7.484479 -1.359801 -1.289291
v 7.483281 -1.249142 -1.382705
v 7.637144 -1.261204 -1.300318
v 7.473844 -0.699654 -1.286193
v 7.623566 -0.797378 -1.307103
v 7.485440 -0.789824 -1.393875
v 7.262186 -0.701656 0.149071
v 7.278592 -0.815840 0.002196
v 7.130747 -0.816797 0.146944
v 7.288374 -1.266495 0.030911
v 7.290174 -1.379261 0.164231
v 7.129841 -1.272860 0.172515
v 7.153910 -0.695253 1.858857
v 7.019223 -0.812004 1.850040
v 7.161305 -0.807126 1.995836
v 7.179102 -1.373330 1.871943
v 7.165270 -1.260920 2.021764
v 7.051473 -1.272038 1.850619
v 7.524070 -0.701133 0.166063
v 7.678552 -0.800550 0.184002
v 7.537333 -0.813280 0.017417
v 7.558280 -1.389565 0.174036
v 7.552770 -1.266066 0.026605
v 7.683840 -1.264488 0.184588
v 7.415552 -0.694439 1.871218
v 7.409585 -0.805700 2.025678
v 7.553404 -0.794229 1.885731
v 7.439116 -1.372642 1.881736
v 7.565749 -1.260414 1.916286
v 7.422932 -1.260842 2.036483
v 7.504199 -0.716293 2.795579
v 7.499330 -0.831750 2.870792
v 7.626234 -0.829532 2.788312
v 7.499969 -1.277823 2.839891
v 7.487330 -1.384407 2.785612
v 7.646298 -1.301162 2.771166
v 7.471080 -0.691776 2.057258
v 7.597154 -0.824763 2.045852
v 7.436335 -0.825439 2.004292
v 7.430957 -1.379362 2.053438
v 7.426648 -1.265733 2.001724
v 7.558687 -1.281211 2.049858
v 7.245723 -0.706000 2.819953
v 7.086712 -0.801222 2.832168
v 7.248638 -0.814637 2.879826
v 7.205900 -1.381133 2.825140
v 7.225811 -1.262820 2.888456
v 7.072383 -1.267022 2.832734
v 7.210191 -0.699463 2.081865
v 7.201472 -0.808305 2.023148
v 7.052673 -0.793013 2.091632
v 7.187963 -1.358972 2.077726
v 7.042717 -1.256417 2.082489
v 7.175859 -1.266645 2.013111
v 7.191688 -0.686211 3.035212
v 7.198670 -0.795530 2.881143
v 7.058791 -0.800310 3.034923
v 7.204469 -1.246462 2.882988
v 7.212150 -1.363399 3.009206
v 7.053668 -1.256475 3.034014
v 7.176787 -0.734830 4.746668
v 7.040259 -0.850300 4.739829
v 7.190271 -0.851029 4.876220
v 7.194336 -1.412405 4.718747
v 7.190064 -1.304968 4.875485
v 7.066863 -1.309813 4.711633
v 7.454356 -0.687814 3.035223
v 7.608505 -0.788585 3.037334
v 7.458127 -0.795024 2.879709
v 7.480511 -1.375615 3.001022
v 7.468484 -1.247480 2.861605
v 7.608115 -1.251835 3.010666
v 7.438964 -0.735991 4.742096
v 7.440054 -0.852067 4.889971
v 7.576301 -0.836922 4.741848
v 7.454744 -1.413598 4.711715
v 7.584570 -1.303434 4.744460
v 7.448383 -1.306916 4.873478
vn -0.3987 0.6450 -0.6519
vn -0.2877 -0.5647 -0.7735
vn -0.4896 0.4249 0.7614
vn -0.5733 -0.4938 0.6538
vn 0.4922 0.5936 -0.6367
vn 0.5194 -0.5438 -0.6592
vn 0.3053 0.5707 0.7623
vn 0.3139 -0.7349 0.6012
vn -0.0567 0.5697 0.8199
vn -0.1243 -0.6841 0.7187
vn 0.1204 0.7022 -0.7018
vn -0.0252 -0.6145 -0.7885
vn 0.6388 0.0137 -0.7692
vn 0.4218 -0.0171 0.9065
vn -0.6192 -0.0091 0.7852
vn -0.4820 0.0223 -0.8759
vn -0.1494 -0.0031 0.9888
vn 0.0769 -0.0083 -0.9970
vn 0.0712 0.9973 0.0178
vn 0.5457 -0.8360 0.0581
vn 0.5725 0.8162 0.0772
vn -0.5966 -0.8005 -0.0579
vn -0.6423 0.7637 -0.0647
vn -0.9943 0.0605 -0.0878
vn -0.0309 -0.9994 -0.0151
vn 0.9923 -0.0542 0.1114
vn -0.5097 -0.6915 0.5118
vn -0.5443 0.6269 0.5574
vn -0.5050 -0.6650 -0.5503
vn -0.6385 0.5990 -0.4833
vn 0.5478 -0.6531 0.5228
vn 0.5587 0.6380 0.5299
vn 0.5281 -0.6682 -0.5240
vn 0.4287 0.7428 -0.5143
vn 0.0059 -0.7918 -0.6108
vn -0.0590 0.8047 -0.5908
vn 0.0640 -0.7929 0.6059
vn -0.0665 0.7597 0.6469
vn 0.7356 0.0822 0.6724
vn 0.6980 0.0410 -0.7149
vn -0.7477 -0.0817 -0.6590
vn -0.7091 -0.0440 0.7037
vn -0.0619 -0.0421 -0.9972
vn -0.0046 0.0363 0.9993
vn 0.0548 -0.9985 0.0021
vn 0.6140 0.7892 -0.0128
vn 0.6273 -0.7788 -0.0065
vn -0.6509 0.7591 0.0008
vn -0.5895 -0.8077 0.0076
vn -0.9956 -0.0935 0.0019
vn -0.0756 0.9971 -0.0047
vn 0.9940 0.1079 -0.0165
vn -0.3733 0.6157 -0.6939
vn -0.2612 -0.5273 -0.8085
vn -0.4625 0.3917 0.7954
vn -0.5471 -0.4647 0.6963
vn 0.4724 0.5606 -0.6802
vn 0.4975 -0.5105 -0.7013
vn 0.2785 0.5341 0.7983
vn 0.2946 -0.7055 0.6445
vn -0.0616 0.5245 0.8492
vn -0.1248 -0.6412 0.7572
vn 0.1213 0.6599 -0.7415
vn -0.0146 -0.5699 -0.8216
vn 0.5978 0.0140 -0.8015
vn 0.3767 -0.0171 0.9262
vn -0.5783 -0.0097 0.8157
vn -0.4352 0.0219 -0.9001
vn -0.1441 -0.0043 0.9896
vn 0.0794 -0.0058 -0.9968
vn 0.0713 0.9973 0.0173
vn 0.5460 -0.8356 0.0600
vn 0.5729 0.8159 0.0782
vn -0.5972 -0.8001 -0.0562
vn -0.6426 0.7633 -0.0661
vn -0.9944 0.0605 -0.0865
vn -0.0309 -0.9994 -0.0149
vn 0.9921 -0.0542 0.1130
vn -0.2905 0.5180 -0.8045
vn -0.1833 -0.4155 -0.8909
vn -0.3837 0.2985 0.8739
vn -0.4636 -0.3757 0.8024
vn 0.4072 0.4572 -0.7906
vn 0.4263 -0.4082 -0.8073
vn 0.1986 0.4233 0.8839
vn 0.2300 -0.6037 0.7633
vn -0.0736 0.3988 0.9141
vn -0.1241 -0.5122 0.8498
vn 0.1217 0.5310 -0.8386
vn 0.0141 -0.4414 -0.8972
vn 0.4830 0.0144 -0.8755
vn 0.2571 -0.0168 0.9662
vn -0.4658 -0.0112 0.8848
vn -0.3069 0.0206 -0.9515
vn -0.1314 -0.0073 0.9913
vn 0.0853 -0.0000 -0.9964
vn 0.0715 0.9973 0.0156
vn 0.5462 -0.8350 0.0671
vn 0.5734 0.8152 0.0818
vn -0.5986 -0.7994 -0.0502
vn -0.6429 0.7626 -0.0713
vn -0.9948 0.0603 -0.0815
vn -0.0310 -0.9994 -0.0138
vn 0.9915 -0.0542 0.1186
vn -0.2905 0.5181 -0.8045
vn 0.4716 -0.6321 -0.6148
vn 0.3308 0.5972 -0.7307
vn 0.4585 -0.4139 0.7864
vn 0.5109 0.5158 0.6877
vn -0.4280 -0.6115 -0.6655
vn -0.4986 0.5314 -0.6848
vn -0.3476 -0.6037 0.7174
vn -0.3834 0.7253 0.5718
vn 0.0185 -0.5872 0.8092
vn 0.0533 0.6907 0.7211
vn -0.0500 -0.7083 -0.7041
vn 0.0617 0.6361 -0.7691
vn -0.5900 -0.0397 -0.8064
vn -0.5001 -0.0090 0.8659
vn 0.5698 0.0341 0.8210
vn 0.5594 0.0064 -0.8289
vn 0.0833 0.0041 0.9965
vn -0.0085 0.0113 -0.9999
vn -0.0407 -0.9992 -0.0042
vn -0.5795 0.8147 0.0213
vn -0.5471 -0.8370 0.0120
vn 0.5697 0.8218 0.0084
vn 0.6750 -0.7376 -0.0181
vn 0.9999 -0.0124 0.0012
vn 0.0003 1.0000 0.0033
vn -0.9997 0.0061 0.0216
vn 0.5440 0.6363 0.5470
vn 0.4762 -0.6713 0.5680
vn 0.5783 0.6207 -0.5294
vn 0.5954 -0.6638 -0.4527
vn -0.5032 0.7071 0.4968
vn -0.6312 -0.5875 0.5063
vn -0.4583 0.7106 -0.5338
vn -0.4668 -0.6960 -0.5457
vn 0.0653 0.7933 -0.6053
vn 0.0143 -0.8054 -0.5926
vn -0.0204 0.7944 0.6071
vn -0.0030 -0.7654 0.6436
vn -0.7653 0.0045 0.6437
vn -0.6710 0.0308 -0.7408
vn 0.7771 -0.0063 -0.6293
vn 0.6824 -0.0292 0.7304
vn 0.0874 0.0279 -0.9958
vn -0.0207 -0.0295 0.9994
vn 0.0169 0.9998 0.0131
vn -0.6786 -0.7323 -0.0566
vn -0.5568 0.8302 -0.0277
vn 0.5812 -0.8134 0.0236
vn 0.6552 0.7538 0.0503
vn 0.9983 -0.0171 0.0550
vn 0.0038 -0.9999 -0.0146
vn -0.9976 0.0024 -0.0697
vn -0.4774 0.4546 -0.7520
vn -0.3197 -0.4698 -0.8229
vn -0.2310 0.3099 0.9223
vn -0.2807 -0.3853 0.8791
vn 0.2210 0.4629 -0.8584
vn 0.2936 -0.4137 -0.8618
vn 0.3323 0.4782 0.8129
vn 0.4162 -0.5497 0.7243
vn 0.0773 0.4360 0.8966
vn 0.0765 -0.4881 0.8694
vn -0.0779 0.5074 -0.8582
vn -0.1291 -0.4815 -0.8669
vn 0.3103 0.0161 -0.9505
vn 0.4372 0.0544 0.8977
vn -0.2914 -0.0107 0.9565
vn -0.4825 -0.0543 -0.8742
vn 0.0628 0.0298 0.9976
vn -0.1087 -0.0415 -0.9932
vn 0.0076 0.9999 -0.0116
vn 0.6117 -0.7910 -0.0100
vn 0.5157 0.8564 -0.0247
vn -0.5355 -0.8425 0.0589
vn -0.7046 0.7092 0.0229
vn -0.9961 -0.0356 0.0802
vn 0.0325 -0.9994 0.0068
vn 0.9981 0.0432 -0.0434
vn 0.5650 0.6637 0.4902
vn 0.5219 -0.6372 0.5671
vn 0.5434 0.6003 -0.5868
vn 0.5675 -0.6818 -0.4615
vn -0.4725 0.7270 0.4982
vn -0.5983 -0.5682 0.5650
vn -0.5022 0.6793 -0.5351
vn -0.4883 -0.7214 -0.4910
vn 0.0190 0.7667 -0.6417
vn -0.0172 -0.8284 -0.5599
vn 0.0123 0.8182 0.5748
vn 0.0463 -0.7354 0.6760
vn -0.7249 0.0368 0.6878
vn -0.7135 -0.0192 -0.7004
vn 0.7378 -0.0376 -0.6740
vn 0.7241 0.0203 0.6894
vn 0.0219 -0.0310 -0.9993
vn 0.0448 0.0302 0.9985
vn 0.0091 0.9998 -0.0192
vn -0.6733 -0.7394 0.0032
vn -0.5655 0.8244 -0.0237
vn 0.5895 -0.8076 0.0177
vn 0.6495 0.7603 -0.0090
vn 1.0000 -0.0053 0.0014
vn 0.0115 -0.9998 0.0166
vn -0.9998 -0.0102 -0.0157
vn 0.5020 -0.6913 -0.5197
vn 0.5519 0.6276 -0.5491
vn 0.5043 -0.6615 0.5550
vn 0.6349 0.6052 0.4802
vn -0.5465 -0.6570 -0.5193
vn -0.5595 0.6334 -0.5345
vn -0.5361 -0.6687 0.5153
vn -0.4191 0.7430 0.5218
vn -0.0181 -0.7925 0.6096
vn 0.0695 0.8035 0.5912
vn -0.0742 -0.7920 -0.6059
vn 0.0788 0.7597 -0.6455
vn -0.7360 0.0609 -0.6742
vn -0.6983 0.0372 0.7149
vn 0.7482 -0.0603 0.6607
vn 0.7093 -0.0398 -0.7038
vn 0.0606 -0.0288 0.9977
vn 0.0059 0.0242 -0.9997
vn -0.0693 -0.9975 -0.0113
vn -0.6120 0.7906 0.0198
vn -0.6287 -0.7777 -0.0011
vn 0.6515 0.7586 0.0066
vn 0.5868 -0.8096 -0.0147
vn 0.9971 -0.0758 -0.0019
vn 0.0899 0.9959 0.0139
vn -0.9958 0.0905 0.0167
vn 0.3755 0.6207 0.6883
vn 0.2563 -0.5198 0.8149
vn 0.4692 0.3906 -0.7920
vn 0.5416 -0.4640 -0.7010
vn -0.4650 0.5607 0.6852
vn -0.5052 -0.5106 0.6957
vn -0.2738 0.5267 -0.8048
vn -0.2994 -0.7071 -0.6406
vn 0.0706 0.5196 -0.8515
vn 0.1152 -0.6432 -0.7570
vn -0.1115 0.6616 0.7415
vn 0.0057 -0.5654 0.8248
vn -0.5983 0.0130 0.8012
vn -0.3759 -0.0352 -0.9260
vn 0.5789 -0.0093 -0.8153
vn 0.4344 0.0408 0.8998
vn 0.1448 -0.0139 -0.9894
vn -0.0804 0.0050 0.9968
vn -0.0569 0.9983 -0.0082
vn -0.5493 -0.8329 -0.0671
vn -0.5704 0.8182 -0.0724
vn 0.5953 -0.8019 0.0502
vn 0.6427 0.7627 0.0724
vn 0.9930 0.0793 0.0876
vn 0.0164 -0.9998 0.0057
vn -0.9908 -0.0733 -0.1140
vn -0.4807 -0.6322 0.6077
vn -0.3217 0.5985 0.7337
vn -0.4579 -0.4262 -0.7802
vn -0.5111 0.5063 -0.6945
vn 0.4259 -0.6061 0.6718
vn 0.4976 0.5400 0.6788
vn 0.3386 -0.6048 -0.7208
vn 0.3944 0.7250 -0.5646
vn -0.0262 -0.5913 -0.8060
vn -0.0431 0.6891 -0.7233
vn 0.0395 -0.7072 0.7059
vn -0.0526 0.6386 0.7677
vn 0.5896 -0.0192 0.8075
vn 0.5007 -0.0106 -0.8655
vn -0.5693 0.0137 -0.8220
vn -0.5601 0.0065 0.8284
vn -0.0824 -0.0096 -0.9966
vn 0.0079 0.0237 0.9997
vn 0.0262 -0.9996 -0.0049
vn 0.5826 0.8126 -0.0131
vn 0.5428 -0.8396 -0.0194
vn -0.5664 0.8241 -0.0014
vn -0.6750 -0.7377 0.0106
vn -0.9995 -0.0305 -0.0022
vn 0.0143 0.9999 0.0059
vn 0.9995 0.0239 -0.0207
vn -0.5444 0.6317 -0.5519
vn -0.4767 -0.6744 -0.5640
vn -0.5723 0.6197 0.5370
vn -0.6015 -0.6647 0.4431
vn 0.5118 0.7072 -0.4879
vn 0.6267 -0.5857 -0.5141
vn 0.4596 0.7121 0.5307
vn 0.4649 -0.6939 0.5499
vn -0.0537 0.7927 0.6072
vn -0.0268 -0.8063 0.5909
vn 0.0328 0.7951 -0.6056
vn -0.0075 -0.7652 -0.6438
vn 0.7658 0.0105 -0.6429
vn 0.6700 0.0519 0.7406
vn -0.7777 -0.0126 0.6285
vn -0.6813 -0.0504 -0.7303
vn -0.0878 0.0386 0.9954
vn 0.0211 -0.0413 -0.9989
vn -0.0023 1.0000 -0.0040
vn 0.6795 -0.7319 0.0513
vn 0.5601 0.8277 0.0353
vn -0.5838 -0.8113 -0.0310
vn -0.6552 0.7541 -0.0447
vn -0.9978 -0.0357 -0.0560
vn -0.0184 -0.9998 0.0054
vn 0.9973 0.0213 0.0706
vn 0.4765 0.4657 0.7457
vn 0.3163 -0.4600 0.8297
vn 0.2372 0.3040 -0.9227
vn 0.2748 -0.3896 -0.8790
vn -0.2138 0.4671 0.8580
vn -0.3014 -0.4100 0.8609
vn -0.3291 0.4686 -0.8198
vn -0.4170 -0.5572 -0.7181
vn -0.0709 0.4277 -0.9011
vn -0.0820 -0.4951 -0.8650
vn 0.0837 0.5139 0.8537
vn 0.1227 -0.4738 0.8721
vn -0.3108 0.0222 0.9502
vn -0.4364 0.0355 -0.8991
vn 0.2920 -0.0172 -0.9563
vn 0.4818 -0.0350 0.8756
vn -0.0616 0.0164 -0.9980
vn 0.1074 -0.0274 0.9938
vn 0.0070 0.9998 0.0207
vn -0.6136 -0.7896 0.0022
vn -0.5103 0.8594 0.0326
vn 0.5305 -0.8451 -0.0671
vn 0.7037 0.7103 -0.0155
vn 0.9966 -0.0186 -0.0798
vn -0.0470 -0.9988 -0.0160
vn -0.9987 0.0257 0.0430
vn -0.5657 0.6602 -0.4941
vn -0.5210 -0.6417 -0.5628
vn -0.5368 0.5995 0.5936
vn -0.5744 -0.6824 0.4521
vn 0.4819 0.7268 -0.4894
vn 0.5930 -0.5667 -0.5720
vn 0.5022 0.6820 0.5317
vn 0.4866 -0.7204 0.4942
vn -0.0082 0.7665 0.6422
vn 0.0047 -0.8298 0.5580
vn 0.0002 0.8195 -0.5731
vn -0.0558 -0.7359 -0.6748
vn 0.7258 0.0415 -0.6866
vn 0.7131 0.0023 0.7011
vn -0.7387 -0.0427 0.6727
vn -0.7236 -0.0013 -0.6902
vn -0.0232 -0.0192 0.9995
vn -0.0435 0.0172 -0.9989
vn 0.0055 0.9996 0.0284
vn 0.6734 -0.7392 -0.0096
vn 0.5686 0.8220 0.0312
vn -0.5919 -0.8057 -0.0252
vn -0.6487 0.7609 0.0156
vn -0.9997 -0.0234 -0.0023
vn -0.0261 -0.9993 -0.0257
vn 0.9998 0.0080 0.0164
vt 0.189680 0.731091
vt 0.189680 0.750000
vt 0.125000 0.731091
vt 0.583672 0.000000
vt 0.625000 0.018909
vt 0.583672 0.018909
vt 0.189680 0.518909
vt 0.125000 0.518909
vt 0.189680 0.500000
vt 0.625000 0.231091
vt 0.583672 0.250000
vt 0.583672 0.231091
vt 0.310320 0.731091
vt 0.375000 0.731091
vt 0.310320 0.750000
vt 0.625000 0.814680
vt 0.583672 0.814680
vt 0.583672 0.750000
vt 0.310320 0.518909
vt 0.310320 0.500000
vt 0.375000 0.518909
vt 0.625000 0.435320
vt 0.583672 0.500000
vt 0.583672 0.435320
vt 0.625000 0.314680
vt 0.583672 0.314680
vt 0.310320 0.750000
vt 0.625000 0.935320
vt 0.583672 0.935320
vt 0.416328 0.814680
vt 0.416328 0.731091
vt 0.583672 0.731091
vt 0.583672 0.518909
vt 0.416328 0.518909
vt 0.416328 0.435320
vt 0.416328 0.314680
vt 0.416328 0.231091
vt 0.416328 0.000000
vt 0.416328 0.018909
vt 0.416328 0.935320
vt 0.689680 0.518909
vt 0.689680 0.731091
vt 0.810320 0.518909
vt 0.810320 0.731091
s 0
usemtl stones
f 670/138/495 671/139/495 672/140/495
f 673/141/496 674/142/496 675/143/496
f 676/144/497 677/145/497 678/146/497
f 679/147/498 680/148/498 681/149/498
f 682/150/499 683/151/499 684/152/499
f 685/153/500 686/154/500 687/155/500
f 688/156/501 689/157/501 690/158/501
f 691/159/502 692/160/502 693/161/502
f 688/156/503 676/144/503 678/146/503 689/157/503
f 679/162/504 691/159/504 693/161/504 680/163/504
f 670/138/505 682/150/505 684/164/505 671/139/505
f 685/153/506 674/165/506 673/166/506 686/154/506
f 686/154/507 684/167/507 683/168/507 687/169/507
f 692/170/508 690/171/508 689/172/508 693/161/508
f 680/163/509 678/173/509 677/174/509 681/149/509
f 671/175/510 673/141/510 675/143/510 672/176/510
f 678/173/511 680/163/511 693/161/511 689/172/511
f 684/167/512 686/154/512 673/166/512 671/177/512
f 688/156/513 682/150/513 670/138/513 676/144/513
f 691/178/514 685/179/514 687/169/514 692/170/514
f 682/150/515 688/156/515 690/171/515 683/168/515
f 674/142/516 679/147/516 681/149/516 675/143/516
f 676/144/517 670/138/517 672/140/517 677/145/517
f 677/174/518 672/176/518 675/143/518 681/149/518
f 679/180/519 674/181/519 685/179/519 691/178/519
f 683/168/520 690/171/520 692/170/520 687/169/520
f 694/138/521 695/139/521 696/140/521
f 697/141/522 698/142/522 699/143/522
f 700/144/523 701/145/523 702/146/523
f 703/147/524 704/148/524 705/149/524
f 706/150/525 707/151/525 708/152/525
f 709/153/526 710/154/526 711/155/526
f 712/156/527 713/157/527 714/158/527
f 715/159/528 716/160/528 717/161/528
f 712/156/529 700/144/529 702/146/529 713/157/529
f 703/162/530 715/159/530 717/161/530 704/163/530
f 694/138/531 706/150/531 708/164/531 695/139/531
f 709/153/532 698/165/532 697/166/532 710/154/532
f 710/154/533 708/167/533 707/168/533 711/169/533
f 716/170/534 714/171/534 713/172/534 717/161/534
f 704/163/535 702/173/535 701/174/535 705/149/535
f 695/175/536 697/141/536 699/143/536 696/176/536
f 702/173/537 704/163/537 717/161/537 713/172/537
f 708/167/538 710/154/538 697/166/538 695/177/538
f 712/156/539 706/150/539 694/138/539 700/144/539
f 715/178/540 709/179/540 711/169/540 716/170/540
f 706/150/541 712/156/541 714/171/541 707/168/541
f 698/142/542 703/147/542 705/149/542 699/143/542
f 700/144/543 694/138/543 696/140/543 701/145/543
f 701/174/544 696/176/544 699/143/544 705/149/544
f 703/180/545 698/181/545 709/179/545 715/178/545
f 707/168/546 714/171/546 716/170/546 711/169/546
f 718/138/547 719/139/547 720/140/547
f 721/141/548 722/142/548 723/143/548
f 724/144/549 725/145/549 726/146/549
f 727/147/550 728/148/550 729/149/550
f 730/150/551 731/151/551 732/152/551
f 733/153/552 734/154/552 735/155/552
f 736/156/553 737/157/553 738/158/553
f 739/159/554 740/160/554 741/161/554
f 736/156/555 724/144/555 726/146/555 737/157/555
f 727/162/556 739/159/556 741/161/556 728/163/556
f 718/138/557 730/150/557 732/164/557 719/139/557
f 733/153/558 722/165/558 721/166/558 734/154/558
f 734/154/559 732/167/559 731/168/559 735/169/559
f 740/170/560 738/171/560 737/172/560 741/161/560
f 728/163/561 726/173/561 725/174/561 729/149/561
f 719/175/562 721/141/562 723/143/562 720/176/562
f 726/173/563 728/163/563 741/161/563 737/172/563
f 732/167/564 734/154/564 721/166/564 719/177/564
f 736/156/565 730/150/565 718/138/565 724/144/565
f 739/178/566 733/179/566 735/169/566 740/170/566
f 730/150/567 736/156/567 738/171/567 731/168/567
f 722/142/568 727/147/568 729/149/568 723/143/568
f 724/144/569 718/138/569 720/140/569 725/145/569
f 725/174/570 720/176/570 723/143/570 729/149/570
f 727/180/571 722/181/571 733/179/571 739/178/571
f 731/168/572 738/171/572 740/170/572 735/169/572
f 742/138/521 743/139/521 744/140/521
f 745/141/522 746/142/522 747/143/522
f 748/144/523 749/145/523 750/146/523
f 751/147/524 752/148/524 753/149/524
f 754/150/525 755/151/525 756/152/525
f 757/153/526 758/154/526 759/155/526
f 760/156/527 761/157/527 762/158/527
f 763/159/528 764/160/528 765/161/528
f 760/156/529 748/144/529 750/146/529 761/157/529
f 751/162/530 763/159/530 765/161/530 752/163/530
f 742/138/531 754/150/531 756/164/531 743/139/531
f 757/153/532 746/165/532 745/166/532 758/154/532
f 758/154/533 756/167/533 755/168/533 759/169/533
f 764/170/534 762/171/534 761/172/534 765/161/534
f 752/163/535 750/173/535 749/174/535 753/149/535
f 743/175/536 745/141/536 747/143/536 744/176/536
f 750/173/537 752/163/537 765/161/537 761/172/537
f 756/167/538 758/154/538 745/166/538 743/177/538
f 760/156/539 754/150/539 742/138/539 748/144/539
f 763/178/540 757/179/540 759/169/540 764/170/540
f 754/150/541 760/156/541 762/171/541 755/168/541
f 746/142/542 751/147/542 753/149/542 747/143/542
f 748/144/543 742/138/543 744/140/543 749/145/543
f 749/174/544 744/176/544 747/143/544 753/149/544
f 751/180/545 746/181/545 757/179/545 763/178/545
f 755/168/546 762/171/546 764/170/546 759/169/546
f 766/138/547 767/139/547 768/140/547
f 769/141/548 770/142/548 771/143/548
f 772/144/549 773/145/549 774/146/549
f 775/147/550 776/148/550 777/149/550
f 778/150/551 779/151/551 780/152/551
f 781/153/552 782/154/552 783/155/552
f 784/156/553 785/157/553 786/158/553
f 787/159/554 788/160/554 789/161/554
f 784/156/555 772/144/555 774/146/555 785/157/555
f 775/162/556 787/159/556 789/161/556 776/163/556
f 766/138/557 778/150/557 780/164/557 767/139/557
f 781/153/558 770/165/558 769/166/558 782/154/558
f 782/154/559 780/167/559 779/168/559 783/169/559
f 788/170/560 786/171/560 785/172/560 789/161/560
f 776/163/561 774/173/561 773/174/561 777/149/561
f 767/175/562 769/141/562 771/143/562 768/176/562
f 774/173/563 776/163/563 789/161/563 785/172/563
f 780/167/564 782/154/564 769/166/564 767/177/564
f 784/156/565 778/150/565 766/138/565 772/144/565
f 787/178/566 781/179/566 783/169/566 788/170/566
f 778/150/567 784/156/567 786/171/567 779/168/567
f 770/142/568 775/147/568 777/149/568 771/143/568
f 772/144/569 766/138/569 768/140/569 773/145/569
f 773/174/570 768/176/570 771/143/570 777/149/570
f 775/180/571 770/181/571 781/179/571 787/178/571
f 779/168/572 786/171/572 788/170/572 783/169/572
f 790/138/573 791/139/573 792/140/573
f 793/141/574 794/142/574 795/143/574
f 796/144/575 797/145/575 798/146/575
f 799/147/576 800/148/576 801/149/576
f 802/150/577 803/151/577 804/152/577
f 805/153/578 806/154/578 807/155/578
f 808/156/579 809/157/579 810/158/579
f 811/159/580 812/160/580 813/161/580
f 808/156/581 796/144/581 798/146/581 809/157/581
f 799/162/582 811/159/582 813/161/582 800/163/582
f 790/138/583 802/150/583 804/164/583 791/139/583
f 805/153/584 794/165/584 793/166/584 806/154/584
f 806/154/585 804/167/585 803/168/585 807/169/585
f 812/170/586 810/171/586 809/172/586 813/161/586
f 800/163/587 798/173/587 797/174/587 801/149/587
f 791/175/588 793/141/588 795/143/588 792/176/588
f 798/173/589 800/163/589 813/161/589 809/172/589
f 804/167/590 806/154/590 793/166/590 791/177/590
f 808/156/591 802/150/591 790/138/591 796/144/591
f 811/178/592 805/179/592 807/169/592 812/170/592
f 802/150/593 808/156/593 810/171/593 803/168/593
f 794/142/594 799/147/594 801/149/594 795/143/594
f 796/144/595 790/138/595 792/140/595 797/145/595
f 797/174/596 792/176/596 795/143/596 801/149/596
f 799/180/597 794/181/597 805/179/597 811/178/597
f 803/168/598 810/171/598 812/170/598 807/169/598
f 814/138/599 815/139/599 816/140/599
f 817/141/574 818/142/574 819/143/574
f 820/144/575 821/145/575 822/146/575
f 823/147/576 824/148/576 825/149/576
f 826/150/577 827/151/577 828/152/577
f 829/153/578 830/154/578 831/155/578
f 832/156/579 833/157/579 834/158/579
f 835/159/580 836/160/580 837/161/580
f 832/156/581 820/144/581 822/146/581 833/157/581
f 823/162/582 835/159/582 837/161/582 824/163/582
f 814/138/583 826/150/583 828/164/583 815/139/583
f 829/153/584 818/165/584 817/166/584 830/154/584
f 830/154/585 828/167/585 827/168/585 831/169/585
f 836/170/586 834/171/586 833/172/586 837/161/586
f 824/163/587 822/173/587 821/174/587 825/149/587
f 815/175/588 817/141/588 819/143/588 816/176/588
f 822/173/589 824/163/589 837/161/589 833/172/589
f 828/167/590 830/154/590 817/166/590 815/177/590
f 832/156/591 826/150/591 814/138/591 820/144/591
f 835/178/592 829/179/592 831/169/592 836/170/592
f 826/150/593 832/156/593 834/171/593 827/168/593
f 818/142/594 823/147/594 825/149/594 819/143/594
f 820/144/595 814/138/595 816/140/595 821/145/595
f 821/174/596 816/176/596 819/143/596 825/149/596
f 823/180/597 818/181/597 829/179/597 835/178/597
f 827/168/598 834/171/598 836/170/598 831/169/598
f 838/138/521 839/139/521 840/140/521
f 841/141/522 842/142/522 843/143/522
f 844/144/523 845/145/523 846/146/523
f 847/147/524 848/148/524 849/149/524
f 850/150/525 851/151/525 852/152/525
f 853/153/526 854/154/526 855/155/526
f 856/156/527 857/157/527 858/158/527
f 859/159/528 860/160/528 861/161/528
f 856/156/529 844/144/529 846/146/529 857/157/529
f 847/162/530 859/159/530 861/161/530 848/163/530
f 838/138/531 850/150/531 852/164/531 839/139/531
f 853/153/532 842/165/532 841/166/532 854/154/532
f 854/154/533 852/167/533 851/168/533 855/169/533
f 860/170/534 858/171/534 857/172/534 861/161/534
f 848/163/535 846/173/535 845/174/535 849/149/535
f 839/175/536 841/141/536 843/143/536 840/176/536
f 846/173/537 848/163/537 861/161/537 857/172/537
f 852/167/538 854/154/538 841/166/538 839/177/538
f 856/156/539 850/150/539 838/138/539 844/144/539
f 859/178/540 853/179/540 855/169/540 860/170/540
f 850/150/541 856/156/541 858/171/541 851/168/541
f 842/142/542 847/147/542 849/149/542 843/143/542
f 844/144/543 838/138/543 840/140/543 845/145/543
f 845/174/544 840/176/544 843/143/544 849/149/544
f 847/180/545 842/181/545 853/179/545 859/178/545
f 851/168/546 858/171/546 860/170/546 855/169/546
f 862/138/547 863/139/547 864/140/547
f 865/141/548 866/142/548 867/143/548
f 868/144/549 869/145/549 870/146/549
f 871/147/550 872/148/550 873/149/550
f 874/150/551 875/151/551 876/152/551
f 877/153/552 878/154/552 879/155/552
f 880/156/553 881/157/553 882/158/553
f 883/159/554 884/160/554 885/161/554
f 880/156/555 868/144/555 870/146/555 881/157/555
f 871/162/556 883/159/556 885/161/556 872/163/556
f 862/138/557 874/150/557 876/164/557 863/139/557
f 877/153/558 866/165/558 865/166/558 878/154/558
f 878/154/559 876/167/559 875/168/559 879/169/559
f 884/170/560 882/171/560 881/172/560 885/161/560
f 872/163/561 870/173/561 869/174/561 873/149/561
f 863/175/562 865/141/562 867/143/562 864/176/562
f 870/173/563 872/163/563 885/161/563 881/172/563
f 876/167/564 878/154/564 865/166/564 863/177/564
f 880/156/565 874/150/565 862/138/565 868/144/565
f 883/178/566 877/179/566 879/169/566 884/170/566
f 874/150/567 880/156/567 882/171/567 875/168/567
f 866/142/568 871/147/568 873/149/568 867/143/568
f 868/144/569 862/138/569 864/140/569 869/145/569
f 869/174/570 864/176/570 867/143/570 873/149/570
f 871/180/571 866/181/571 877/179/571 883/178/571
f 875/168/572 882/171/572 884/170/572 879/169/572
f 886/138/600 887/139/600 888/140/600
f 889/141/601 890/142/601 891/143/601
f 892/144/602 893/145/602 894/146/602
f 895/147/603 896/148/603 897/149/603
f 898/150/604 899/151/604 900/152/604
f 901/153/605 902/154/605 903/155/605
f 904/156/606 905/157/606 906/158/606
f 907/159/607 908/160/607 909/161/607
f 904/156/608 892/144/608 894/146/608 905/157/608
f 895/162/609 907/159/609 909/161/609 896/163/609
f 886/138/610 898/150/610 900/164/610 887/139/610
f 901/153/611 890/165/611 889/166/611 902/154/611
f 902/154/612 900/167/612 899/168/612 903/169/612
f 908/170/613 906/171/613 905/172/613 909/161/613
f 896/163/614 894/173/614 893/174/614 897/149/614
f 887/175/615 889/141/615 891/143/615 888/176/615
f 894/173/616 896/163/616 909/161/616 905/172/616
f 900/167/617 902/154/617 889/166/617 887/177/617
f 904/156/618 898/150/618 886/138/618 892/144/618
f 907/178/619 901/179/619 903/169/619 908/170/619
f 898/150/620 904/156/620 906/171/620 899/168/620
f 890/142/621 895/147/621 897/149/621 891/143/621
f 892/144/622 886/138/622 888/140/622 893/145/622
f 893/174/623 888/176/623 891/143/623 897/149/623
f 895/180/624 890/181/624 901/179/624 907/178/624
f 899/168/625 906/171/625 908/170/625 903/169/625
f 910/138/626 911/139/626 912/140/626
f 913/141/627 914/142/627 915/143/627
f 916/144/628 917/145/628 918/146/628
f 919/147/629 920/148/629 921/149/629
f 922/150/630 923/151/630 924/152/630
f 925/153/631 926/154/631 927/155/631
f 928/156/632 929/157/632 930/158/632
f 931/159/633 932/160/633 933/161/633
f 928/156/634 916/144/634 918/146/634 929/157/634
f 919/162/635 931/159/635 933/161/635 920/163/635
f 910/138/636 922/150/636 924/164/636 911/139/636
f 925/153/637 914/165/637 913/166/637 926/154/637
f 926/154/638 924/167/638 923/168/638 927/169/638
f 932/170/639 930/171/639 929/172/639 933/161/639
f 920/163/640 918/173/640 917/174/640 921/149/640
f 911/175/641 913/141/641 915/143/641 912/176/641
f 918/173/642 920/163/642 933/161/642 929/172/642
f 924/167/643 926/154/643 913/166/643 911/177/643
f 928/156/644 922/150/644 910/138/644 916/144/644
f 931/178/645 925/179/645 927/169/645 932/170/645
f 922/150/646 928/156/646 930/171/646 923/168/646
f 914/142/647 919/147/647 921/149/647 915/143/647
f 916/144/648 910/138/648 912/140/648 917/145/648
f 917/174/649 912/176/649 915/143/649 921/149/649
f 919/180/650 914/181/650 925/179/650 931/178/650
f 923/168/651 930/171/651 932/170/651 927/169/651
f 934/138/652 935/139/652 936/140/652
f 937/141/653 938/142/653 939/143/653
f 940/144/654 941/145/654 942/146/654
f 943/147/655 944/148/655 945/149/655
f 946/150/656 947/151/656 948/152/656
f 949/153/657 950/154/657 951/155/657
f 952/156/658 953/157/658 954/158/658
f 955/159/659 956/160/659 957/161/659
f 952/156/660 940/144/660 942/146/660 953/157/660
f 943/162/661 955/159/661 957/161/661 944/163/661
f 934/138/662 946/150/662 948/164/662 935/139/662
f 949/153/663 938/165/663 937/166/663 950/154/663
f 950/154/664 948/167/664 947/168/664 951/169/664
f 956/170/665 954/171/665 953/172/665 957/161/665
f 944/163/666 942/173/666 941/174/666 945/149/666
f 935/175/667 937/141/667 939/143/667 936/176/667
f 942/173/668 944/163/668 957/161/668 953/172/668
f 948/167/669 950/154/669 937/166/669 935/177/669
f 952/156/670 946/150/670 934/138/670 940/144/670
f 955/178/671 949/179/671 951/169/671 956/170/671
f 946/150/672 952/156/672 954/171/672 947/168/672
f 938/142/673 943/147/673 945/149/673 939/143/673
f 940/144/674 934/138/674 936/140/674 941/145/674
f 941/174/675 936/176/675 939/143/675 945/149/675
f 943/180/676 938/181/676 949/179/676 955/178/676
f 947/168/677 954/171/677 956/170/677 951/169/677
f 958/138/678 959/139/678 960/140/678
f 961/141/679 962/142/679 963/143/679
f 964/144/680 965/145/680 966/146/680
f 967/147/681 968/148/681 969/149/681
f 970/150/682 971/151/682 972/152/682
f 973/153/683 974/154/683 975/155/683
f 976/156/684 977/157/684 978/158/684
f 979/159/685 980/160/685 981/161/685
f 976/156/686 964/144/686 966/146/686 977/157/686
f 967/162/687 979/159/687 981/161/687 968/163/687
f 958/138/688 970/150/688 972/164/688 959/139/688
f 973/153/689 962/165/689 961/166/689 974/154/689
f 974/154/690 972/167/690 971/168/690 975/169/690
f 980/170/691 978/171/691 977/172/691 981/161/691
f 968/163/692 966/173/692 965/174/692 969/149/692
f 959/175/693 961/141/693 963/143/693 960/176/693
f 966/173/694 968/163/694 981/161/694 977/172/694
f 972/167/695 974/154/695 961/166/695 959/177/695
f 976/156/696 970/150/696 958/138/696 964/144/696
f 979/178/697 973/179/697 975/169/697 980/170/697
f 970/150/698 976/156/698 978/171/698 971/168/698
f 962/142/699 967/147/699 969/149/699 963/143/699
f 964/144/700 958/138/700 960/140/700 965/145/700
f 965/174/701 960/176/701 963/143/701 969/149/701
f 967/180/702 962/181/702 973/179/702 979/178/702
f 971/168/703 978/171/703 980/170/703 975/169/703
f 982/138/704 983/139/704 984/140/704
f 985/141/705 986/142/705 987/143/705
f 988/144/706 989/145/706 990/146/706
f 991/147/707 992/148/707 993/149/707
f 994/150/708 995/151/708 996/152/708
f 997/153/709 998/154/709 999/155/709
f 1000/156/710 1001/157/710 1002/158/710
f 1003/159/711 1004/160/711 1005/161/711
f 1000/156/712 988/144/712 990/146/712 1001/157/712
f 991/162/713 1003/159/713 1005/161/713 992/163/713
f 982/138/714 994/150/714 996/164/714 983/139/714
f 997/153/715 986/165/715 985/166/715 998/154/715
f 998/154/716 996/167/716 995/168/716 999/169/716
f 1004/170/717 1002/171/717 1001/172/717 1005/161/717
f 992/163/718 990/173/718 989/174/718 993/149/718
f 983/175/719 985/141/719 987/143/719 984/176/719
f 990/173/720 992/163/720 1005/161/720 1001/172/720
f 996/167/721 998/154/721 985/166/721 983/177/721
f 1000/156/722 994/150/722 982/138/722 988/144/722
f 1003/178/723 997/179/723 999/169/723 1004/170/723
f 994/150/724 1000/156/724 1002/171/724 995/168/724
f 986/142/725 991/147/725 993/149/725 987/143/725
f 988/144/726 982/138/726 984/140/726 989/145/726
f 989/174/727 984/176/727 987/143/727 993/149/727
f 991/180/728 986/181/728 997/179/728 1003/178/728
f 995/168/729 1002/171/729 1004/170/729 999/169/729
f 1006/138/730 1007/139/730 1008/140/730
f 1009/141/731 1010/142/731 1011/143/731
f 1012/144/732 1013/145/732 1014/146/732
f 1015/147/733 1016/148/733 1017/149/733
f 1018/150/734 1019/151/734 1020/152/734
f 1021/153/735 1022/154/735 1023/155/735
f 1024/156/736 1025/157/736 1026/158/736
f 1027/159/737 1028/160/737 1029/161/737
f 1024/156/738 1012/144/738 1014/146/738 1025/157/738
f 1015/162/739 1027/159/739 1029/161/739 1016/163/739
f 1006/138/740 1018/150/740 1020/164/740 1007/139/740
f 1021/153/741 1010/165/741 1009/166/741 1022/154/741
f 1022/154/742 1020/167/742 1019/168/742 1023/169/742
f 1028/170/743 1026/171/743 1025/172/743 1029/161/743
f 1016/163/744 1014/173/744 1013/174/744 1017/149/744
f 1007/175/745 1009/141/745 1011/143/745 1008/176/745
f 1014/173/746 1016/163/746 1029/161/746 1025/172/746
f 1020/167/747 1022/154/747 1009/166/747 1007/177/747
f 1024/156/748 1018/150/748 1006/138/748 1012/144/748
f 1027/178/749 1021/179/749 1023/169/749 1028/170/749
f 1018/150/750 1024/156/750 1026/171/750 1019/168/750
f 1010/142/751 1015/147/751 1017/149/751 1011/143/751
f 1012/144/752 1006/138/752 1008/140/752 1013/145/752
f 1013/174/753 1008/176/753 1011/143/753 1017/149/753
f 1015/180/754 1010/181/754 1021/179/754 1027/178/754
f 1019/168/755 1026/171/755 1028/170/755 1023/169/755
f 1030/138/756 1031/139/756 1032/140/756
f 1033/141/757 1034/142/757 1035/143/757
f 1036/144/758 1037/145/758 1038/146/758
f 1039/147/759 1040/148/759 1041/149/759
f 1042/150/760 1043/151/760 1044/152/760
f 1045/153/761 1046/154/761 1047/155/761
f 1048/156/762 1049/157/762 1050/158/762
f 1051/159/763 1052/160/763 1053/161/763
f 1048/156/764 1036/144/764 1038/146/764 1049/157/764
f 1039/162/765 1051/159/765 1053/161/765 1040/163/765
f 1030/138/766 1042/150/766 1044/164/766 1031/139/766
f 1045/153/767 1034/165/767 1033/166/767 1046/154/767
f 1046/154/768 1044/167/768 1043/168/768 1047/169/768
f 1052/170/769 1050/171/769 1049/172/769 1053/161/769
f 1040/163/770 1038/173/770 1037/174/770 1041/149/770
f 1031/175/771 1033/141/771 1035/143/771 1032/176/771
f 1038/173/772 1040/163/772 1053/161/772 1049/172/772
f 1044/167/773 1046/154/773 1033/166/773 1031/177/773
f 1048/156/774 1042/150/774 1030/138/774 1036/144/774
f 1051/178/775 1045/179/775 1047/169/775 1052/170/775
f 1042/150/776 1048/156/776 1050/171/776 1043/168/776
f 1034/142/777 1039/147/777 1041/149/777 1035/143/777
f 1036/144/778 1030/138/778 1032/140/778 1037/145/778
f 1037/174/779 1032/176/779 1035/143/779 1041/149/779
f 1039/180/780 1034/181/780 1045/179/780 1051/178/780
f 1043/168/781 1050/171/781 1052/170/781 1047/169/781
f 1054/138/782 1055/139/782 1056/140/782
f 1057/141/783 1058/142/783 1059/143/783
f 1060/144/784 1061/145/784 1062/146/784
f 1063/147/785 1064/148/785 1065/149/785
f 1066/150/786 1067/151/786 1068/152/786
f 1069/153/787 1070/154/787 1071/155/787
f 1072/156/788 1073/157/788 1074/158/788
f 1075/159/789 1076/160/789 1077/161/789
f 1072/156/790 1060/144/790 1062/146/790 1073/157/790
f 1063/162/791 1075/159/791 1077/161/791 1064/163/791
f 1054/138/792 1066/150/792 1068/164/792 1055/139/792
f 1069/153/793 1058/165/793 1057/166/793 1070/154/793
f 1070/154/794 1068/167/794 1067/168/794 1071/169/794
f 1076/170/795 1074/171/795 1073/172/795 1077/161/795
f 1064/163/796 1062/173/796 1061/174/796 1065/149/796
f 1055/175/797 1057/141/797 1059/143/797 1056/176/797
f 1062/173/798 1064/163/798 1077/161/798 1073/172/798
f 1068/167/799 1070/154/799 1057/166/799 1055/177/799
f 1072/156/800 1066/150/800 1054/138/800 1060/144/800
f 1075/178/801 1069/179/801 1071/169/801 1076/170/801
f 1066/150/802 1072/156/802 1074/171/802 1067/168/802
f 1058/142/803 1063/147/803 1065/149/803 1059/143/803
f 1060/144/804 1054/138/804 1056/140/804 1061/145/804
f 1061/174/805 1056/176/805 1059/143/805 1065/149/805
f 1063/180/806 1058/181/806 1069/179/806 1075/178/806
f 1067/168/807 1074/171/807 1076/170/807 1071/169/807
f 1078/138/808 1079/139/808 1080/140/808
f 1081/141/809 1082/142/809 1083/143/809
f 1084/144/810 1085/145/810 1086/146/810
f 1087/147/811 1088/148/811 1089/149/811
f 1090/150/812 1091/151/812 1092/152/812
f 1093/153/813 1094/154/813 1095/155/813
f 1096/156/814 1097/157/814 1098/158/814
f 1099/159/815 1100/160/815 1101/161/815
f 1096/156/816 1084/144/816 1086/146/816 1097/157/816
f 1087/162/817 1099/159/817 1101/161/817 1088/163/817
f 1078/138/818 1090/150/818 1092/164/818 1079/139/818
f 1093/153/819 1082/165/819 1081/166/819 1094/154/819
f 1094/154/820 1092/167/820 1091/168/820 1095/169/820
f 1100/170/821 1098/171/821 1097/172/821 1101/161/821
f 1088/163/822 1086/173/822 1085/174/822 1089/149/822
f 1079/175/823 1081/141/823 1083/143/823 1080/176/823
f 1086/173/824 1088/163/824 1101/161/824 1097/172/824
f 1092/167/825 1094/154/825 1081/166/825 1079/177/825
f 1096/156/826 1090/150/826 1078/138/826 1084/144/826
f 1099/178/827 1093/179/827 1095/169/827 1100/170/827
f 1090/150/828 1096/156/828 1098/171/828 1091/168/828
f 1082/142/829 1087/147/829 1089/149/829 1083/143/829
f 1084/144/830 1078/138/830 1080/140/830 1085/145/830
f 1085/174/831 1080/176/831 1083/143/831 1089/149/831
f 1087/180/832 1082/181/832 1093/179/832 1099/178/832
f 1091/168/833 1098/171/833 1100/170/833 1095/169/833
f 1102/138/834 1103/139/834 1104/140/834
f 1105/141/835 1106/142/835 1107/143/835
f 1108/144/836 1109/145/836 1110/146/836
f 1111/147/837 1112/148/837 1113/149/837
f 1114/150/838 1115/151/838 1116/152/838
f 1117/153/839 1118/154/839 1119/155/839
f 1120/156/840 1121/157/840 1122/158/840
f 1123/159/841 1124/160/841 1125/161/841
f 1120/156/842 1108/144/842 1110/146/842 1121/157/842
f 1111/162/843 1123/159/843 1125/161/843 1112/163/843
f 1102/138/844 1114/150/844 1116/164/844 1103/139/844
f 1117/153/845 1106/165/845 1105/166/845 1118/154/845
f 1118/154/846 1116/167/846 1115/168/846 1119/169/846
f 1124/170/847 1122/171/847 1121/172/847 1125/161/847
f 1112/163/848 1110/173/848 1109/174/848 1113/149/848
f 1103/175/849 1105/141/849 1107/143/849 1104/176/849
f 1110/173/850 1112/163/850 1125/161/850 1121/172/850
f 1116/167/851 1118/154/851 1105/166/851 1103/177/851
f 1120/156/852 1114/150/852 1102/138/852 1108/144/852
f 1123/178/853 1117/179/853 1119/169/853 1124/170/853
f 1114/150/854 1120/156/854 1122/171/854 1115/168/854
f 1106/142/855 1111/147/855 1113/149/855 1107/143/855
f 1108/144/856 1102/138/856 1104/140/856 1109/145/856
f 1109/174/857 1104/176/857 1107/143/857 1113/149/857
f 1111/180/858 1106/181/858 1117/179/858 1123/178/858
f 1115/168/859 1122/171/859 1124/170/859 1119/169/859
o stone_wall_L
v 6.192269 0.016139 4.307829
v 6.301490 -0.097026 4.317814
v 6.213490 -0.086614 4.166399
v 6.275019 -0.542390 4.275508
v 6.199800 -0.651311 4.270375
v 6.211684 -0.555384 4.103760
v 5.144135 0.015305 4.207536
v 5.161174 -0.106910 4.059412
v 5.066872 -0.122425 4.224196
v 5.155887 -0.673324 4.194623
v 5.077787 -0.562040 4.198727
v 5.175556 -0.564851 4.064759
v 6.168673 0.005317 4.590611
v 6.154091 -0.102615 4.755894
v 6.257764 -0.100863 4.589927
v 6.192703 -0.670604 4.580058
v 6.281824 -0.549107 4.580015
v 6.169353 -0.567941 4.733941
v 5.121012 -0.013630 4.491506
v 5.040501 -0.124605 4.481155
v 5.103251 -0.119845 4.654863
v 5.135231 -0.672781 4.461584
v 5.105723 -0.582710 4.626598
v 5.038037 -0.583773 4.469934
v 0.548744 -0.694518 4.435613
v 0.413627 -0.580352 4.433192
v 0.548982 -0.586735 4.275724
v 0.437337 -0.130431 4.379164
v 0.558519 -0.017413 4.368126
v 0.570018 -0.132004 4.209193
v 2.113107 -0.700302 4.361851
v 2.107295 -0.591112 4.198023
v 2.237518 -0.587863 4.357128
v 2.121043 -0.022884 4.291199
v 2.258789 -0.135133 4.296237
v 2.104776 -0.130749 4.166387
v 0.558742 -0.681024 4.721282
v 0.571359 -0.573610 4.875521
v 0.422084 -0.569062 4.715691
v 0.561764 0.007179 4.658817
v 0.427824 -0.116789 4.667016
v 0.569397 -0.110791 4.813959
v 2.118881 -0.687128 4.647181
v 2.259548 -0.575946 4.628439
v 2.128717 -0.580242 4.783171
v 2.124506 -0.009681 4.574674
v 2.153974 -0.114694 4.729725
v 2.266797 -0.121430 4.577188
v 3.284398 0.004067 4.377854
v 3.381758 -0.109265 4.386845
v 3.304731 -0.098702 4.236532
v 3.359269 -0.554553 4.344901
v 3.292499 -0.663346 4.340465
v 3.304429 -0.567431 4.174076
v 2.351843 0.004901 4.287199
v 2.368543 -0.117321 4.139235
v 2.283100 -0.132699 4.304532
v 2.363514 -0.683698 4.274262
v 2.293747 -0.572298 4.279052
v 2.382029 -0.575253 4.144479
v 3.260855 -0.006741 4.660270
v 3.246552 -0.114656 4.825353
v 3.340373 -0.113055 4.658793
v 3.283422 -0.682652 4.649577
v 3.362600 -0.561305 4.648722
v 3.261080 -0.579972 4.803346
v 2.328739 -0.024019 4.570797
v 2.257306 -0.134858 4.561201
v 2.311620 -0.130212 4.733988
v 2.342716 -0.683145 4.540863
v 2.314809 -0.593046 4.705796
v 2.255939 -0.593989 4.550062
v 3.398989 -0.683300 4.360977
v 3.263873 -0.569134 4.358556
v 3.399228 -0.575517 4.201088
v 3.287582 -0.119213 4.304528
v 3.408764 -0.006195 4.293489
v 3.420264 -0.120786 4.134556
v 4.963353 -0.689084 4.287215
v 4.957541 -0.579894 4.123386
v 5.087764 -0.576645 4.282492
v 4.971289 -0.011666 4.216562
v 5.109035 -0.123915 4.221601
v 4.955021 -0.119531 4.091750
v 3.408988 -0.669806 4.646646
v 3.421605 -0.562392 4.800885
v 3.272329 -0.557844 4.641055
v 3.412009 0.018397 4.584181
v 3.278069 -0.105571 4.592380
v 3.419643 -0.099573 4.739323
v 4.969127 -0.675910 4.572545
v 5.109794 -0.564728 4.553803
v 4.978963 -0.569023 4.708535
v 4.974751 0.001537 4.500038
v 5.004220 -0.103476 4.655089
v 5.117043 -0.110211 4.502552
v 0.385157 -0.007344 4.453773
v 0.482518 -0.120676 4.462764
v 0.405492 -0.110112 4.312451
v 0.460029 -0.565964 4.420820
v 0.393259 -0.674757 4.416384
v 0.405189 -0.578842 4.249995
v -0.547398 -0.006510 4.363118
v -0.530697 -0.128732 4.215154
v -0.616140 -0.144110 4.380451
v -0.535726 -0.695109 4.350182
v -0.605493 -0.583709 4.354971
v -0.517211 -0.586664 4.220399
v 0.361615 -0.018151 4.736189
v 0.347312 -0.126067 4.901273
v 0.441133 -0.124466 4.734713
v 0.384181 -0.694063 4.725496
v 0.463360 -0.572715 4.724641
v 0.361839 -0.591383 4.879265
v -0.570501 -0.035429 4.646716
v -0.641934 -0.146269 4.637120
v -0.587620 -0.141623 4.809907
v -0.556524 -0.694556 4.616782
v -0.584431 -0.604457 4.781715
v -0.643301 -0.605400 4.625981
v -0.681799 -0.013001 4.467321
v -0.612168 -0.126723 4.473990
v -0.663531 -0.115803 4.326169
v -0.625345 -0.571841 4.432878
v -0.672364 -0.680340 4.430073
v -0.660315 -0.584446 4.264115
v -1.344130 -0.008266 4.399190
v -1.328212 -0.130501 4.251517
v -1.392951 -0.145564 4.418112
v -1.332643 -0.696809 4.386208
v -1.382932 -0.585136 4.392603
v -1.316824 -0.588424 4.256534
v -0.705229 -0.023780 4.749045
v -0.718887 -0.131662 4.913764
v -0.648092 -0.130409 4.745716
v -0.686085 -0.699684 4.738035
v -0.630152 -0.578683 4.735275
v -0.706079 -0.596964 4.891626
v -1.367201 -0.037156 4.682086
v -1.417411 -0.147680 4.674255
v -1.382828 -0.143304 4.844986
v -1.353790 -0.696236 4.652119
v -1.377963 -0.606076 4.816960
v -1.416210 -0.606735 4.663314
v 7.027941 0.017343 4.265434
v 7.097571 -0.096379 4.272104
v 7.046209 -0.085459 4.124282
v 7.084394 -0.541497 4.230992
v 7.037375 -0.649996 4.228186
v 7.049425 -0.554102 4.062229
v 6.365609 0.022078 4.197304
v 6.381527 -0.100157 4.049630
v 6.316789 -0.115220 4.216225
v 6.377096 -0.666465 4.184321
v 6.326808 -0.554792 4.190717
v 6.392916 -0.558080 4.054647
v 7.004511 0.006564 4.547159
v 6.990852 -0.101317 4.711877
v 7.061647 -0.100065 4.543830
v 7.023655 -0.669339 4.536149
v 7.079588 -0.548339 4.533389
v 7.003660 -0.566620 4.689740
v 6.342539 -0.006812 4.480199
v 6.292330 -0.117336 4.472369
v 6.326911 -0.112960 4.643100
v 6.355949 -0.665892 4.450233
v 6.331778 -0.575732 4.615074
v 6.293530 -0.576391 4.461428
v -0.507727 -0.699921 4.602908
v -0.617836 -0.813700 4.594083
v -0.532078 -0.805749 4.746855
v -0.596262 -1.259880 4.649214
v -0.522186 -1.368402 4.658721
v -0.535695 -1.275935 4.822531
v 0.538506 -0.695308 4.722165
v 0.518048 -0.820711 4.873424
v 0.614685 -0.832189 4.710705
v 0.520001 -1.384503 4.753939
v 0.599196 -1.272541 4.748160
v 0.499389 -1.278790 4.880495
v -0.479925 -0.704800 4.320741
v -0.463854 -0.809284 4.158646
v -0.570007 -0.811665 4.322759
v -0.510547 -1.381323 4.349581
v -0.598481 -1.260425 4.344653
v -0.483879 -1.275315 4.193217
v 0.565681 -0.718284 4.439302
v 0.644948 -0.828930 4.454182
v 0.584916 -0.821068 4.279143
v 0.544729 -1.378357 4.487231
v 0.577603 -1.284674 4.320191
v 0.642865 -1.288455 4.478167
v 5.129026 -1.367824 4.596527
v 5.265146 -1.252705 4.598223
v 5.127374 -1.263276 4.753488
v 5.244907 -0.803914 4.639387
v 5.124675 -0.691954 4.645115
v 5.109662 -0.809910 4.807076
v 3.564023 -1.386307 4.642266
v 3.568373 -1.280389 4.803239
v 3.440654 -1.274819 4.641634
v 3.561466 -0.710175 4.694045
v 3.422774 -0.823342 4.689628
v 3.574793 -0.820509 4.822186
v 5.123520 -1.348559 4.310193
v 5.114285 -1.238050 4.152692
v 5.261113 -1.235699 4.315150
v 5.126102 -0.661437 4.353571
v 5.258941 -0.784318 4.351217
v 5.119716 -0.776328 4.201498
v 3.562732 -1.367340 4.356356
v 3.422887 -1.257512 4.369490
v 3.555993 -1.257711 4.217176
v 3.562456 -0.691200 4.410032
v 3.534365 -0.793289 4.257297
v 3.419188 -0.803950 4.408045
v 2.400093 -0.689767 4.585629
v 2.301824 -0.803647 4.578018
v 2.376630 -0.795601 4.729486
v 2.319422 -1.249772 4.632713
v 2.385065 -1.358213 4.641368
v 2.371512 -1.265753 4.804950
v 3.330949 -0.684114 4.693115
v 3.310831 -0.809517 4.844219
v 3.398622 -0.820911 4.680825
v 3.312523 -1.373279 4.724913
v 3.383401 -1.261247 4.718295
v 3.293068 -1.267584 4.851409
v 2.427835 -0.694638 4.303828
v 2.443624 -0.799111 4.141927
v 2.347309 -0.801584 4.306815
v 2.398673 -1.371144 4.332834
v 2.320666 -1.250341 4.328901
v 2.424333 -1.265128 4.176565
v 3.358098 -0.707082 4.410624
v 3.428304 -0.817642 4.424581
v 3.376690 -0.809852 4.250619
v 3.337389 -1.367129 4.458569
v 3.368662 -1.273432 4.291580
v 3.425126 -1.277136 4.448462
v 2.278734 -1.378515 4.619480
v 2.414855 -1.263397 4.621177
v 2.277082 -1.273968 4.776442
v 2.394615 -0.814606 4.662341
v 2.274384 -0.702646 4.668068
v 2.259371 -0.820602 4.830029
v 0.713732 -1.396999 4.665219
v 0.718081 -1.291081 4.826192
v 0.590363 -1.285510 4.664587
v 0.711174 -0.720867 4.716999
v 0.572483 -0.834034 4.712582
v 0.724502 -0.831200 4.845139
v 2.273228 -1.359251 4.333146
v 2.263993 -1.248742 4.175646
v 2.410821 -1.246391 4.338103
v 2.275811 -0.672128 4.376524
v 2.408649 -0.795010 4.374171
v 2.269424 -0.787020 4.224451
v 0.712440 -1.378031 4.379309
v 0.572595 -1.268204 4.392444
v 0.705701 -1.268403 4.240129
v 0.712165 -0.701892 4.432985
v 0.684073 -0.803980 4.280251
v 0.568896 -0.814642 4.430998
v 5.299380 -0.678891 4.562282
v 5.201111 -0.792771 4.554670
v 5.275916 -0.784725 4.706137
v 5.218709 -1.238896 4.609365
v 5.284352 -1.347338 4.618020
v 5.270800 -1.254877 4.781602
v 6.230237 -0.673239 4.669766
v 6.210118 -0.798642 4.820871
v 6.297909 -0.810036 4.657476
v 6.211811 -1.362404 4.701564
v 6.282688 -1.250371 4.694947
v 6.192355 -1.256709 4.828061
v 5.327123 -0.683762 4.280480
v 5.342912 -0.788236 4.118578
v 5.246596 -0.790709 4.283467
v 5.297961 -1.360268 4.309486
v 5.219953 -1.239466 4.305553
v 5.323620 -1.254253 4.153217
v 6.257385 -0.696207 4.387276
v 6.327591 -0.806766 4.401233
v 6.275978 -0.798976 4.227271
v 6.236677 -1.356253 4.435221
v 6.267950 -1.262556 4.268232
v 6.324413 -1.266261 4.425114
v 6.366120 -0.676641 4.568127
v 6.295532 -0.790761 4.563348
v 6.344724 -0.782490 4.711851
v 6.303836 -1.236766 4.617038
v 6.349762 -1.345020 4.623697
v 6.336097 -1.252573 4.786847
v 7.027226 -0.668558 4.648097
v 7.007896 -0.793964 4.798925
v 7.075011 -0.805164 4.633850
v 7.008986 -1.357667 4.679943
v 7.060418 -1.245469 4.671360
v 6.992226 -1.252011 4.806381
v 6.393739 -0.681499 4.287014
v 6.408880 -0.785951 4.125465
v 6.335556 -0.788638 4.292266
v 6.367994 -1.357978 4.316399
v 6.313191 -1.237396 4.314801
v 6.391304 -1.251945 4.160264
v 7.054332 -0.691512 4.366307
v 7.103353 -0.801872 4.378107
v 7.071429 -0.794253 4.206565
v 7.034190 -1.351509 4.414294
v 7.061728 -1.257780 4.247328
v 7.097612 -1.261305 4.401742
v -1.343745 -0.705561 4.630215
v -1.414333 -0.819681 4.625436
v -1.365141 -0.811411 4.773939
v -1.406028 -1.265686 4.679127
v -1.360103 -1.373941 4.685785
v -1.373768 -1.281494 4.848935
v -0.682637 -0.697479 4.710186
v -0.701968 -0.822885 4.861014
v -0.634852 -0.834085 4.695939
v -0.700879 -1.386588 4.742031
v -0.649446 -1.274389 4.733448
v -0.717639 -1.280932 4.868469
v -1.316125 -0.710419 4.349102
v -1.300985 -0.814871 4.187553
v -1.374309 -0.817558 4.354355
v -1.341871 -1.386899 4.378487
v -1.396673 -1.266316 4.376889
v -1.318560 -1.280865 4.222353
v -0.655532 -0.720433 4.428396
v -0.606512 -0.830792 4.440195
v -0.638435 -0.823173 4.268653
v -0.675674 -1.380430 4.476382
v -0.648136 -1.286700 4.309416
v -0.612252 -1.290225 4.463830
v -1.378881 -2.076864 4.412426
v -1.513930 -1.962672 4.407421
v -1.376118 -1.969072 4.252516
v -1.489467 -1.512752 4.353799
v -1.368184 -1.399758 4.345058
v -1.354131 -1.514341 4.186338
v 0.186023 -2.082950 4.368455
v 0.182799 -1.973749 4.204490
v 0.310434 -1.970535 4.366092
v 0.194933 -1.405529 4.297888
v 0.332567 -1.517806 4.305561
v 0.180685 -1.513384 4.172762
v -1.373441 -2.063389 4.698313
v -1.363310 -1.955987 4.852799
v -1.509980 -1.951401 4.690109
v -1.369576 -1.375183 4.635840
v -1.503566 -1.499125 4.641499
v -1.364393 -1.493164 4.791153
v 0.187246 -2.069794 4.653924
v 0.328130 -1.958639 4.637850
v 0.194888 -1.962918 4.790106
v 0.193875 -1.392344 4.581457
v 0.220884 -1.497372 4.737095
v 0.336093 -1.504120 4.586692
v 1.356428 -1.378811 4.406711
v 1.453630 -1.492162 4.417566
v 1.379028 -1.481575 4.265770
v 1.431917 -1.937443 4.375229
v 1.365268 -2.046224 4.369530
v 1.379824 -1.950301 4.203343
v 0.425697 -1.377789 4.298282
v 0.444775 -1.500005 4.150631
v 0.356736 -1.515377 4.314319
v 0.437721 -2.066390 4.285626
v 0.367881 -1.954976 4.289078
v 0.458271 -1.957941 4.156173
v 1.328398 -1.389631 4.688708
v 1.311494 -1.497553 4.853545
v 1.407930 -1.495960 4.688756
v 1.351273 -2.065546 4.678503
v 1.430407 -1.944214 4.679145
v 1.326468 -1.962870 4.831853
v 0.398090 -1.406721 4.581471
v 0.326864 -1.517546 4.570524
v 0.378401 -1.512921 4.744362
v 0.412683 -2.065848 4.551858
v 0.382139 -1.975754 4.716269
v 0.325775 -1.976676 4.559398
v 2.600509 -2.064467 4.609994
v 2.713380 -1.949747 4.599794
v 2.611385 -1.957410 4.746440
v 2.680973 -1.503600 4.617075
v 2.602551 -1.395779 4.612530
v 2.602791 -1.486876 4.784011
v 1.512244 -2.078320 4.655129
v 1.518222 -1.951681 4.796996
v 1.433211 -1.942328 4.627273
v 1.520374 -1.389064 4.632349
v 1.440638 -1.501776 4.630051
v 1.531441 -1.493602 4.768321
v 2.597232 -2.061916 4.326775
v 2.594057 -1.958821 4.155848
v 2.688581 -1.954220 4.326511
v 2.618257 -1.385230 4.302955
v 2.710684 -1.505252 4.314037
v 2.606115 -1.492581 4.154000
v 1.509463 -2.057679 4.369800
v 1.425186 -1.947747 4.370063
v 1.502874 -1.956300 4.200713
v 1.519000 -1.397388 4.365626
v 1.501283 -1.492558 4.204610
v 1.419792 -1.488260 4.356935
v 2.827850 -1.391673 4.572618
v 2.692636 -1.506798 4.559909
v 2.822582 -1.509317 4.719115
v 2.714354 -1.957256 4.559474
v 2.835105 -2.068961 4.557923
v 2.841197 -1.965408 4.730549
v 4.389459 -1.373412 4.661690
v 4.378005 -1.492781 4.811892
v 4.513655 -1.484092 4.653937
v 4.394766 -2.051241 4.650099
v 4.532700 -1.937819 4.659986
v 4.374263 -1.952433 4.787594
v 2.847623 -1.386168 4.285975
v 2.865485 -1.482630 4.119133
v 2.710758 -1.499329 4.276684
v 2.848294 -2.074232 4.264858
v 2.714692 -1.951971 4.270451
v 2.861274 -1.946688 4.124408
v 4.404996 -1.367659 4.375385
v 4.544966 -1.477831 4.381929
v 4.419454 -1.464829 4.226792
v 4.407930 -2.045664 4.365620
v 4.442734 -1.930761 4.223895
v 4.550321 -1.932855 4.378009
v 5.251363 -1.380392 4.263215
v 5.318850 -1.495384 4.270010
v 5.245509 -1.491487 4.132608
v 5.285960 -1.941909 4.280479
v 5.235017 -2.049217 4.297767
v 5.225245 -1.963109 4.122215
v 4.576021 -1.362459 4.311435
v 4.566244 -1.493270 4.176954
v 4.525640 -1.497258 4.353516
v 4.564718 -2.051147 4.371773
v 4.518549 -1.937963 4.374655
v 4.564531 -1.950616 4.229835
v 5.269580 -1.374677 4.545168
v 5.277187 -1.472785 4.721091
v 5.323238 -1.482827 4.543551
v 5.266645 -2.050827 4.604728
v 5.326091 -1.931576 4.579054
v 5.272621 -1.939069 4.747861
v 4.594225 -1.374776 4.596451
v 4.539264 -1.484307 4.609581
v 4.599636 -1.471205 4.770743
v 4.583211 -2.035045 4.636559
v 4.586288 -1.935089 4.792840
v 4.524899 -1.943421 4.648692
v 5.465728 -1.354133 4.600105
v 5.323833 -1.464623 4.597707
v 5.462128 -1.470747 4.748140
v 5.320917 -1.915648 4.602093
v 5.435226 -2.031476 4.594332
v 5.456462 -1.927231 4.764638
v 7.029799 -1.389179 4.588367
v 7.020136 -1.507285 4.740516
v 7.147259 -1.504135 4.574187
v 6.997496 -2.066980 4.585821
v 7.141854 -1.958300 4.585255
v 6.990000 -1.966754 4.722872
v 5.469965 -1.350878 4.312946
v 5.473336 -1.448829 4.146769
v 5.326720 -1.459330 4.314033
v 5.431952 -2.038801 4.301340
v 5.305620 -1.911958 4.313810
v 5.444120 -1.912524 4.158702
v 7.029842 -1.385529 4.301812
v 7.163857 -1.500442 4.300868
v 7.030782 -1.483970 4.154061
v 6.995261 -2.063414 4.301241
v 7.028445 -1.950531 4.156105
v 7.144172 -1.955488 4.302893
vn 0.6878 0.6324 -0.3563
vn 0.8013 -0.5414 -0.2545
vn -0.8102 0.4030 -0.4257
vn -0.7128 -0.4814 -0.5101
vn 0.6903 0.5764 0.4373
vn 0.7164 -0.5253 0.4592
vn -0.7910 0.5486 0.2707
vn -0.6353 -0.7199 0.2794
vn -0.8440 0.5343 -0.0465
vn -0.7513 -0.6507 -0.1100
vn 0.7353 0.6693 0.1069
vn 0.8142 -0.5801 -0.0242
vn 0.8280 0.0161 0.5605
vn -0.9299 -0.0157 0.3674
vn -0.8409 -0.0116 -0.5411
vn 0.9054 0.0207 -0.4241
vn -0.9922 -0.0043 -0.1244
vn 0.9979 -0.0064 0.0638
vn -0.0159 0.9975 0.0687
vn -0.0475 -0.8583 0.5109
vn -0.0660 0.8390 0.5402
vn 0.0436 -0.8247 -0.5639
vn 0.0521 0.7919 -0.6084
vn 0.0687 0.0625 -0.9957
vn 0.0144 -0.9994 -0.0318
vn -0.0971 -0.0556 0.9937
vn -0.5680 -0.6820 -0.4606
vn -0.6185 0.6155 -0.4885
vn 0.5840 -0.6657 -0.4644
vn 0.5201 0.6115 -0.5963
vn -0.5596 -0.6579 0.5040
vn -0.5641 0.6437 0.5172
vn 0.5837 -0.6584 0.4752
vn 0.5655 0.7288 0.3861
vn 0.6449 -0.7642 0.0022
vn 0.6247 0.7793 -0.0498
vn -0.6396 -0.7668 0.0542
vn -0.6818 0.7294 -0.0556
vn -0.7232 0.0855 0.6853
vn 0.7830 0.0430 0.6205
vn 0.7101 -0.0854 -0.6989
vn -0.7735 -0.0460 -0.6321
vn 0.9979 -0.0379 -0.0525
vn -0.9995 0.0323 -0.0033
vn -0.0016 -0.9989 0.0467
vn 0.0364 0.8135 0.5804
vn 0.0283 -0.8052 0.5923
vn -0.0228 0.7870 -0.6166
vn -0.0297 -0.8305 -0.5562
vn -0.0388 -0.1058 -0.9936
vn 0.0037 0.9978 -0.0657
vn 0.0561 0.1214 0.9910
vn 0.7285 0.5996 -0.3312
vn 0.8336 -0.5023 -0.2298
vn -0.8392 0.3689 -0.3995
vn -0.7513 -0.4498 -0.4830
vn 0.7307 0.5407 0.4168
vn 0.7549 -0.4895 0.4365
vn -0.8244 0.5100 0.2454
vn -0.6783 -0.6871 0.2606
vn -0.8705 0.4896 -0.0506
vn -0.7872 -0.6068 -0.1097
vn 0.7726 0.6258 0.1070
vn 0.8445 -0.5353 -0.0148
vn 0.8538 0.0161 0.5203
vn -0.9453 -0.0158 0.3259
vn -0.8650 -0.0119 -0.5016
vn 0.9248 0.0203 -0.3799
vn -0.9928 -0.0054 -0.1199
vn 0.9978 -0.0041 0.0659
vn -0.0154 0.9975 0.0687
vn -0.0497 -0.8580 0.5112
vn -0.0671 0.8386 0.5406
vn 0.0418 -0.8244 -0.5645
vn 0.0537 0.7915 -0.6087
vn 0.0671 0.0624 -0.9958
vn 0.0141 -0.9994 -0.0318
vn -0.0989 -0.0556 0.9935
vn 0.8317 0.4945 -0.2525
vn 0.9074 -0.3891 -0.1590
vn -0.9039 0.2765 -0.3263
vn -0.8436 -0.3569 -0.4012
vn 0.8294 0.4334 0.3526
vn 0.8476 -0.3834 0.3668
vn -0.9014 0.3973 0.1724
vn -0.7918 -0.5772 0.1996
vn -0.9278 0.3681 -0.0606
vn -0.8714 -0.4788 -0.1071
vn 0.8613 0.4971 0.1054
vn 0.9124 -0.4093 0.0101
vn 0.9107 0.0159 0.4128
vn -0.9755 -0.0157 0.2193
vn -0.9176 -0.0128 -0.3972
vn 0.9646 0.0192 -0.2631
vn -0.9940 -0.0080 -0.1093
vn 0.9975 0.0012 0.0708
vn -0.0135 0.9975 0.0690
vn -0.0577 -0.8574 0.5114
vn -0.0712 0.8380 0.5411
vn 0.0349 -0.8237 -0.5659
vn 0.0596 0.7908 -0.6091
vn 0.0611 0.0623 -0.9962
vn 0.0129 -0.9994 -0.0319
vn -0.1057 -0.0557 0.9928
vn -0.9278 0.3680 -0.0606
vn -0.6861 0.6367 0.3520
vn -0.8124 -0.5340 0.2344
vn 0.7978 0.4067 0.4451
vn 0.7123 -0.4773 0.5147
vn -0.6911 0.5743 -0.4387
vn -0.7008 -0.5292 -0.4783
vn 0.8026 0.5412 -0.2509
vn 0.6344 -0.7207 -0.2793
vn 0.8443 0.5312 0.0705
vn 0.7508 -0.6517 0.1075
vn -0.7350 0.6701 -0.1039
vn -0.8169 -0.5768 0.0001
vn -0.8192 0.0080 -0.5734
vn 0.9350 -0.0344 -0.3530
vn 0.8323 -0.0042 0.5542
vn -0.9112 0.0407 0.4099
vn 0.9902 -0.0098 0.1393
vn -0.9969 0.0009 -0.0789
vn 0.0097 0.9988 -0.0483
vn 0.0619 -0.8543 -0.5161
vn 0.0711 0.8425 -0.5341
vn -0.0488 -0.8276 0.5591
vn -0.0675 0.7904 0.6089
vn -0.0870 0.0905 0.9921
vn -0.0075 -0.9999 0.0113
vn 0.1152 -0.0839 -0.9898
vn 0.5702 -0.6810 0.4596
vn 0.6004 0.6189 0.5064
vn -0.5996 -0.6610 0.4511
vn -0.5231 0.6182 0.5867
vn 0.5608 -0.6619 -0.4973
vn 0.5808 0.6376 -0.5061
vn -0.5655 -0.6610 -0.4933
vn -0.5681 0.7286 -0.3825
vn -0.6441 -0.7645 -0.0277
vn -0.6251 0.7786 0.0557
vn 0.6397 -0.7663 -0.0595
vn 0.6794 0.7293 0.0812
vn 0.7365 0.0600 -0.6738
vn -0.7737 0.0329 -0.6327
vn -0.7236 -0.0596 0.6876
vn 0.7641 -0.0355 0.6441
vn -0.9990 -0.0273 0.0367
vn 0.9995 0.0233 0.0190
vn 0.0099 -0.9977 -0.0668
vn -0.0327 0.8160 -0.5772
vn -0.0112 -0.8033 -0.5955
vn 0.0055 0.7858 0.6184
vn 0.0264 -0.8337 0.5516
vn 0.0216 -0.0789 0.9966
vn -0.0124 0.9963 0.0856
vn -0.0392 0.0948 -0.9947
vn -0.7263 0.6049 0.3266
vn -0.8438 -0.4941 0.2094
vn 0.8282 0.3721 0.4191
vn 0.7504 -0.4459 0.4880
vn -0.7310 0.5387 -0.4189
vn -0.7407 -0.4932 -0.4562
vn 0.8351 0.5018 -0.2253
vn 0.6767 -0.6889 -0.2598
vn 0.8709 0.4859 0.0741
vn 0.7862 -0.6083 0.1087
vn -0.7718 0.6271 -0.1054
vn -0.8471 -0.5313 -0.0088
vn -0.8457 0.0094 -0.5335
vn 0.9497 -0.0334 -0.3114
vn 0.8572 -0.0059 0.5150
vn -0.9300 0.0393 0.3655
vn 0.9908 -0.0111 0.1348
vn -0.9967 0.0031 -0.0810
vn 0.0092 0.9988 -0.0484
vn 0.0641 -0.8540 -0.5163
vn 0.0723 0.8421 -0.5344
vn -0.0469 -0.8273 0.5598
vn -0.0691 0.7900 0.6092
vn -0.0854 0.0905 0.9922
vn -0.0072 -0.9999 0.0113
vn 0.1171 -0.0839 -0.9896
vn 0.5609 -0.6619 -0.4973
vn -0.8288 0.5023 0.2466
vn -0.9148 -0.3795 0.1384
vn 0.8964 0.2775 0.3456
vn 0.8414 -0.3545 0.4078
vn -0.8281 0.4322 -0.3571
vn -0.8375 -0.3858 -0.3870
vn 0.9092 0.3876 -0.1520
vn 0.7890 -0.5821 -0.1966
vn 0.9281 0.3630 0.0825
vn 0.8693 -0.4818 0.1101
vn -0.8594 0.4999 -0.1077
vn -0.9143 -0.4036 -0.0324
vn -0.9043 0.0127 -0.4267
vn 0.9784 -0.0306 -0.2046
vn 0.9115 -0.0101 0.4111
vn -0.9680 0.0353 0.2485
vn 0.9922 -0.0140 0.1241
vn -0.9963 0.0083 -0.0858
vn 0.0073 0.9988 -0.0486
vn 0.0719 -0.8534 -0.5163
vn 0.0765 0.8414 -0.5349
vn -0.0399 -0.8266 0.5613
vn -0.0748 0.7893 0.6094
vn -0.0795 0.0903 0.9927
vn -0.0060 -0.9999 0.0114
vn 0.1238 -0.0840 -0.9887
vn -0.9148 -0.3796 0.1385
vn -0.8593 0.4999 -0.1077
vn -0.5598 -0.6826 -0.4698
vn -0.6098 0.6160 -0.4987
vn 0.5924 -0.6651 -0.4546
vn 0.5311 0.6109 -0.5871
vn -0.5688 -0.6573 0.4943
vn -0.5734 0.6431 0.5076
vn 0.5752 -0.6589 0.4848
vn 0.5586 0.7292 0.3952
vn 0.6449 -0.7642 0.0125
vn 0.6256 0.7791 -0.0398
vn -0.6406 -0.7666 0.0439
vn -0.6808 0.7295 -0.0664
vn -0.7352 0.0853 0.6725
vn 0.7724 0.0432 0.6337
vn 0.7224 -0.0852 -0.6862
vn -0.7627 -0.0463 -0.6451
vn 0.9986 -0.0376 -0.0366
vn -0.9993 0.0320 -0.0192
vn -0.0027 -0.9989 0.0466
vn 0.0255 0.8136 0.5809
vn 0.0169 -0.8053 0.5926
vn -0.0109 0.7871 -0.6168
vn -0.0193 -0.8306 -0.5565
vn -0.0199 -0.1059 -0.9942
vn 0.0052 0.9978 -0.0656
vn 0.0373 0.1215 0.9919
vn 0.7343 0.5991 -0.3191
vn 0.8375 -0.5018 -0.2163
vn -0.8325 0.3691 -0.4131
vn -0.7429 -0.4504 -0.4952
vn 0.7234 0.5413 0.4286
vn 0.7474 -0.4898 0.4489
vn -0.8285 0.5096 0.2321
vn -0.6829 -0.6866 0.2494
vn -0.8696 0.4894 -0.0644
vn -0.7853 -0.6070 -0.1222
vn 0.7707 0.6259 0.1193
vn 0.8448 -0.5351 -0.0014
vn 0.8451 0.0163 0.5344
vn -0.9505 -0.0159 0.3104
vn -0.8566 -0.0122 -0.5158
vn 0.9310 0.0205 -0.3645
vn -0.9907 -0.0056 -0.1357
vn 0.9966 -0.0039 0.0817
vn -0.0166 0.9975 0.0685
vn -0.0596 -0.8580 0.5101
vn -0.0772 0.8386 0.5393
vn 0.0524 -0.8244 -0.5636
vn 0.0654 0.7915 -0.6076
vn 0.0861 0.0624 -0.9943
vn 0.0145 -0.9994 -0.0316
vn -0.1179 -0.0556 0.9915
vn 0.6627 -0.6139 0.4289
vn 0.7650 0.5692 0.3013
vn -0.8278 -0.4007 0.3926
vn -0.7329 0.5093 0.4512
vn 0.7065 -0.6002 -0.3751
vn 0.7318 0.5232 -0.4367
vn -0.7532 -0.5767 -0.3164
vn -0.6160 0.7060 -0.3495
vn -0.8331 -0.5531 0.0011
vn -0.7516 0.6586 0.0373
vn 0.7353 -0.6768 -0.0348
vn 0.7960 0.6015 0.0677
vn 0.8556 -0.0400 -0.5161
vn -0.8964 -0.0112 -0.4431
vn -0.8679 0.0342 0.4956
vn 0.8671 0.0090 0.4980
vn -0.9985 0.0029 0.0544
vn 0.9999 0.0115 0.0084
vn 0.0028 -0.9992 -0.0408
vn -0.0326 0.8381 -0.5445
vn -0.0234 -0.8570 -0.5147
vn 0.0010 0.8437 0.5368
vn 0.0310 -0.7664 0.6416
vn 0.0161 -0.0097 0.9998
vn -0.0024 1.0000 0.0038
vn -0.0434 0.0027 -0.9991
vn -0.5907 0.6394 0.4922
vn -0.6126 -0.6681 0.4224
vn 0.5812 0.6149 0.5330
vn 0.5057 -0.6631 0.5519
vn -0.5462 0.6985 -0.4623
vn -0.5610 -0.5863 -0.5843
vn 0.5766 0.7084 -0.4071
vn 0.5861 -0.6938 -0.4186
vn 0.6400 0.7652 0.0702
vn 0.6270 -0.7788 0.0196
vn -0.6414 0.7668 -0.0252
vn -0.6772 -0.7357 -0.0158
vn -0.7098 0.0010 -0.7044
vn 0.7989 0.0293 -0.6007
vn 0.6967 -0.0027 0.7173
vn -0.7896 -0.0277 0.6130
vn 0.9957 0.0269 0.0885
vn -0.9991 -0.0281 -0.0329
vn -0.0129 0.9997 0.0189
vn 0.0520 -0.7618 -0.6457
vn 0.0231 0.8531 -0.5213
vn -0.0180 -0.8377 0.5458
vn -0.0450 0.7818 0.6220
vn -0.0483 -0.0148 0.9987
vn 0.0148 -0.9999 0.0001
vn 0.0659 -0.0012 -0.9978
vn 0.7961 0.4429 -0.4124
vn 0.8531 -0.4481 -0.2673
vn -0.9357 0.2845 -0.2087
vn -0.8979 -0.3598 -0.2537
vn 0.8783 0.4327 0.2033
vn 0.8848 -0.3844 0.2632
vn -0.8444 0.4572 0.2792
vn -0.7659 -0.5347 0.3571
vn -0.9126 0.4055 0.0532
vn -0.8882 -0.4568 0.0500
vn 0.8782 0.4756 -0.0514
vn 0.8871 -0.4509 -0.0986
vn 0.9610 0.0170 0.2760
vn -0.9288 0.0522 0.3668
vn -0.9656 -0.0120 -0.2598
vn 0.9106 -0.0528 -0.4098
vn -0.9990 0.0263 0.0373
vn 0.9964 -0.0373 -0.0760
vn 0.0140 0.9998 0.0107
vn 0.0206 -0.8166 0.5768
vn 0.0371 0.8742 0.4842
vn -0.0755 -0.8606 -0.5036
vn -0.0371 0.7392 -0.6724
vn -0.1129 -0.0427 -0.9927
vn -0.0082 -0.9996 0.0261
vn 0.0693 0.0510 0.9963
vn -0.5317 0.6716 0.5161
vn -0.6138 -0.6370 0.4664
vn 0.6366 0.5891 0.4977
vn 0.5133 -0.6791 0.5247
vn -0.5460 0.7168 -0.4336
vn -0.6182 -0.5616 -0.5499
vn 0.5797 0.6798 -0.4492
vn 0.5296 -0.7240 -0.4420
vn 0.6754 0.7369 0.0297
vn 0.5941 -0.8043 -0.0090
vn -0.6090 0.7931 0.0043
vn -0.7087 -0.7050 0.0270
vn -0.7492 0.0327 -0.6616
vn 0.7620 -0.0211 -0.6473
vn 0.7369 -0.0335 0.6751
vn -0.7518 0.0223 0.6590
vn 0.9991 -0.0271 0.0337
vn -0.9994 0.0267 0.0221
vn 0.0224 0.9997 0.0122
vn -0.0158 -0.7678 -0.6406
vn 0.0183 0.8477 -0.5301
vn -0.0112 -0.8323 0.5542
vn 0.0219 0.7871 0.6164
vn 0.0159 -0.0019 0.9999
vn -0.0192 -0.9998 0.0067
vn 0.0011 -0.0151 -0.9999
vt 0.189680 0.731091
vt 0.189680 0.750000
vt 0.125000 0.731091
vt 0.583672 0.000000
vt 0.625000 0.018909
vt 0.583672 0.018909
vt 0.189680 0.518909
vt 0.125000 0.518909
vt 0.189680 0.500000
vt 0.625000 0.231091
vt 0.583672 0.250000
vt 0.583672 0.231091
vt 0.310320 0.731091
vt 0.375000 0.731091
vt 0.310320 0.750000
vt 0.625000 0.814680
vt 0.583672 0.814680
vt 0.583672 0.750000
vt 0.310320 0.518909
vt 0.310320 0.500000
vt 0.375000 0.518909
vt 0.625000 0.435320
vt 0.583672 0.500000
vt 0.583672 0.435320
vt 0.625000 0.314680
vt 0.583672 0.314680
vt 0.310320 0.750000
vt 0.625000 0.935320
vt 0.583672 0.935320
vt 0.416328 0.814680
vt 0.416328 0.731091
vt 0.583672 0.731091
vt 0.583672 0.518909
vt 0.416328 0.518909
vt 0.416328 0.435320
vt 0.416328 0.314680
vt 0.416328 0.231091
vt 0.416328 0.000000
vt 0.416328 0.018909
vt 0.416328 0.935320
vt 0.689680 0.518909
vt 0.689680 0.731091
vt 0.810320 0.518909
vt 0.810320 0.731091
s 0
usemtl stones
f 1126/182/860 1127/183/860 1128/184/860
f 1129/185/861 1130/186/861 1131/187/861
f 1132/188/862 1133/189/862 1134/190/862
f 1135/191/863 1136/192/863 1137/193/863
f 1138/194/864 1139/195/864 1140/196/864
f 1141/197/865 1142/198/865 1143/199/865
f 1144/200/866 1145/201/866 1146/202/866
f 1147/203/867 1148/204/867 1149/205/867
f 1144/200/868 1132/188/868 1134/190/868 1145/201/868
f 1135/206/869 1147/203/869 1149/205/869 1136/207/869
f 1126/182/870 1138/194/870 1140/208/870 1127/183/870
f 1141/197/871 1130/209/871 1129/210/871 1142/198/871
f 1142/198/872 1140/211/872 1139/212/872 1143/213/872
f 1148/214/873 1146/215/873 1145/216/873 1149/205/873
f 1136/207/874 1134/217/874 1133/218/874 1137/193/874
f 1127/219/875 1129/185/875 1131/187/875 1128/220/875
f 1134/217/876 1136/207/876 1149/205/876 1145/216/876
f 1140/211/877 1142/198/877 1129/210/877 1127/221/877
f 1144/200/878 1138/194/878 1126/182/878 1132/188/878
f 1147/222/879 1141/223/879 1143/213/879 1148/214/879
f 1138/194/880 1144/200/880 1146/215/880 1139/212/880
f 1130/186/881 1135/191/881 1137/193/881 1131/187/881
f 1132/188/882 1126/182/882 1128/184/882 1133/189/882
f 1133/218/883 1128/220/883 1131/187/883 1137/193/883
f 1135/224/884 1130/225/884 1141/223/884 1147/222/884
f 1139/212/885 1146/215/885 1148/214/885 1143/213/885
f 1150/182/886 1151/183/886 1152/184/886
f 1153/185/887 1154/186/887 1155/187/887
f 1156/188/888 1157/189/888 1158/190/888
f 1159/191/889 1160/192/889 1161/193/889
f 1162/194/890 1163/195/890 1164/196/890
f 1165/197/891 1166/198/891 1167/199/891
f 1168/200/892 1169/201/892 1170/202/892
f 1171/203/893 1172/204/893 1173/205/893
f 1168/200/894 1156/188/894 1158/190/894 1169/201/894
f 1159/206/895 1171/203/895 1173/205/895 1160/207/895
f 1150/182/896 1162/194/896 1164/208/896 1151/183/896
f 1165/197/897 1154/209/897 1153/210/897 1166/198/897
f 1166/198/898 1164/211/898 1163/212/898 1167/213/898
f 1172/214/899 1170/215/899 1169/216/899 1173/205/899
f 1160/207/900 1158/217/900 1157/218/900 1161/193/900
f 1151/219/901 1153/185/901 1155/187/901 1152/220/901
f 1158/217/902 1160/207/902 1173/205/902 1169/216/902
f 1164/211/903 1166/198/903 1153/210/903 1151/221/903
f 1168/200/904 1162/194/904 1150/182/904 1156/188/904
f 1171/222/905 1165/223/905 1167/213/905 1172/214/905
f 1162/194/906 1168/200/906 1170/215/906 1163/212/906
f 1154/186/907 1159/191/907 1161/193/907 1155/187/907
f 1156/188/908 1150/182/908 1152/184/908 1157/189/908
f 1157/218/909 1152/220/909 1155/187/909 1161/193/909
f 1159/224/910 1154/225/910 1165/223/910 1171/222/910
f 1163/212/911 1170/215/911 1172/214/911 1167/213/911
f 1174/182/912 1175/183/912 1176/184/912
f 1177/185/913 1178/186/913 1179/187/913
f 1180/188/914 1181/189/914 1182/190/914
f 1183/191/915 1184/192/915 1185/193/915
f 1186/194/916 1187/195/916 1188/196/916
f 1189/197/917 1190/198/917 1191/199/917
f 1192/200/918 1193/201/918 1194/202/918
f 1195/203/919 1196/204/919 1197/205/919
f 1192/200/920 1180/188/920 1182/190/920 1193/201/920
f 1183/206/921 1195/203/921 1197/205/921 1184/207/921
f 1174/182/922 1186/194/922 1188/208/922 1175/183/922
f 1189/197/923 1178/209/923 1177/210/923 1190/198/923
f 1190/198/924 1188/211/924 1187/212/924 1191/213/924
f 1196/214/925 1194/215/925 1193/216/925 1197/205/925
f 1184/207/926 1182/217/926 1181/218/926 1185/193/926
f 1175/219/927 1177/185/927 1179/187/927 1176/220/927
f 1182/217/928 1184/207/928 1197/205/928 1193/216/928
f 1188/211/929 1190/198/929 1177/210/929 1175/221/929
f 1192/200/930 1186/194/930 1174/182/930 1180/188/930
f 1195/222/931 1189/223/931 1191/213/931 1196/214/931
f 1186/194/932 1192/200/932 1194/215/932 1187/212/932
f 1178/186/933 1183/191/933 1185/193/933 1179/187/933
f 1180/188/934 1174/182/934 1176/184/934 1181/189/934
f 1181/218/935 1176/220/935 1179/187/935 1185/193/935
f 1183/224/936 1178/225/936 1189/223/936 1195/222/936
f 1187/212/937 1194/215/937 1196/214/937 1191/213/937
f 1198/182/886 1199/183/886 1200/184/886
f 1201/185/887 1202/186/887 1203/187/887
f 1204/188/888 1205/189/888 1206/190/888
f 1207/191/889 1208/192/889 1209/193/889
f 1210/194/890 1211/195/890 1212/196/890
f 1213/197/891 1214/198/891 1215/199/891
f 1216/200/892 1217/201/892 1218/202/892
f 1219/203/893 1220/204/893 1221/205/893
f 1216/200/894 1204/188/894 1206/190/894 1217/201/894
f 1207/206/895 1219/203/895 1221/205/895 1208/207/895
f 1198/182/896 1210/194/896 1212/208/896 1199/183/896
f 1213/197/897 1202/209/897 1201/210/897 1214/198/897
f 1214/198/898 1212/211/898 1211/212/898 1215/213/898
f 1220/214/899 1218/215/899 1217/216/899 1221/205/899
f 1208/207/900 1206/217/900 1205/218/900 1209/193/900
f 1199/219/901 1201/185/901 1203/187/901 1200/220/901
f 1206/217/902 1208/207/902 1221/205/902 1217/216/902
f 1212/211/903 1214/198/903 1201/210/903 1199/221/903
f 1216/200/904 1210/194/904 1198/182/904 1204/188/904
f 1219/222/905 1213/223/905 1215/213/905 1220/214/905
f 1210/194/906 1216/200/906 1218/215/906 1211/212/906
f 1202/186/907 1207/191/907 1209/193/907 1203/187/907
f 1204/188/908 1198/182/908 1200/184/908 1205/189/908
f 1205/218/909 1200/220/909 1203/187/909 1209/193/909
f 1207/224/910 1202/225/910 1213/223/910 1219/222/910
f 1211/212/911 1218/215/911 1220/214/911 1215/213/911
f 1222/182/912 1223/183/912 1224/184/912
f 1225/185/913 1226/186/913 1227/187/913
f 1228/188/914 1229/189/914 1230/190/914
f 1231/191/915 1232/192/915 1233/193/915
f 1234/194/916 1235/195/916 1236/196/916
f 1237/197/917 1238/198/917 1239/199/917
f 1240/200/918 1241/201/918 1242/202/918
f 1243/203/919 1244/204/919 1245/205/919
f 1240/200/920 1228/188/920 1230/190/920 1241/201/920
f 1231/206/921 1243/203/921 1245/205/921 1232/207/921
f 1222/182/922 1234/194/922 1236/208/922 1223/183/922
f 1237/197/923 1226/209/923 1225/210/923 1238/198/923
f 1238/198/924 1236/211/924 1235/212/924 1239/213/924
f 1244/214/925 1242/215/925 1241/216/925 1245/205/925
f 1232/207/926 1230/217/926 1229/218/926 1233/193/926
f 1223/219/927 1225/185/927 1227/187/927 1224/220/927
f 1230/217/928 1232/207/928 1245/205/928 1241/216/928
f 1236/211/929 1238/198/929 1225/210/929 1223/221/929
f 1240/200/930 1234/194/930 1222/182/930 1228/188/930
f 1243/222/931 1237/223/931 1239/213/931 1244/214/931
f 1234/194/932 1240/200/932 1242/215/932 1235/212/932
f 1226/186/933 1231/191/933 1233/193/933 1227/187/933
f 1228/188/934 1222/182/934 1224/184/934 1229/189/934
f 1229/218/935 1224/220/935 1227/187/935 1233/193/935
f 1231/224/936 1226/225/936 1237/223/936 1243/222/936
f 1235/212/937 1242/215/937 1244/214/937 1239/213/937
f 1246/182/938 1247/183/938 1248/184/938
f 1249/185/939 1250/186/939 1251/187/939
f 1252/188/940 1253/189/940 1254/190/940
f 1255/191/941 1256/192/941 1257/193/941
f 1258/194/942 1259/195/942 1260/196/942
f 1261/197/943 1262/198/943 1263/199/943
f 1264/200/944 1265/201/944 1266/202/944
f 1267/203/945 1268/204/945 1269/205/945
f 1264/200/946 1252/188/946 1254/190/946 1265/201/946
f 1255/206/947 1267/203/947 1269/205/947 1256/207/947
f 1246/182/948 1258/194/948 1260/208/948 1247/183/948
f 1261/197/949 1250/209/949 1249/210/949 1262/198/949
f 1262/198/950 1260/211/950 1259/212/950 1263/213/950
f 1268/214/951 1266/215/951 1265/216/951 1269/205/951
f 1256/207/952 1254/217/952 1253/218/952 1257/193/952
f 1247/219/953 1249/185/953 1251/187/953 1248/220/953
f 1254/217/954 1256/207/954 1269/205/954 1265/216/954
f 1260/211/955 1262/198/955 1249/210/955 1247/221/955
f 1264/200/956 1258/194/956 1246/182/956 1252/188/956
f 1267/222/957 1261/223/957 1263/213/957 1268/214/957
f 1258/194/958 1264/200/958 1266/215/958 1259/212/958
f 1250/186/959 1255/191/959 1257/193/959 1251/187/959
f 1252/188/960 1246/182/960 1248/184/960 1253/189/960
f 1253/218/961 1248/220/961 1251/187/961 1257/193/961
f 1255/224/962 1250/225/962 1261/223/962 1267/222/962
f 1259/212/963 1266/215/963 1268/214/963 1263/213/963
f 1270/182/938 1271/183/938 1272/184/938
f 1273/185/939 1274/186/939 1275/187/939
f 1276/188/940 1277/189/940 1278/190/940
f 1279/191/941 1280/192/941 1281/193/941
f 1282/194/942 1283/195/942 1284/196/942
f 1285/197/943 1286/198/943 1287/199/943
f 1288/200/944 1289/201/944 1290/202/944
f 1291/203/945 1292/204/945 1293/205/945
f 1288/200/964 1276/188/964 1278/190/964 1289/201/964
f 1279/206/947 1291/203/947 1293/205/947 1280/207/947
f 1270/182/948 1282/194/948 1284/208/948 1271/183/948
f 1285/197/949 1274/209/949 1273/210/949 1286/198/949
f 1286/198/950 1284/211/950 1283/212/950 1287/213/950
f 1292/214/951 1290/215/951 1289/216/951 1293/205/951
f 1280/207/952 1278/217/952 1277/218/952 1281/193/952
f 1271/219/953 1273/185/953 1275/187/953 1272/220/953
f 1278/217/954 1280/207/954 1293/205/954 1289/216/954
f 1284/211/955 1286/198/955 1273/210/955 1271/221/955
f 1288/200/956 1282/194/956 1270/182/956 1276/188/956
f 1291/222/957 1285/223/957 1287/213/957 1292/214/957
f 1282/194/958 1288/200/958 1290/215/958 1283/212/958
f 1274/186/959 1279/191/959 1281/193/959 1275/187/959
f 1276/188/960 1270/182/960 1272/184/960 1277/189/960
f 1277/218/961 1272/220/961 1275/187/961 1281/193/961
f 1279/224/962 1274/225/962 1285/223/962 1291/222/962
f 1283/212/963 1290/215/963 1292/214/963 1287/213/963
f 1294/182/965 1295/183/965 1296/184/965
f 1297/185/966 1298/186/966 1299/187/966
f 1300/188/967 1301/189/967 1302/190/967
f 1303/191/968 1304/192/968 1305/193/968
f 1306/194/969 1307/195/969 1308/196/969
f 1309/197/970 1310/198/970 1311/199/970
f 1312/200/971 1313/201/971 1314/202/971
f 1315/203/972 1316/204/972 1317/205/972
f 1312/200/973 1300/188/973 1302/190/973 1313/201/973
f 1303/206/974 1315/203/974 1317/205/974 1304/207/974
f 1294/182/975 1306/194/975 1308/208/975 1295/183/975
f 1309/197/976 1298/209/976 1297/210/976 1310/198/976
f 1310/198/977 1308/211/977 1307/212/977 1311/213/977
f 1316/214/978 1314/215/978 1313/216/978 1317/205/978
f 1304/207/979 1302/217/979 1301/218/979 1305/193/979
f 1295/219/980 1297/185/980 1299/187/980 1296/220/980
f 1302/217/981 1304/207/981 1317/205/981 1313/216/981
f 1308/211/982 1310/198/982 1297/210/982 1295/221/982
f 1312/200/983 1306/194/983 1294/182/983 1300/188/983
f 1315/222/984 1309/223/984 1311/213/984 1316/214/984
f 1306/194/985 1312/200/985 1314/215/985 1307/212/985
f 1298/186/986 1303/191/986 1305/193/986 1299/187/986
f 1300/188/987 1294/182/987 1296/184/987 1301/189/987
f 1301/218/988 1296/220/988 1299/187/988 1305/193/988
f 1303/224/989 1298/225/989 1309/223/989 1315/222/989
f 1307/212/990 1314/215/990 1316/214/990 1311/213/990
f 1318/182/991 1319/183/991 1320/184/991
f 1321/185/992 1322/186/992 1323/187/992
f 1324/188/993 1325/189/993 1326/190/993
f 1327/191/994 1328/192/994 1329/193/994
f 1330/194/995 1331/195/995 1332/196/995
f 1333/197/996 1334/198/996 1335/199/996
f 1336/200/997 1337/201/997 1338/202/997
f 1339/203/998 1340/204/998 1341/205/998
f 1336/200/999 1324/188/999 1326/190/999 1337/201/999
f 1327/206/1000 1339/203/1000 1341/205/1000 1328/207/1000
f 1318/182/1001 1330/194/1001 1332/208/1001 1319/183/1001
f 1333/197/1002 1322/209/1002 1321/210/1002 1334/198/1002
f 1334/198/1003 1332/211/1003 1331/212/1003 1335/213/1003
f 1340/214/1004 1338/215/1004 1337/216/1004 1341/205/1004
f 1328/207/1005 1326/217/1005 1325/218/1005 1329/193/1005
f 1319/219/1006 1321/185/1006 1323/187/1006 1320/220/1006
f 1326/217/1007 1328/207/1007 1341/205/1007 1337/216/1007
f 1332/211/1008 1334/198/1008 1321/210/1008 1319/221/1008
f 1336/200/1009 1330/194/1009 1318/182/1009 1324/188/1009
f 1339/222/1010 1333/223/1010 1335/213/1010 1340/214/1010
f 1330/194/1011 1336/200/1011 1338/215/1011 1331/212/1011
f 1322/186/1012 1327/191/1012 1329/193/1012 1323/187/1012
f 1324/188/1013 1318/182/1013 1320/184/1013 1325/189/1013
f 1325/218/1014 1320/220/1014 1323/187/1014 1329/193/1014
f 1327/224/1015 1322/225/1015 1333/223/1015 1339/222/1015
f 1331/212/1016 1338/215/1016 1340/214/1016 1335/213/1016
f 1342/182/1017 1343/183/1017 1344/184/1017
f 1345/185/1018 1346/186/1018 1347/187/1018
f 1348/188/1019 1349/189/1019 1350/190/1019
f 1351/191/1020 1352/192/1020 1353/193/1020
f 1354/194/1021 1355/195/1021 1356/196/1021
f 1357/197/1022 1358/198/1022 1359/199/1022
f 1360/200/1023 1361/201/1023 1362/202/1023
f 1363/203/1024 1364/204/1024 1365/205/1024
f 1360/200/1025 1348/188/1025 1350/190/1025 1361/201/1025
f 1351/206/1026 1363/203/1026 1365/205/1026 1352/207/1026
f 1342/182/1027 1354/194/1027 1356/208/1027 1343/183/1027
f 1357/197/1028 1346/209/1028 1345/210/1028 1358/198/1028
f 1358/198/1029 1356/211/1029 1355/212/1029 1359/213/1029
f 1364/214/1030 1362/215/1030 1361/216/1030 1365/205/1030
f 1352/207/1031 1350/217/1031 1349/218/1031 1353/193/1031
f 1343/219/1032 1345/185/1032 1347/187/1032 1344/220/1032
f 1350/217/1033 1352/207/1033 1365/205/1033 1361/216/1033
f 1356/211/1034 1358/198/1034 1345/210/1034 1343/221/1034
f 1360/200/1035 1354/194/1035 1342/182/1035 1348/188/1035
f 1363/222/1036 1357/223/1036 1359/213/1036 1364/214/1036
f 1354/194/1037 1360/200/1037 1362/215/1037 1355/212/1037
f 1346/186/1038 1351/191/1038 1353/193/1038 1347/187/1038
f 1348/188/1039 1342/182/1039 1344/184/1039 1349/189/1039
f 1349/218/1040 1344/220/1040 1347/187/1040 1353/193/1040
f 1351/224/1041 1346/225/1041 1357/223/1041 1363/222/1041
f 1355/212/1042 1362/215/1042 1364/214/1042 1359/213/1042
f 1366/182/991 1367/183/991 1368/184/991
f 1369/185/992 1370/186/992 1371/187/992
f 1372/188/993 1373/189/993 1374/190/993
f 1375/191/994 1376/192/994 1377/193/994
f 1378/194/1043 1379/195/1043 1380/196/1043
f 1381/197/996 1382/198/996 1383/199/996
f 1384/200/997 1385/201/997 1386/202/997
f 1387/203/998 1388/204/998 1389/205/998
f 1384/200/999 1372/188/999 1374/190/999 1385/201/999
f 1375/206/1000 1387/203/1000 1389/205/1000 1376/207/1000
f 1366/182/1001 1378/194/1001 1380/208/1001 1367/183/1001
f 1381/197/1002 1370/209/1002 1369/210/1002 1382/198/1002
f 1382/198/1003 1380/211/1003 1379/212/1003 1383/213/1003
f 1388/214/1004 1386/215/1004 1385/216/1004 1389/205/1004
f 1376/207/1005 1374/217/1005 1373/218/1005 1377/193/1005
f 1367/219/1006 1369/185/1006 1371/187/1006 1368/220/1006
f 1374/217/1007 1376/207/1007 1389/205/1007 1385/216/1007
f 1380/211/1008 1382/198/1008 1369/210/1008 1367/221/1008
f 1384/200/1009 1378/194/1009 1366/182/1009 1372/188/1009
f 1387/222/1010 1381/223/1010 1383/213/1010 1388/214/1010
f 1378/194/1011 1384/200/1011 1386/215/1011 1379/212/1011
f 1370/186/1012 1375/191/1012 1377/193/1012 1371/187/1012
f 1372/188/1013 1366/182/1013 1368/184/1013 1373/189/1013
f 1373/218/1014 1368/220/1014 1371/187/1014 1377/193/1014
f 1375/224/1015 1370/225/1015 1381/223/1015 1387/222/1015
f 1379/212/1016 1386/215/1016 1388/214/1016 1383/213/1016
f 1390/182/1017 1391/183/1017 1392/184/1017
f 1393/185/1018 1394/186/1018 1395/187/1018
f 1396/188/1019 1397/189/1019 1398/190/1019
f 1399/191/1020 1400/192/1020 1401/193/1020
f 1402/194/1021 1403/195/1021 1404/196/1021
f 1405/197/1022 1406/198/1022 1407/199/1022
f 1408/200/1023 1409/201/1023 1410/202/1023
f 1411/203/1024 1412/204/1024 1413/205/1024
f 1408/200/1025 1396/188/1025 1398/190/1025 1409/201/1025
f 1399/206/1026 1411/203/1026 1413/205/1026 1400/207/1026
f 1390/182/1027 1402/194/1027 1404/208/1027 1391/183/1027
f 1405/197/1028 1394/209/1028 1393/210/1028 1406/198/1028
f 1406/198/1029 1404/211/1029 1403/212/1029 1407/213/1029
f 1412/214/1030 1410/215/1030 1409/216/1030 1413/205/1030
f 1400/207/1031 1398/217/1031 1397/218/1031 1401/193/1031
f 1391/219/1032 1393/185/1032 1395/187/1032 1392/220/1032
f 1398/217/1033 1400/207/1033 1413/205/1033 1409/216/1033
f 1404/211/1034 1406/198/1034 1393/210/1034 1391/221/1034
f 1408/200/1035 1402/194/1035 1390/182/1035 1396/188/1035
f 1411/222/1036 1405/223/1036 1407/213/1036 1412/214/1036
f 1402/194/1037 1408/200/1037 1410/215/1037 1403/212/1037
f 1394/186/1038 1399/191/1038 1401/193/1038 1395/187/1038
f 1396/188/1039 1390/182/1039 1392/184/1039 1397/189/1039
f 1397/218/1040 1392/220/1040 1395/187/1040 1401/193/1040
f 1399/224/1041 1394/225/1041 1405/223/1041 1411/222/1041
f 1403/212/1042 1410/215/1042 1412/214/1042 1407/213/1042
f 1414/182/1044 1415/183/1044 1416/184/1044
f 1417/185/1045 1418/186/1045 1419/187/1045
f 1420/188/1046 1421/189/1046 1422/190/1046
f 1423/191/1047 1424/192/1047 1425/193/1047
f 1426/194/1048 1427/195/1048 1428/196/1048
f 1429/197/1049 1430/198/1049 1431/199/1049
f 1432/200/1050 1433/201/1050 1434/202/1050
f 1435/203/1051 1436/204/1051 1437/205/1051
f 1432/200/1052 1420/188/1052 1422/190/1052 1433/201/1052
f 1423/206/1053 1435/203/1053 1437/205/1053 1424/207/1053
f 1414/182/1054 1426/194/1054 1428/208/1054 1415/183/1054
f 1429/197/1055 1418/209/1055 1417/210/1055 1430/198/1055
f 1430/198/1056 1428/211/1056 1427/212/1056 1431/213/1056
f 1436/214/1057 1434/215/1057 1433/216/1057 1437/205/1057
f 1424/207/1058 1422/217/1058 1421/218/1058 1425/193/1058
f 1415/219/1059 1417/185/1059 1419/187/1059 1416/220/1059
f 1422/217/1060 1424/207/1060 1437/205/1060 1433/216/1060
f 1428/211/1061 1430/198/1061 1417/210/1061 1415/221/1061
f 1432/200/1062 1426/194/1062 1414/182/1062 1420/188/1062
f 1435/222/1063 1429/223/1063 1431/213/1063 1436/214/1063
f 1426/194/1064 1432/200/1064 1434/215/1064 1427/212/1064
f 1418/186/1065 1423/191/1065 1425/193/1065 1419/187/1065
f 1420/188/1066 1414/182/1066 1416/184/1066 1421/189/1066
f 1421/218/1067 1416/220/1067 1419/187/1067 1425/193/1067
f 1423/224/1068 1418/225/1068 1429/223/1068 1435/222/1068
f 1427/212/1069 1434/215/1069 1436/214/1069 1431/213/1069
f 1438/182/1044 1439/183/1044 1440/184/1044
f 1441/185/1070 1442/186/1070 1443/187/1070
f 1444/188/1046 1445/189/1046 1446/190/1046
f 1447/191/1047 1448/192/1047 1449/193/1047
f 1450/194/1048 1451/195/1048 1452/196/1048
f 1453/197/1049 1454/198/1049 1455/199/1049
f 1456/200/1050 1457/201/1050 1458/202/1050
f 1459/203/1051 1460/204/1051 1461/205/1051
f 1456/200/1052 1444/188/1052 1446/190/1052 1457/201/1052
f 1447/206/1053 1459/203/1053 1461/205/1053 1448/207/1053
f 1438/182/1071 1450/194/1071 1452/208/1071 1439/183/1071
f 1453/197/1055 1442/209/1055 1441/210/1055 1454/198/1055
f 1454/198/1056 1452/211/1056 1451/212/1056 1455/213/1056
f 1460/214/1057 1458/215/1057 1457/216/1057 1461/205/1057
f 1448/207/1058 1446/217/1058 1445/218/1058 1449/193/1058
f 1439/219/1059 1441/185/1059 1443/187/1059 1440/220/1059
f 1446/217/1060 1448/207/1060 1461/205/1060 1457/216/1060
f 1452/211/1061 1454/198/1061 1441/210/1061 1439/221/1061
f 1456/200/1062 1450/194/1062 1438/182/1062 1444/188/1062
f 1459/222/1063 1453/223/1063 1455/213/1063 1460/214/1063
f 1450/194/1064 1456/200/1064 1458/215/1064 1451/212/1064
f 1442/186/1065 1447/191/1065 1449/193/1065 1443/187/1065
f 1444/188/1066 1438/182/1066 1440/184/1066 1445/189/1066
f 1445/218/1067 1440/220/1067 1443/187/1067 1449/193/1067
f 1447/224/1068 1442/225/1068 1453/223/1068 1459/222/1068
f 1451/212/1069 1458/215/1069 1460/214/1069 1455/213/1069
f 1462/182/1072 1463/183/1072 1464/184/1072
f 1465/185/1073 1466/186/1073 1467/187/1073
f 1468/188/1074 1469/189/1074 1470/190/1074
f 1471/191/1075 1472/192/1075 1473/193/1075
f 1474/194/1076 1475/195/1076 1476/196/1076
f 1477/197/1077 1478/198/1077 1479/199/1077
f 1480/200/1078 1481/201/1078 1482/202/1078
f 1483/203/1079 1484/204/1079 1485/205/1079
f 1480/200/1080 1468/188/1080 1470/190/1080 1481/201/1080
f 1471/206/1081 1483/203/1081 1485/205/1081 1472/207/1081
f 1462/182/1082 1474/194/1082 1476/208/1082 1463/183/1082
f 1477/197/1083 1466/209/1083 1465/210/1083 1478/198/1083
f 1478/198/1084 1476/211/1084 1475/212/1084 1479/213/1084
f 1484/214/1085 1482/215/1085 1481/216/1085 1485/205/1085
f 1472/207/1086 1470/217/1086 1469/218/1086 1473/193/1086
f 1463/219/1087 1465/185/1087 1467/187/1087 1464/220/1087
f 1470/217/1088 1472/207/1088 1485/205/1088 1481/216/1088
f 1476/211/1089 1478/198/1089 1465/210/1089 1463/221/1089
f 1480/200/1090 1474/194/1090 1462/182/1090 1468/188/1090
f 1483/222/1091 1477/223/1091 1479/213/1091 1484/214/1091
f 1474/194/1092 1480/200/1092 1482/215/1092 1475/212/1092
f 1466/186/1093 1471/191/1093 1473/193/1093 1467/187/1093
f 1468/188/1094 1462/182/1094 1464/184/1094 1469/189/1094
f 1469/218/1095 1464/220/1095 1467/187/1095 1473/193/1095
f 1471/224/1096 1466/225/1096 1477/223/1096 1483/222/1096
f 1475/212/1097 1482/215/1097 1484/214/1097 1479/213/1097
f 1486/182/1098 1487/183/1098 1488/184/1098
f 1489/185/1099 1490/186/1099 1491/187/1099
f 1492/188/1100 1493/189/1100 1494/190/1100
f 1495/191/1101 1496/192/1101 1497/193/1101
f 1498/194/1102 1499/195/1102 1500/196/1102
f 1501/197/1103 1502/198/1103 1503/199/1103
f 1504/200/1104 1505/201/1104 1506/202/1104
f 1507/203/1105 1508/204/1105 1509/205/1105
f 1504/200/1106 1492/188/1106 1494/190/1106 1505/201/1106
f 1495/206/1107 1507/203/1107 1509/205/1107 1496/207/1107
f 1486/182/1108 1498/194/1108 1500/208/1108 1487/183/1108
f 1501/197/1109 1490/209/1109 1489/210/1109 1502/198/1109
f 1502/198/1110 1500/211/1110 1499/212/1110 1503/213/1110
f 1508/214/1111 1506/215/1111 1505/216/1111 1509/205/1111
f 1496/207/1112 1494/217/1112 1493/218/1112 1497/193/1112
f 1487/219/1113 1489/185/1113 1491/187/1113 1488/220/1113
f 1494/217/1114 1496/207/1114 1509/205/1114 1505/216/1114
f 1500/211/1115 1502/198/1115 1489/210/1115 1487/221/1115
f 1504/200/1116 1498/194/1116 1486/182/1116 1492/188/1116
f 1507/222/1117 1501/223/1117 1503/213/1117 1508/214/1117
f 1498/194/1118 1504/200/1118 1506/215/1118 1499/212/1118
f 1490/186/1119 1495/191/1119 1497/193/1119 1491/187/1119
f 1492/188/1120 1486/182/1120 1488/184/1120 1493/189/1120
f 1493/218/1121 1488/220/1121 1491/187/1121 1497/193/1121
f 1495/224/1122 1490/225/1122 1501/223/1122 1507/222/1122
f 1499/212/1123 1506/215/1123 1508/214/1123 1503/213/1123
f 1510/182/1124 1511/183/1124 1512/184/1124
f 1513/185/1125 1514/186/1125 1515/187/1125
f 1516/188/1126 1517/189/1126 1518/190/1126
f 1519/191/1127 1520/192/1127 1521/193/1127
f 1522/194/1128 1523/195/1128 1524/196/1128
f 1525/197/1129 1526/198/1129 1527/199/1129
f 1528/200/1130 1529/201/1130 1530/202/1130
f 1531/203/1131 1532/204/1131 1533/205/1131
f 1528/200/1132 1516/188/1132 1518/190/1132 1529/201/1132
f 1519/206/1133 1531/203/1133 1533/205/1133 1520/207/1133
f 1510/182/1134 1522/194/1134 1524/208/1134 1511/183/1134
f 1525/197/1135 1514/209/1135 1513/210/1135 1526/198/1135
f 1526/198/1136 1524/211/1136 1523/212/1136 1527/213/1136
f 1532/214/1137 1530/215/1137 1529/216/1137 1533/205/1137
f 1520/207/1138 1518/217/1138 1517/218/1138 1521/193/1138
f 1511/219/1139 1513/185/1139 1515/187/1139 1512/220/1139
f 1518/217/1140 1520/207/1140 1533/205/1140 1529/216/1140
f 1524/211/1141 1526/198/1141 1513/210/1141 1511/221/1141
f 1528/200/1142 1522/194/1142 1510/182/1142 1516/188/1142
f 1531/222/1143 1525/223/1143 1527/213/1143 1532/214/1143
f 1522/194/1144 1528/200/1144 1530/215/1144 1523/212/1144
f 1514/186/1145 1519/191/1145 1521/193/1145 1515/187/1145
f 1516/188/1146 1510/182/1146 1512/184/1146 1517/189/1146
f 1517/218/1147 1512/220/1147 1515/187/1147 1521/193/1147
f 1519/224/1148 1514/225/1148 1525/223/1148 1531/222/1148
f 1523/212/1149 1530/215/1149 1532/214/1149 1527/213/1149
f 1534/182/1150 1535/183/1150 1536/184/1150
f 1537/185/1151 1538/186/1151 1539/187/1151
f 1540/188/1152 1541/189/1152 1542/190/1152
f 1543/191/1153 1544/192/1153 1545/193/1153
f 1546/194/1154 1547/195/1154 1548/196/1154
f 1549/197/1155 1550/198/1155 1551/199/1155
f 1552/200/1156 1553/201/1156 1554/202/1156
f 1555/203/1157 1556/204/1157 1557/205/1157
f 1552/200/1158 1540/188/1158 1542/190/1158 1553/201/1158
f 1543/206/1159 1555/203/1159 1557/205/1159 1544/207/1159
f 1534/182/1160 1546/194/1160 1548/208/1160 1535/183/1160
f 1549/197/1161 1538/209/1161 1537/210/1161 1550/198/1161
f 1550/198/1162 1548/211/1162 1547/212/1162 1551/213/1162
f 1556/214/1163 1554/215/1163 1553/216/1163 1557/205/1163
f 1544/207/1164 1542/217/1164 1541/218/1164 1545/193/1164
f 1535/219/1165 1537/185/1165 1539/187/1165 1536/220/1165
f 1542/217/1166 1544/207/1166 1557/205/1166 1553/216/1166
f 1548/211/1167 1550/198/1167 1537/210/1167 1535/221/1167
f 1552/200/1168 1546/194/1168 1534/182/1168 1540/188/1168
f 1555/222/1169 1549/223/1169 1551/213/1169 1556/214/1169
f 1546/194/1170 1552/200/1170 1554/215/1170 1547/212/1170
f 1538/186/1171 1543/191/1171 1545/193/1171 1539/187/1171
f 1540/188/1172 1534/182/1172 1536/184/1172 1541/189/1172
f 1541/218/1173 1536/220/1173 1539/187/1173 1545/193/1173
f 1543/224/1174 1538/225/1174 1549/223/1174 1555/222/1174
f 1547/212/1175 1554/215/1175 1556/214/1175 1551/213/1175
f 1558/182/1176 1559/183/1176 1560/184/1176
f 1561/185/1177 1562/186/1177 1563/187/1177
f 1564/188/1178 1565/189/1178 1566/190/1178
f 1567/191/1179 1568/192/1179 1569/193/1179
f 1570/194/1180 1571/195/1180 1572/196/1180
f 1573/197/1181 1574/198/1181 1575/199/1181
f 1576/200/1182 1577/201/1182 1578/202/1182
f 1579/203/1183 1580/204/1183 1581/205/1183
f 1576/200/1184 1564/188/1184 1566/190/1184 1577/201/1184
f 1567/206/1185 1579/203/1185 1581/205/1185 1568/207/1185
f 1558/182/1186 1570/194/1186 1572/208/1186 1559/183/1186
f 1573/197/1187 1562/209/1187 1561/210/1187 1574/198/1187
f 1574/198/1188 1572/211/1188 1571/212/1188 1575/213/1188
f 1580/214/1189 1578/215/1189 1577/216/1189 1581/205/1189
f 1568/207/1190 1566/217/1190 1565/218/1190 1569/193/1190
f 1559/219/1191 1561/185/1191 1563/187/1191 1560/220/1191
f 1566/217/1192 1568/207/1192 1581/205/1192 1577/216/1192
f 1572/211/1193 1574/198/1193 1561/210/1193 1559/221/1193
f 1576/200/1194 1570/194/1194 1558/182/1194 1564/188/1194
f 1579/222/1195 1573/223/1195 1575/213/1195 1580/214/1195
f 1570/194/1196 1576/200/1196 1578/215/1196 1571/212/1196
f 1562/186/1197 1567/191/1197 1569/193/1197 1563/187/1197
f 1564/188/1198 1558/182/1198 1560/184/1198 1565/189/1198
f 1565/218/1199 1560/220/1199 1563/187/1199 1569/193/1199
f 1567/224/1200 1562/225/1200 1573/223/1200 1579/222/1200
f 1571/212/1201 1578/215/1201 1580/214/1201 1575/213/1201
f 1582/182/1202 1583/183/1202 1584/184/1202
f 1585/185/1203 1586/186/1203 1587/187/1203
f 1588/188/1204 1589/189/1204 1590/190/1204
f 1591/191/1205 1592/192/1205 1593/193/1205
f 1594/194/1206 1595/195/1206 1596/196/1206
f 1597/197/1207 1598/198/1207 1599/199/1207
f 1600/200/1208 1601/201/1208 1602/202/1208
f 1603/203/1209 1604/204/1209 1605/205/1209
f 1600/200/1210 1588/188/1210 1590/190/1210 1601/201/1210
f 1591/206/1211 1603/203/1211 1605/205/1211 1592/207/1211
f 1582/182/1212 1594/194/1212 1596/208/1212 1583/183/1212
f 1597/197/1213 1586/209/1213 1585/210/1213 1598/198/1213
f 1598/198/1214 1596/211/1214 1595/212/1214 1599/213/1214
f 1604/214/1215 1602/215/1215 1601/216/1215 1605/205/1215
f 1592/207/1216 1590/217/1216 1589/218/1216 1593/193/1216
f 1583/219/1217 1585/185/1217 1587/187/1217 1584/220/1217
f 1590/217/1218 1592/207/1218 1605/205/1218 1601/216/1218
f 1596/211/1219 1598/198/1219 1585/210/1219 1583/221/1219
f 1600/200/1220 1594/194/1220 1582/182/1220 1588/188/1220
f 1603/222/1221 1597/223/1221 1599/213/1221 1604/214/1221
f 1594/194/1222 1600/200/1222 1602/215/1222 1595/212/1222
f 1586/186/1223 1591/191/1223 1593/193/1223 1587/187/1223
f 1588/188/1224 1582/182/1224 1584/184/1224 1589/189/1224
f 1589/218/1225 1584/220/1225 1587/187/1225 1593/193/1225
f 1591/224/1226 1586/225/1226 1597/223/1226 1603/222/1226
f 1595/212/1227 1602/215/1227 1604/214/1227 1599/213/1227
o stone_wall_R
v -0.560009 0.016130 -4.107550
v -0.669273 -0.097035 -4.116798
v -0.580277 -0.086623 -3.965981
v -0.642525 -0.542400 -4.074673
v -0.567290 -0.651320 -4.070046
v -0.578053 -0.555393 -3.903356
v 0.488566 0.015299 -4.014318
v 0.472524 -0.106916 -3.866084
v 0.565701 -0.122431 -4.031499
v 0.476902 -0.673330 -4.001326
v 0.554956 -0.562046 -4.005956
v 0.458108 -0.564858 -3.871334
v -0.538313 0.005308 -4.390483
v -0.524844 -0.102624 -4.555859
v -0.627381 -0.100872 -4.389198
v -0.562270 -0.670613 -4.379767
v -0.651370 -0.549116 -4.379124
v -0.539957 -0.567950 -4.533803
v 0.509781 -0.013635 -4.298436
v 0.590342 -0.124611 -4.288628
v 0.526442 -0.119851 -4.461908
v 0.495763 -0.672788 -4.268419
v 0.524158 -0.582716 -4.433627
v 0.592880 -0.583779 -4.277423
v 5.081412 -0.694511 -4.273339
v 5.216516 -0.580345 -4.271829
v 5.082246 -0.586728 -4.113454
v 5.193175 -0.130423 -4.217642
v 5.072094 -0.017406 -4.205788
v 5.061663 -0.131996 -4.046782
v 3.517889 -0.700300 -4.189043
v 3.524799 -0.591110 -4.025259
v 3.393538 -0.587861 -4.183482
v 3.510431 -0.022881 -4.118340
v 3.372680 -0.135131 -4.122451
v 3.527530 -0.130746 -3.993641
v 5.069501 -0.681017 -4.558932
v 5.055853 -0.573603 -4.713082
v 5.206167 -0.569055 -4.554262
v 5.066901 0.007187 -4.496449
v 5.200757 -0.116781 -4.505550
v 5.058228 -0.110783 -4.651536
v 3.510203 -0.687126 -4.474326
v 3.369694 -0.575944 -4.454637
v 3.499458 -0.580239 -4.610246
v 3.505068 -0.009678 -4.401783
v 3.474567 -0.114691 -4.556631
v 3.362791 -0.121427 -4.403339
v 2.346752 0.004066 -4.197157
v 2.249352 -0.109266 -4.205492
v 2.327369 -0.098702 -4.055702
v 2.272116 -0.554554 -4.163701
v 2.338901 -0.663347 -4.159714
v 2.328089 -0.567432 -3.993250
v 3.279709 0.004903 -4.112785
v 3.264004 -0.117319 -3.964713
v 3.348320 -0.132697 -4.130581
v 3.268124 -0.683696 -4.099771
v 3.337844 -0.572296 -4.105030
v 3.250484 -0.575252 -3.969867
v 2.368396 -0.006741 -4.479723
v 2.381588 -0.114656 -4.644898
v 2.288904 -0.113055 -4.477712
v 2.345904 -0.682653 -4.468879
v 2.266749 -0.561306 -4.467491
v 2.367210 -0.579973 -4.622794
v 3.300906 -0.024016 -4.396531
v 3.372387 -0.134856 -4.387416
v 3.316926 -0.130210 -4.559832
v 3.287131 -0.683143 -4.366503
v 3.313926 -0.593044 -4.531620
v 3.373827 -0.593987 -4.376287
v 2.232296 -0.683301 -4.179509
v 2.367400 -0.569135 -4.177998
v 2.233130 -0.575518 -4.019623
v 2.344059 -0.119213 -4.123811
v 2.222978 -0.006196 -4.111958
v 2.212546 -0.120786 -3.952951
v 0.668772 -0.689090 -4.095212
v 0.675682 -0.579900 -3.931428
v 0.544421 -0.576651 -4.089652
v 0.661314 -0.011671 -4.024509
v 0.523564 -0.123921 -4.028620
v 0.678414 -0.119537 -3.899810
v 2.220385 -0.669807 -4.465102
v 2.206737 -0.562393 -4.619251
v 2.357051 -0.557845 -4.460432
v 2.217785 0.018396 -4.402618
v 2.351640 -0.105571 -4.411719
v 2.209113 -0.099574 -4.557705
v 0.661087 -0.675916 -4.380496
v 0.520577 -0.564735 -4.360806
v 0.650341 -0.569029 -4.516416
v 0.655951 0.001531 -4.307952
v 0.625450 -0.103482 -4.462801
v 0.513674 -0.110217 -4.309508
v 5.244843 -0.007336 -4.292601
v 5.147444 -0.120668 -4.300935
v 5.225461 -0.110105 -4.151146
v 5.170208 -0.565956 -4.259144
v 5.236992 -0.674750 -4.255157
v 5.226180 -0.578834 -4.088694
v 6.177800 -0.006499 -4.208229
v 6.162095 -0.128721 -4.060157
v 6.246411 -0.144099 -4.226024
v 6.166215 -0.695099 -4.195214
v 6.235936 -0.583699 -4.200473
v 6.148576 -0.586654 -4.065310
v 5.266487 -0.018143 -4.575167
v 5.279679 -0.126059 -4.740342
v 5.186996 -0.124458 -4.573155
v 5.243996 -0.694056 -4.564322
v 5.164841 -0.572708 -4.562934
v 5.265302 -0.591375 -4.718237
v 6.198997 -0.035419 -4.491974
v 6.270478 -0.146258 -4.482860
v 6.215018 -0.141612 -4.655276
v 6.185222 -0.694546 -4.461946
v 6.212018 -0.604447 -4.627063
v 6.271918 -0.605390 -4.471731
v 6.311473 -0.012990 -4.313334
v 6.241813 -0.126712 -4.319534
v 6.294155 -0.115792 -4.172063
v 6.255261 -0.571831 -4.278512
v 6.302288 -0.680330 -4.276023
v 6.291354 -0.584436 -4.109990
v 6.974116 -0.008253 -4.249666
v 6.959191 -0.130489 -4.101890
v 7.022798 -0.145551 -4.268916
v 6.962715 -0.696796 -4.236607
v 7.012950 -0.585123 -4.243340
v 6.947770 -0.588412 -4.106830
v 6.333009 -0.023769 -4.595208
v 6.345560 -0.131650 -4.760013
v 6.275907 -0.130398 -4.591494
v 6.313941 -0.699673 -4.584069
v 6.258039 -0.578672 -4.580933
v 6.332902 -0.596953 -4.737791
v 6.995284 -0.037143 -4.532709
v 7.045536 -0.147667 -4.525217
v 7.009816 -0.143291 -4.695710
v 6.982075 -0.696224 -4.502653
v 7.005137 -0.606064 -4.667652
v 7.044407 -0.606722 -4.514268
v -1.395212 0.017332 -4.059527
v -1.464872 -0.096390 -4.065728
v -1.412530 -0.085470 -3.918257
v -1.451424 -0.541509 -4.024706
v -1.404397 -0.650008 -4.022217
v -1.415330 -0.554114 -3.856183
v -0.732569 0.022069 -3.995860
v -0.747494 -0.100167 -3.848083
v -0.683887 -0.115229 -4.015110
v -0.743969 -0.666474 -3.982801
v -0.693734 -0.554802 -3.989534
v -0.758916 -0.558090 -3.853024
v -1.373676 0.006553 -4.341402
v -1.361125 -0.101328 -4.506207
v -1.430778 -0.100076 -4.337688
v -1.392744 -0.669351 -4.330263
v -1.448646 -0.548350 -4.327127
v -1.373783 -0.566632 -4.483984
v -0.711401 -0.006821 -4.278903
v -0.661151 -0.117345 -4.271411
v -0.696869 -0.112969 -4.441904
v -0.724610 -0.665902 -4.248847
v -0.701548 -0.575742 -4.413846
v -0.662279 -0.576401 -4.260462
v 6.136528 -0.699912 -4.447744
v 6.246672 -0.813690 -4.439662
v 6.159909 -0.805739 -4.591851
v 6.224732 -1.259871 -4.494645
v 6.150609 -1.368393 -4.503654
v 6.163016 -1.275925 -4.667549
v 5.089727 -0.695301 -4.559951
v 5.109166 -0.820704 -4.711344
v 5.013641 -0.832182 -4.547978
v 5.108013 -1.384497 -4.591849
v 5.028874 -1.272535 -4.585537
v 5.127771 -1.278784 -4.718540
v 6.110624 -0.704790 -4.165398
v 6.095643 -0.809275 -4.003200
v 6.200673 -0.811655 -4.168023
v 6.141045 -1.381313 -4.194444
v 6.228992 -1.260416 -4.190108
v 6.115431 -1.275306 -4.037905
v 5.064455 -0.718277 -4.276915
v 4.985106 -0.828923 -4.291259
v 5.046297 -0.821061 -4.116630
v 5.085078 -1.378351 -4.324983
v 5.053331 -1.284668 -4.157727
v 4.987024 -1.288449 -4.315258
v 0.501060 -1.367831 -4.403399
v 0.364959 -1.252712 -4.404180
v 0.501660 -1.263283 -4.560368
v 0.384918 -0.803921 -4.445478
v 0.505087 -0.691960 -4.452015
v 0.519010 -0.809917 -4.614073
v 2.065411 -1.386310 -4.459678
v 2.059983 -1.280391 -4.620617
v 2.188757 -1.274821 -4.459877
v 2.067623 -0.710177 -4.511473
v 2.206313 -0.823344 -4.507990
v 2.053439 -0.820511 -4.639520
v 0.508485 -1.348566 -4.117111
v 0.518774 -1.238057 -3.959677
v 0.370889 -1.235706 -4.121141
v 0.505614 -0.661443 -4.160471
v 0.372820 -0.784325 -4.157222
v 0.513018 -0.776335 -4.008445
v 2.068619 -1.367342 -4.173785
v 2.208345 -1.257514 -4.187860
v 2.076290 -1.257713 -4.034655
v 2.068537 -0.691202 -4.227461
v 2.097645 -0.793290 -4.074920
v 2.211786 -0.803952 -4.226439
v 3.229467 -0.689765 -4.410882
v 3.327765 -0.803645 -4.403933
v 3.251960 -0.795599 -4.554892
v 3.309802 -1.249771 -4.458508
v 3.244115 -1.358212 -4.466721
v 3.256568 -1.265751 -4.630389
v 2.298095 -0.684115 -4.512095
v 2.317195 -0.809519 -4.663331
v 2.230519 -0.820913 -4.499350
v 2.316302 -1.373281 -4.544016
v 2.245484 -1.261249 -4.536921
v 2.334905 -1.267586 -4.670640
v 3.203620 -0.694636 -4.128902
v 3.188919 -0.799110 -3.966899
v 3.284107 -0.801583 -4.132431
v 3.232578 -1.371143 -4.158104
v 3.310595 -1.250340 -4.154696
v 3.207972 -1.265128 -4.001667
v 2.272846 -0.707083 -4.229430
v 2.202561 -0.817643 -4.242913
v 2.255330 -0.809853 -4.069304
v 2.293226 -1.367131 -4.277513
v 2.263080 -1.273434 -4.110318
v 2.205578 -1.277138 -4.266815
v 3.350569 -1.378514 -4.445549
v 3.214468 -1.263396 -4.446330
v 3.351169 -1.273966 -4.602518
v 3.234428 -0.814605 -4.487628
v 3.354595 -0.702644 -4.494165
v 3.368519 -0.820600 -4.656222
v 4.914920 -1.396993 -4.501828
v 4.909492 -1.291075 -4.662766
v 5.038266 -1.285504 -4.502027
v 4.917132 -0.720860 -4.553623
v 5.055821 -0.834027 -4.550140
v 4.902947 -0.831194 -4.681670
v 3.357994 -1.359250 -4.159261
v 3.368283 -1.248740 -4.001827
v 3.220399 -1.246390 -4.163291
v 3.355122 -0.672126 -4.202621
v 3.222330 -0.795008 -4.199372
v 3.362527 -0.787018 -4.050595
v 4.918128 -1.378026 -4.215935
v 5.057855 -1.268197 -4.230010
v 4.925799 -1.268397 -4.076804
v 4.918045 -0.701885 -4.269611
v 4.947154 -0.803974 -4.117070
v 5.061295 -0.814635 -4.268589
v 0.330975 -0.678898 -4.368008
v 0.429274 -0.792778 -4.361058
v 0.353469 -0.784732 -4.512018
v 0.411311 -1.238904 -4.415634
v 0.345624 -1.347345 -4.423846
v 0.358077 -1.254884 -4.587514
v -0.600397 -0.673248 -4.469221
v -0.581296 -0.798651 -4.620456
v -0.667972 -0.810046 -4.456475
v -0.582190 -1.362414 -4.501142
v -0.653006 -1.250381 -4.494047
v -0.563586 -1.256719 -4.627766
v 0.305128 -0.683769 -4.086028
v 0.290428 -0.788243 -3.924025
v 0.385616 -0.790716 -4.089557
v 0.334087 -1.360276 -4.115230
v 0.412105 -1.239473 -4.111822
v 0.309481 -1.254261 -3.958792
v -0.625646 -0.696216 -4.186555
v -0.695929 -0.806776 -4.200039
v -0.643161 -0.798986 -4.026430
v -0.605265 -1.356264 -4.234638
v -0.635411 -1.262567 -4.067443
v -0.692914 -1.266271 -4.223940
v -0.735569 -0.676651 -4.366669
v -0.664964 -0.790770 -4.362365
v -0.715141 -0.782500 -4.510532
v -0.673628 -1.236776 -4.415998
v -0.719589 -1.345031 -4.422348
v -0.707020 -1.252584 -4.585585
v -1.397066 -0.668570 -4.442184
v -1.378750 -0.793976 -4.593138
v -1.444744 -0.805176 -4.427616
v -1.379045 -1.357679 -4.474152
v -1.430408 -1.245481 -4.465222
v -1.363135 -1.252023 -4.600699
v -0.761297 -0.681509 -4.085378
v -0.775352 -0.785961 -3.923732
v -0.703162 -0.788648 -4.091022
v -0.735756 -1.357989 -4.114935
v -0.680955 -1.237406 -4.113707
v -0.758015 -1.251955 -3.958648
v -1.422276 -0.691524 -4.160220
v -1.471364 -0.801884 -4.171689
v -1.438299 -0.794265 -4.000367
v -1.402462 -1.351522 -4.208341
v -1.428875 -1.257792 -4.041194
v -1.465786 -1.261317 -4.195362
v 6.972179 -0.705549 -4.480681
v 7.042783 -0.819669 -4.476378
v 6.992606 -0.811399 -4.624545
v 7.034120 -1.265674 -4.530011
v 6.988159 -1.373929 -4.536361
v 7.000728 -1.281482 -4.699597
v 6.310681 -0.697468 -4.556197
v 6.328996 -0.822874 -4.707151
v 6.263002 -0.834074 -4.541629
v 6.328703 -1.386578 -4.588164
v 6.277339 -1.274379 -4.579236
v 6.344613 -1.280922 -4.714712
v 6.946450 -0.710407 -4.199391
v 6.932396 -0.814859 -4.037745
v 7.004586 -0.817546 -4.205035
v 6.971991 -1.386887 -4.228948
v 7.026793 -1.266304 -4.227719
v 6.949732 -1.280853 -4.072661
v 6.285471 -0.720422 -4.274233
v 6.236382 -0.830782 -4.285702
v 6.269448 -0.823163 -4.114380
v 6.305285 -1.380420 -4.322353
v 6.278872 -1.286690 -4.155207
v 6.241961 -1.290215 -4.309375
v 7.008764 -2.076853 -4.263135
v 7.143816 -1.962660 -4.259040
v 7.007074 -1.969061 -4.103211
v 7.119720 -1.512740 -4.205256
v 6.998522 -1.399746 -4.195698
v 6.985537 -1.514329 -4.036887
v 5.444500 -2.082943 -4.208626
v 5.448822 -1.973742 -4.044688
v 5.320132 -1.970528 -4.205425
v 5.436067 -1.405522 -4.138001
v 5.298411 -1.517799 -4.144747
v 5.451150 -1.513377 -4.012975
v 7.001409 -2.063378 -4.548978
v 6.990244 -1.955976 -4.703391
v 7.137972 -1.951389 -4.541693
v 6.997965 -1.375171 -4.486480
v 7.131887 -1.499113 -4.493042
v 6.991741 -1.493152 -4.641754
v 5.441363 -2.069787 -4.494079
v 5.300619 -1.958632 -4.477056
v 5.432810 -1.962911 -4.630205
v 5.435224 -1.392337 -4.421569
v 5.407177 -1.497365 -4.577021
v 5.293001 -1.504113 -4.425846
v 4.274098 -1.378807 -4.238997
v 4.176845 -1.492159 -4.249199
v 4.252448 -1.481571 -4.097909
v 4.198836 -1.937440 -4.207008
v 4.265508 -2.046220 -4.201758
v 4.252069 -1.950297 -4.035479
v 5.205351 -1.377783 -4.136841
v 5.187267 -1.499999 -3.989066
v 5.274189 -1.515370 -4.153342
v 5.193413 -2.066384 -4.124105
v 5.263214 -1.954970 -4.128026
v 5.173735 -1.957935 -3.994517
v 4.300232 -1.389627 -4.521175
v 4.316026 -1.497549 -4.686122
v 4.220716 -1.495956 -4.520688
v 4.277428 -2.065543 -4.510817
v 4.198308 -1.944211 -4.510926
v 4.301200 -1.962867 -4.664330
v 5.231053 -1.406714 -4.420208
v 5.302337 -1.517539 -4.409740
v 5.249645 -1.512914 -4.583227
v 5.216660 -2.065842 -4.390497
v 5.246095 -1.975748 -4.555109
v 5.303498 -1.976670 -4.398622
v 3.028927 -2.064468 -4.433896
v 2.916150 -1.949748 -4.422936
v 3.017139 -1.957410 -4.570265
v 2.948435 -1.503600 -4.440435
v 3.026870 -1.395779 -4.436419
v 3.025480 -1.486876 -4.607893
v 4.116650 -2.078317 -4.486360
v 4.109722 -1.951678 -4.628181
v 4.195852 -1.942325 -4.459036
v 4.108675 -1.389060 -4.463525
v 4.188410 -1.501773 -4.461765
v 4.096699 -1.493598 -4.599419
v 3.034101 -2.061916 -4.150707
v 3.038422 -1.958821 -3.979807
v 2.942775 -1.954220 -4.149828
v 3.013243 -1.385230 -4.126747
v 2.920762 -1.505252 -4.137207
v 3.026381 -1.492580 -3.977878
v 4.121343 -2.057676 -4.201057
v 4.205600 -1.947743 -4.201888
v 4.129064 -1.956297 -4.032020
v 4.111837 -1.397385 -4.196819
v 4.130630 -1.492555 -4.035927
v 4.211082 -1.488256 -4.188797
v 2.801888 -1.391673 -4.394990
v 2.937158 -1.506798 -4.383193
v 2.806173 -1.509318 -4.541518
v 2.915447 -1.957256 -4.382611
v 2.794732 -2.068962 -4.380247
v 2.787484 -1.965409 -4.552827
v 1.240027 -1.373416 -4.473543
v 1.250471 -1.492786 -4.623816
v 1.115910 -1.484097 -4.464953
v 1.234797 -2.051246 -4.461916
v 1.096828 -1.937824 -4.470874
v 1.254374 -1.952439 -4.599545
v 2.784042 -1.386168 -4.108222
v 2.767302 -1.482631 -3.941264
v 2.920938 -1.499329 -4.099854
v 2.783511 -2.074233 -4.087101
v 2.917046 -1.951971 -4.093594
v 2.771476 -1.946689 -3.946568
v 1.226413 -1.367664 -4.187140
v 1.086429 -1.477836 -4.192742
v 1.212954 -1.464834 -4.038455
v 1.223543 -2.045670 -4.177356
v 1.189698 -1.930766 -4.035400
v 1.081101 -1.932861 -4.188786
v 0.380984 -1.380399 -4.069273
v 0.313467 -1.495391 -4.075613
v 0.387712 -1.491494 -3.938711
v 0.346278 -1.941917 -4.086305
v 0.397093 -2.049225 -4.103935
v 0.408041 -1.963117 -3.928453
v 1.055854 -1.362464 -4.122040
v 1.066531 -1.493275 -3.987629
v 1.105942 -1.497264 -4.164460
v 1.066748 -2.051152 -4.182453
v 1.112888 -1.937968 -4.185647
v 1.067887 -1.950622 -4.040520
v 0.360881 -1.374684 -4.351096
v 0.352097 -1.472793 -4.526963
v 0.307246 -1.482834 -4.349117
v 0.363414 -2.050835 -4.410674
v 0.304154 -1.931584 -4.384600
v 0.356481 -1.939076 -4.553762
v 1.035743 -1.374781 -4.406926
v 1.090604 -1.484312 -4.420426
v 1.029165 -1.471210 -4.581177
v 1.046484 -2.035050 -4.447107
v 1.042360 -1.935094 -4.603363
v 1.104703 -1.943427 -4.459632
v 0.164409 -1.354140 -4.404710
v 0.306288 -1.464631 -4.403268
v 0.167015 -1.470755 -4.552765
v 0.309172 -1.915657 -4.407673
v 0.194940 -2.031485 -4.399142
v 0.172567 -1.927240 -4.569301
v -1.399239 -1.389192 -4.382439
v -1.390598 -1.507297 -4.534648
v -1.516578 -1.504148 -4.367467
v -1.366928 -2.066993 -4.380110
v -1.511250 -1.958313 -4.378572
v -1.360352 -1.966767 -4.517207
v 0.162097 -1.350886 -4.117531
v 0.159841 -1.448837 -3.951336
v 0.305303 -1.459337 -4.119583
v 0.200177 -2.038810 -4.106181
v 0.326399 -1.911966 -4.119503
v 0.188969 -1.912532 -3.963466
v -1.397361 -1.385541 -4.095891
v -1.531340 -1.500455 -4.094044
v -1.397310 -1.483983 -3.948139
v -1.362786 -2.063427 -4.095554
v -1.394989 -1.950544 -3.950198
v -1.511674 -1.955501 -4.096202
vn -0.6855 0.6324 0.3608
vn -0.7997 -0.5413 0.2599
vn 0.8131 0.4029 0.4202
vn 0.7163 -0.4814 0.5052
vn -0.6933 0.5763 -0.4326
vn -0.7195 -0.5253 -0.4543
vn 0.7892 0.5486 -0.2760
vn 0.6335 -0.7199 -0.2836
vn 0.8444 0.5342 0.0408
vn 0.7521 -0.6506 0.1049
vn -0.7360 0.6692 -0.1019
vn -0.8140 -0.5801 0.0296
vn -0.8318 0.0161 -0.5548
vn 0.9275 -0.0157 -0.3736
vn 0.8445 -0.0116 0.5354
vn -0.9025 0.0207 0.4301
vn 0.9930 -0.0043 0.1177
vn -0.9983 -0.0064 -0.0571
vn 0.0155 0.9975 -0.0688
vn 0.0441 -0.8583 -0.5112
vn 0.0624 0.8390 -0.5406
vn -0.0398 -0.8247 0.5642
vn -0.0480 0.7919 0.6087
vn -0.0620 0.0625 0.9961
vn -0.0142 -0.9994 0.0319
vn 0.0904 -0.0556 -0.9944
vn 0.5712 -0.6820 0.4568
vn 0.6218 0.6154 0.4843
vn -0.5810 -0.6657 0.4683
vn -0.5162 0.6115 0.5997
vn 0.5563 -0.6579 -0.5077
vn 0.5607 0.6436 -0.5209
vn -0.5869 -0.6583 -0.4713
vn -0.5682 0.7287 -0.3823
vn -0.6450 -0.7642 0.0021
vn -0.6244 0.7792 0.0540
vn 0.6393 -0.7667 -0.0585
vn 0.6822 0.7294 0.0510
vn 0.7187 0.0855 -0.6901
vn -0.7872 0.0429 -0.6152
vn -0.7055 -0.0854 0.7036
vn 0.7778 -0.0460 0.6268
vn -0.9975 -0.0379 0.0592
vn 0.9995 0.0322 -0.0034
vn 0.0013 -0.9989 -0.0467
vn -0.0403 0.8135 -0.5802
vn -0.0323 -0.8052 -0.5921
vn 0.0269 0.7870 0.6164
vn 0.0334 -0.8305 0.5560
vn 0.0455 -0.1058 0.9933
vn -0.0033 0.9978 0.0658
vn -0.0628 0.1214 -0.9906
vn -0.7264 0.5995 0.3360
vn -0.8321 -0.5022 0.2353
vn 0.8419 0.3689 0.3938
vn 0.7546 -0.4497 0.4779
vn -0.7335 0.5407 -0.4118
vn -0.7579 -0.4894 -0.4314
vn 0.8228 0.5100 -0.2509
vn 0.6766 -0.6870 -0.2651
vn 0.8709 0.4895 0.0448
vn 0.7880 -0.6067 0.1044
vn -0.7734 0.6257 -0.1018
vn -0.8444 -0.5353 0.0205
vn -0.8573 0.0161 -0.5145
vn 0.9431 -0.0158 -0.3322
vn 0.8684 -0.0119 0.4957
vn -0.9223 0.0203 0.3860
vn 0.9936 -0.0054 0.1132
vn -0.9982 -0.0041 -0.0592
vn 0.0150 0.9975 -0.0688
vn 0.0463 -0.8580 -0.5115
vn 0.0635 0.8386 -0.5410
vn -0.0380 -0.8244 0.5648
vn -0.0496 0.7915 0.6091
vn -0.0604 0.0624 0.9962
vn -0.0139 -0.9994 0.0319
vn 0.0923 -0.0556 -0.9942
vn 0.8684 -0.0120 0.4957
vn -0.8301 0.4944 0.2580
vn -0.9063 -0.3890 0.1650
vn 0.9061 0.2764 0.3202
vn 0.8463 -0.3569 0.3955
vn -0.8318 0.4333 -0.3470
vn -0.8501 -0.3834 -0.3610
vn 0.9002 0.3972 -0.1784
vn 0.7905 -0.5771 -0.2049
vn 0.9282 0.3680 0.0544
vn 0.8721 -0.4787 0.1013
vn -0.8620 0.4970 -0.0996
vn -0.9124 -0.4092 -0.0040
vn -0.9134 0.0159 -0.4067
vn 0.9741 -0.0157 -0.2258
vn 0.9203 -0.0128 0.3910
vn -0.9628 0.0192 0.2696
vn 0.9947 -0.0080 0.1026
vn -0.9979 0.0012 -0.0641
vn 0.0131 0.9975 -0.0691
vn 0.0542 -0.8574 -0.5117
vn 0.0676 0.8380 -0.5415
vn -0.0311 -0.8237 0.5661
vn -0.0555 0.7908 0.6095
vn -0.0544 0.0623 0.9966
vn -0.0127 -0.9994 0.0320
vn 0.0991 -0.0557 -0.9935
vn 0.6838 0.6366 -0.3566
vn 0.8108 -0.5339 -0.2398
vn -0.8008 0.4067 -0.4397
vn -0.7158 -0.4772 -0.5098
vn 0.6941 0.5743 0.4340
vn 0.7041 -0.5292 0.4736
vn -0.8009 0.5411 0.2563
vn -0.6326 -0.7207 0.2836
vn -0.8448 0.5311 -0.0648
vn -0.7516 -0.6516 -0.1025
vn 0.7357 0.6700 0.0989
vn 0.8169 -0.5768 -0.0056
vn 0.8231 0.0080 0.5678
vn -0.9326 -0.0344 0.3592
vn -0.8361 -0.0042 -0.5486
vn 0.9085 0.0406 -0.4159
vn -0.9911 -0.0098 -0.1326
vn 0.9974 0.0009 0.0722
vn -0.0094 0.9988 0.0484
vn -0.0585 -0.8543 0.5165
vn -0.0675 0.8424 0.5345
vn 0.0450 -0.8276 -0.5595
vn 0.0634 0.7904 -0.6093
vn 0.0804 0.0905 -0.9926
vn 0.0074 -0.9999 -0.0113
vn -0.1086 -0.0839 0.9905
vn -0.5733 -0.6809 -0.4557
vn -0.6039 0.6188 -0.5023
vn 0.5967 -0.6609 -0.4551
vn 0.5192 0.6182 -0.5902
vn -0.5576 -0.6619 0.5010
vn -0.5775 0.6375 0.5099
vn 0.5688 -0.6610 0.4894
vn 0.5708 0.7286 0.3787
vn 0.6443 -0.7644 0.0234
vn 0.6248 0.7785 -0.0599
vn -0.6394 -0.7662 0.0638
vn -0.6800 0.7292 -0.0766
vn -0.7320 0.0600 0.6786
vn 0.7780 0.0329 0.6274
vn 0.7191 -0.0596 -0.6924
vn -0.7685 -0.0355 -0.6389
vn 0.9987 -0.0273 -0.0434
vn -0.9997 0.0233 -0.0123
vn -0.0095 -0.9977 0.0668
vn 0.0366 0.8160 0.5769
vn 0.0152 -0.8033 0.5954
vn -0.0096 0.7858 -0.6184
vn -0.0301 -0.8337 -0.5515
vn -0.0283 -0.0789 -0.9965
vn 0.0118 0.9963 -0.0857
vn 0.0459 0.0948 0.9944
vn 0.7241 0.6048 -0.3314
vn 0.8425 -0.4940 -0.2150
vn -0.8311 0.3720 -0.4134
vn -0.7537 -0.4458 -0.4829
vn 0.7338 0.5386 0.4139
vn 0.7438 -0.4931 0.4512
vn -0.8336 0.5018 0.2309
vn -0.6750 -0.6888 0.2643
vn -0.8714 0.4858 -0.0682
vn -0.7870 -0.6082 -0.1034
vn 0.7725 0.6270 0.1002
vn 0.8472 -0.5312 0.0032
vn 0.8493 0.0094 0.5278
vn -0.9476 -0.0334 0.3177
vn -0.8606 -0.0059 -0.5092
vn 0.9275 0.0392 -0.3717
vn -0.9917 -0.0111 -0.1281
vn 0.9972 0.0031 0.0743
vn -0.0089 0.9988 0.0484
vn -0.0606 -0.8540 0.5167
vn -0.0687 0.8421 0.5349
vn 0.0432 -0.8273 -0.5601
vn 0.0650 0.7900 -0.6096
vn 0.0787 0.0905 -0.9928
vn 0.0071 -0.9999 -0.0114
vn -0.1104 -0.0839 0.9903
vn 0.8272 0.5022 -0.2521
vn 0.9138 -0.3795 -0.1446
vn -0.8987 0.2775 -0.3395
vn -0.8442 -0.3545 -0.4021
vn 0.8305 0.4321 0.3514
vn 0.8401 -0.3857 0.3813
vn -0.9082 0.3876 0.1580
vn -0.7877 -0.5820 0.2019
vn -0.9287 0.3629 -0.0762
vn -0.8701 -0.4817 -0.1042
vn 0.8601 0.4998 0.1020
vn 0.9146 -0.4036 0.0262
vn 0.9072 0.0127 0.4205
vn -0.9770 -0.0306 0.2111
vn -0.9143 -0.0101 -0.4050
vn 0.9663 0.0352 -0.2550
vn -0.9930 -0.0140 -0.1174
vn 0.9968 0.0083 0.0791
vn -0.0070 0.9988 0.0487
vn -0.0684 -0.8534 0.5168
vn -0.0729 0.8414 0.5354
vn 0.0362 -0.8266 -0.5616
vn 0.0708 0.7893 -0.6099
vn 0.0728 0.0903 -0.9933
vn 0.0059 -0.9999 -0.0115
vn -0.1172 -0.0840 0.9895
vn 0.8272 0.5023 -0.2521
vn -0.8987 0.2775 -0.3396
vn -0.9082 0.3875 0.1581
vn 0.5630 -0.6825 0.4660
vn 0.6132 0.6159 0.4945
vn -0.5894 -0.6651 0.4586
vn -0.5272 0.6109 0.5906
vn 0.5656 -0.6573 -0.4981
vn 0.5701 0.6430 -0.5114
vn -0.5785 -0.6588 -0.4809
vn -0.5613 0.7292 -0.3914
vn -0.6450 -0.7641 -0.0081
vn -0.6254 0.7791 0.0440
vn 0.6404 -0.7666 -0.0482
vn 0.6813 0.7294 0.0618
vn 0.7307 0.0853 -0.6773
vn -0.7767 0.0432 -0.6284
vn -0.7178 -0.0852 0.6910
vn 0.7671 -0.0463 0.6399
vn -0.9984 -0.0376 0.0433
vn 0.9994 0.0320 0.0125
vn 0.0024 -0.9989 -0.0466
vn -0.0294 0.8136 -0.5807
vn -0.0209 -0.8053 -0.5925
vn 0.0150 0.7871 0.6167
vn 0.0230 -0.8306 0.5563
vn 0.0266 -0.1059 0.9940
vn -0.0048 0.9978 0.0656
vn -0.0440 0.1215 -0.9916
vn -0.7322 0.5991 0.3240
vn -0.8361 -0.5017 0.2219
vn 0.8353 0.3691 0.4075
vn 0.7463 -0.4503 0.4902
vn -0.7263 0.5412 -0.4237
vn -0.7505 -0.4898 -0.4438
vn 0.8270 0.5095 -0.2376
vn 0.6813 -0.6866 -0.2540
vn 0.8701 0.4894 0.0586
vn 0.7861 -0.6069 0.1169
vn -0.7715 0.6259 -0.1141
vn -0.8448 -0.5351 0.0071
vn -0.8487 0.0163 -0.5286
vn 0.9484 -0.0159 -0.3167
vn 0.8601 -0.0122 0.5100
vn -0.9285 0.0205 0.3707
vn 0.9916 -0.0056 0.1290
vn -0.9972 -0.0039 -0.0750
vn 0.0161 0.9975 -0.0686
vn 0.0562 -0.8580 -0.5105
vn 0.0736 0.8386 -0.5398
vn -0.0486 -0.8244 0.5640
vn -0.0614 0.7915 0.6080
vn -0.0794 0.0624 0.9949
vn -0.0143 -0.9994 0.0317
vn 0.1112 -0.0556 -0.9922
vn -0.6657 -0.6138 -0.4244
vn -0.7671 0.5691 -0.2961
vn 0.8252 -0.4006 -0.3981
vn 0.7299 0.5092 -0.4560
vn -0.7040 -0.6001 0.3798
vn -0.7289 0.5232 0.4416
vn 0.7554 -0.5766 0.3113
vn 0.6184 0.7059 0.3453
vn 0.8331 -0.5530 -0.0067
vn 0.7514 0.6585 -0.0423
vn -0.7352 -0.6767 0.0397
vn -0.7965 0.6014 -0.0624
vn -0.8522 -0.0400 0.5217
vn 0.8994 -0.0112 0.4370
vn 0.8646 0.0342 -0.5013
vn -0.8705 0.0090 -0.4921
vn 0.9981 0.0029 -0.0611
vn -0.9999 0.0115 -0.0017
vn -0.0025 -0.9992 0.0408
vn 0.0363 0.8381 0.5442
vn 0.0269 -0.8570 0.5146
vn -0.0046 0.8437 -0.5368
vn -0.0353 -0.7664 -0.6414
vn -0.0228 -0.0097 -0.9997
vn 0.0023 1.0000 -0.0038
vn 0.0502 0.0027 0.9987
vn 0.5874 0.6394 -0.4962
vn 0.6098 -0.6680 -0.4264
vn -0.5849 0.6148 -0.5290
vn -0.5095 -0.6630 -0.5485
vn 0.5493 0.6985 0.4586
vn 0.5650 -0.5863 0.5805
vn -0.5739 0.7083 0.4110
vn -0.5833 -0.6937 0.4225
vn -0.6405 0.7651 -0.0659
vn -0.6272 -0.7787 -0.0154
vn 0.6416 0.7668 0.0209
vn 0.6773 -0.7356 0.0112
vn 0.7146 0.0009 0.6995
vn -0.7949 0.0293 0.6060
vn -0.7016 -0.0027 -0.7126
vn 0.7855 -0.0277 -0.6182
vn -0.9963 0.0269 -0.0818
vn 0.9993 -0.0281 0.0262
vn 0.0127 0.9997 -0.0189
vn -0.0476 -0.7618 0.6461
vn -0.0196 0.8531 0.5214
vn 0.0143 -0.8377 -0.5459
vn 0.0408 0.7818 -0.6223
vn 0.0416 -0.0148 -0.9990
vn -0.0148 -0.9999 -0.0000
vn -0.0592 -0.0012 0.9982
vn -0.7934 0.4428 0.4177
vn -0.8513 -0.4480 0.2729
vn 0.9371 0.2845 0.2024
vn 0.8996 -0.3597 0.2476
vn -0.8797 0.4327 -0.1974
vn -0.8866 -0.3844 -0.2572
vn 0.8426 0.4571 -0.2848
vn 0.7635 -0.5347 -0.3622
vn 0.9122 0.4054 -0.0593
vn 0.8879 -0.4567 -0.0559
vn -0.8778 0.4755 0.0573
vn -0.8864 -0.4509 0.1046
vn -0.9628 0.0170 -0.2695
vn 0.9264 0.0522 -0.3729
vn 0.9673 -0.0120 0.2533
vn -0.9079 -0.0527 0.4158
vn 0.9987 0.0263 -0.0440
vn -0.9959 -0.0373 0.0827
vn -0.0141 0.9998 -0.0106
vn -0.0245 -0.8166 -0.5767
vn -0.0404 0.8742 -0.4839
vn 0.0790 -0.8606 0.5030
vn 0.0417 0.7392 0.6721
vn 0.1196 -0.0427 0.9919
vn 0.0080 -0.9996 -0.0261
vn -0.0761 0.0510 -0.9958
vn 0.5282 0.6715 -0.5196
vn 0.6107 -0.6369 -0.4705
vn -0.6400 0.5890 -0.4934
vn -0.5169 -0.6791 -0.5212
vn 0.5490 0.7168 0.4299
vn 0.6219 -0.5616 0.5457
vn -0.5768 0.6797 0.4531
vn -0.5267 -0.7239 0.4455
vn -0.6756 0.7368 -0.0252
vn -0.5941 -0.8043 0.0129
vn 0.6091 0.7931 -0.0084
vn 0.7086 -0.7049 -0.0318
vn 0.7537 0.0327 0.6565
vn -0.7577 -0.0211 0.6523
vn -0.7415 -0.0335 -0.6701
vn 0.7474 0.0223 -0.6640
vn -0.9993 -0.0271 -0.0270
vn 0.9992 0.0267 -0.0288
vn -0.0225 0.9997 -0.0120
vn 0.0201 -0.7677 0.6404
vn -0.0148 0.8477 0.5302
vn 0.0074 -0.8323 -0.5543
vn -0.0260 0.7871 -0.6163
vn -0.0227 -0.0019 -0.9997
vn 0.0192 -0.9998 -0.0068
vn 0.0056 -0.0151 0.9999
vt 0.189680 0.731091
vt 0.189680 0.750000
vt 0.125000 0.731091
vt 0.583672 0.000000
vt 0.625000 0.018909
vt 0.583672 0.018909
vt 0.189680 0.518909
vt 0.125000 0.518909
vt 0.189680 0.500000
vt 0.625000 0.231091
vt 0.583672 0.250000
vt 0.583672 0.231091
vt 0.310320 0.731091
vt 0.375000 0.731091
vt 0.310320 0.750000
vt 0.625000 0.814680
vt 0.583672 0.814680
vt 0.583672 0.750000
vt 0.310320 0.518909
vt 0.310320 0.500000
vt 0.375000 0.518909
vt 0.625000 0.435320
vt 0.583672 0.500000
vt 0.583672 0.435320
vt 0.625000 0.314680
vt 0.583672 0.314680
vt 0.310320 0.750000
vt 0.625000 0.935320
vt 0.583672 0.935320
vt 0.416328 0.814680
vt 0.416328 0.731091
vt 0.583672 0.731091
vt 0.583672 0.518909
vt 0.416328 0.518909
vt 0.416328 0.435320
vt 0.416328 0.314680
vt 0.416328 0.231091
vt 0.416328 0.000000
vt 0.416328 0.018909
vt 0.416328 0.935320
vt 0.689680 0.518909
vt 0.689680 0.731091
vt 0.810320 0.518909
vt 0.810320 0.731091
s 0
usemtl stones
f 1606/226/1228 1607/227/1228 1608/228/1228
f 1609/229/1229 1610/230/1229 1611/231/1229
f 1612/232/1230 1613/233/1230 1614/234/1230
f 1615/235/1231 1616/236/1231 1617/237/1231
f 1618/238/1232 1619/239/1232 1620/240/1232
f 1621/241/1233 1622/242/1233 1623/243/1233
f 1624/244/1234 1625/245/1234 1626/246/1234
f 1627/247/1235 1628/248/1235 1629/249/1235
f 1624/244/1236 1612/232/1236 1614/234/1236 1625/245/1236
f 1615/250/1237 1627/247/1237 1629/249/1237 1616/251/1237
f 1606/226/1238 1618/238/1238 1620/252/1238 1607/227/1238
f 1621/241/1239 1610/253/1239 1609/254/1239 1622/242/1239
f 1622/242/1240 1620/255/1240 1619/256/1240 1623/257/1240
f 1628/258/1241 1626/259/1241 1625/260/1241 1629/249/1241
f 1616/251/1242 1614/261/1242 1613/262/1242 1617/237/1242
f 1607/263/1243 1609/229/1243 1611/231/1243 1608/264/1243
f 1614/261/1244 1616/251/1244 1629/249/1244 1625/260/1244
f 1620/255/1245 1622/242/1245 1609/254/1245 1607/265/1245
f 1624/244/1246 1618/238/1246 1606/226/1246 1612/232/1246
f 1627/266/1247 1621/267/1247 1623/257/1247 1628/258/1247
f 1618/238/1248 1624/244/1248 1626/259/1248 1619/256/1248
f 1610/230/1249 1615/235/1249 1617/237/1249 1611/231/1249
f 1612/232/1250 1606/226/1250 1608/228/1250 1613/233/1250
f 1613/262/1251 1608/264/1251 1611/231/1251 1617/237/1251
f 1615/268/1252 1610/269/1252 1621/267/1252 1627/266/1252
f 1619/256/1253 1626/259/1253 1628/258/1253 1623/257/1253
f 1630/226/1254 1631/227/1254 1632/228/1254
f 1633/229/1255 1634/230/1255 1635/231/1255
f 1636/232/1256 1637/233/1256 1638/234/1256
f 1639/235/1257 1640/236/1257 1641/237/1257
f 1642/238/1258 1643/239/1258 1644/240/1258
f 1645/241/1259 1646/242/1259 1647/243/1259
f 1648/244/1260 1649/245/1260 1650/246/1260
f 1651/247/1261 1652/248/1261 1653/249/1261
f 1648/244/1262 1636/232/1262 1638/234/1262 1649/245/1262
f 1639/250/1263 1651/247/1263 1653/249/1263 1640/251/1263
f 1630/226/1264 1642/238/1264 1644/252/1264 1631/227/1264
f 1645/241/1265 1634/253/1265 1633/254/1265 1646/242/1265
f 1646/242/1266 1644/255/1266 1643/256/1266 1647/257/1266
f 1652/258/1267 1650/259/1267 1649/260/1267 1653/249/1267
f 1640/251/1268 1638/261/1268 1637/262/1268 1641/237/1268
f 1631/263/1269 1633/229/1269 1635/231/1269 1632/264/1269
f 1638/261/1270 1640/251/1270 1653/249/1270 1649/260/1270
f 1644/255/1271 1646/242/1271 1633/254/1271 1631/265/1271
f 1648/244/1272 1642/238/1272 1630/226/1272 1636/232/1272
f 1651/266/1273 1645/267/1273 1647/257/1273 1652/258/1273
f 1642/238/1274 1648/244/1274 1650/259/1274 1643/256/1274
f 1634/230/1275 1639/235/1275 1641/237/1275 1635/231/1275
f 1636/232/1276 1630/226/1276 1632/228/1276 1637/233/1276
f 1637/262/1277 1632/264/1277 1635/231/1277 1641/237/1277
f 1639/268/1278 1634/269/1278 1645/267/1278 1651/266/1278
f 1643/256/1279 1650/259/1279 1652/258/1279 1647/257/1279
f 1654/226/1280 1655/227/1280 1656/228/1280
f 1657/229/1281 1658/230/1281 1659/231/1281
f 1660/232/1282 1661/233/1282 1662/234/1282
f 1663/235/1283 1664/236/1283 1665/237/1283
f 1666/238/1284 1667/239/1284 1668/240/1284
f 1669/241/1285 1670/242/1285 1671/243/1285
f 1672/244/1286 1673/245/1286 1674/246/1286
f 1675/247/1287 1676/248/1287 1677/249/1287
f 1672/244/1288 1660/232/1288 1662/234/1288 1673/245/1288
f 1663/250/1289 1675/247/1289 1677/249/1289 1664/251/1289
f 1654/226/1290 1666/238/1290 1668/252/1290 1655/227/1290
f 1669/241/1291 1658/253/1291 1657/254/1291 1670/242/1291
f 1670/242/1292 1668/255/1292 1667/256/1292 1671/257/1292
f 1676/258/1293 1674/259/1293 1673/260/1293 1677/249/1293
f 1664/251/1294 1662/261/1294 1661/262/1294 1665/237/1294
f 1655/263/1295 1657/229/1295 1659/231/1295 1656/264/1295
f 1662/261/1296 1664/251/1296 1677/249/1296 1673/260/1296
f 1668/255/1297 1670/242/1297 1657/254/1297 1655/265/1297
f 1672/244/1298 1666/238/1298 1654/226/1298 1660/232/1298
f 1675/266/1299 1669/267/1299 1671/257/1299 1676/258/1299
f 1666/238/1300 1672/244/1300 1674/259/1300 1667/256/1300
f 1658/230/1301 1663/235/1301 1665/237/1301 1659/231/1301
f 1660/232/1302 1654/226/1302 1656/228/1302 1661/233/1302
f 1661/262/1303 1656/264/1303 1659/231/1303 1665/237/1303
f 1663/268/1304 1658/269/1304 1669/267/1304 1675/266/1304
f 1667/256/1305 1674/259/1305 1676/258/1305 1671/257/1305
f 1678/226/1254 1679/227/1254 1680/228/1254
f 1681/229/1255 1682/230/1255 1683/231/1255
f 1684/232/1256 1685/233/1256 1686/234/1256
f 1687/235/1257 1688/236/1257 1689/237/1257
f 1690/238/1258 1691/239/1258 1692/240/1258
f 1693/241/1259 1694/242/1259 1695/243/1259
f 1696/244/1260 1697/245/1260 1698/246/1260
f 1699/247/1261 1700/248/1261 1701/249/1261
f 1696/244/1262 1684/232/1262 1686/234/1262 1697/245/1262
f 1687/250/1263 1699/247/1263 1701/249/1263 1688/251/1263
f 1678/226/1264 1690/238/1264 1692/252/1264 1679/227/1264
f 1693/241/1265 1682/253/1265 1681/254/1265 1694/242/1265
f 1694/242/1266 1692/255/1266 1691/256/1266 1695/257/1266
f 1700/258/1267 1698/259/1267 1697/260/1267 1701/249/1267
f 1688/251/1268 1686/261/1268 1685/262/1268 1689/237/1268
f 1679/263/1269 1681/229/1269 1683/231/1269 1680/264/1269
f 1686/261/1270 1688/251/1270 1701/249/1270 1697/260/1270
f 1692/255/1271 1694/242/1271 1681/254/1271 1679/265/1271
f 1696/244/1272 1690/238/1272 1678/226/1272 1684/232/1272
f 1699/266/1273 1693/267/1273 1695/257/1273 1700/258/1273
f 1690/238/1274 1696/244/1274 1698/259/1274 1691/256/1274
f 1682/230/1275 1687/235/1275 1689/237/1275 1683/231/1275
f 1684/232/1276 1678/226/1276 1680/228/1276 1685/233/1276
f 1685/262/1277 1680/264/1277 1683/231/1277 1689/237/1277
f 1687/268/1278 1682/269/1278 1693/267/1278 1699/266/1278
f 1691/256/1279 1698/259/1279 1700/258/1279 1695/257/1279
f 1702/226/1280 1703/227/1280 1704/228/1280
f 1705/229/1281 1706/230/1281 1707/231/1281
f 1708/232/1282 1709/233/1282 1710/234/1282
f 1711/235/1283 1712/236/1283 1713/237/1283
f 1714/238/1284 1715/239/1284 1716/240/1284
f 1717/241/1285 1718/242/1285 1719/243/1285
f 1720/244/1286 1721/245/1286 1722/246/1286
f 1723/247/1287 1724/248/1287 1725/249/1287
f 1720/244/1288 1708/232/1288 1710/234/1288 1721/245/1288
f 1711/250/1289 1723/247/1289 1725/249/1289 1712/251/1289
f 1702/226/1290 1714/238/1290 1716/252/1290 1703/227/1290
f 1717/241/1291 1706/253/1291 1705/254/1291 1718/242/1291
f 1718/242/1292 1716/255/1292 1715/256/1292 1719/257/1292
f 1724/258/1293 1722/259/1293 1721/260/1293 1725/249/1293
f 1712/251/1306 1710/261/1306 1709/262/1306 1713/237/1306
f 1703/263/1295 1705/229/1295 1707/231/1295 1704/264/1295
f 1710/261/1296 1712/251/1296 1725/249/1296 1721/260/1296
f 1716/255/1297 1718/242/1297 1705/254/1297 1703/265/1297
f 1720/244/1298 1714/238/1298 1702/226/1298 1708/232/1298
f 1723/266/1299 1717/267/1299 1719/257/1299 1724/258/1299
f 1714/238/1300 1720/244/1300 1722/259/1300 1715/256/1300
f 1706/230/1301 1711/235/1301 1713/237/1301 1707/231/1301
f 1708/232/1302 1702/226/1302 1704/228/1302 1709/233/1302
f 1709/262/1303 1704/264/1303 1707/231/1303 1713/237/1303
f 1711/268/1304 1706/269/1304 1717/267/1304 1723/266/1304
f 1715/256/1305 1722/259/1305 1724/258/1305 1719/257/1305
f 1726/226/1307 1727/227/1307 1728/228/1307
f 1729/229/1308 1730/230/1308 1731/231/1308
f 1732/232/1309 1733/233/1309 1734/234/1309
f 1735/235/1310 1736/236/1310 1737/237/1310
f 1738/238/1311 1739/239/1311 1740/240/1311
f 1741/241/1312 1742/242/1312 1743/243/1312
f 1744/244/1313 1745/245/1313 1746/246/1313
f 1747/247/1314 1748/248/1314 1749/249/1314
f 1744/244/1315 1732/232/1315 1734/234/1315 1745/245/1315
f 1735/250/1316 1747/247/1316 1749/249/1316 1736/251/1316
f 1726/226/1317 1738/238/1317 1740/252/1317 1727/227/1317
f 1741/241/1318 1730/253/1318 1729/254/1318 1742/242/1318
f 1742/242/1319 1740/255/1319 1739/256/1319 1743/257/1319
f 1748/258/1320 1746/259/1320 1745/260/1320 1749/249/1320
f 1736/251/1321 1734/261/1321 1733/262/1321 1737/237/1321
f 1727/263/1322 1729/229/1322 1731/231/1322 1728/264/1322
f 1734/261/1323 1736/251/1323 1749/249/1323 1745/260/1323
f 1740/255/1324 1742/242/1324 1729/254/1324 1727/265/1324
f 1744/244/1325 1738/238/1325 1726/226/1325 1732/232/1325
f 1747/266/1326 1741/267/1326 1743/257/1326 1748/258/1326
f 1738/238/1327 1744/244/1327 1746/259/1327 1739/256/1327
f 1730/230/1328 1735/235/1328 1737/237/1328 1731/231/1328
f 1732/232/1329 1726/226/1329 1728/228/1329 1733/233/1329
f 1733/262/1330 1728/264/1330 1731/231/1330 1737/237/1330
f 1735/268/1331 1730/269/1331 1741/267/1331 1747/266/1331
f 1739/256/1332 1746/259/1332 1748/258/1332 1743/257/1332
f 1750/226/1307 1751/227/1307 1752/228/1307
f 1753/229/1308 1754/230/1308 1755/231/1308
f 1756/232/1309 1757/233/1309 1758/234/1309
f 1759/235/1310 1760/236/1310 1761/237/1310
f 1762/238/1311 1763/239/1311 1764/240/1311
f 1765/241/1312 1766/242/1312 1767/243/1312
f 1768/244/1313 1769/245/1313 1770/246/1313
f 1771/247/1314 1772/248/1314 1773/249/1314
f 1768/244/1315 1756/232/1315 1758/234/1315 1769/245/1315
f 1759/250/1316 1771/247/1316 1773/249/1316 1760/251/1316
f 1750/226/1317 1762/238/1317 1764/252/1317 1751/227/1317
f 1765/241/1318 1754/253/1318 1753/254/1318 1766/242/1318
f 1766/242/1319 1764/255/1319 1763/256/1319 1767/257/1319
f 1772/258/1320 1770/259/1320 1769/260/1320 1773/249/1320
f 1760/251/1321 1758/261/1321 1757/262/1321 1761/237/1321
f 1751/263/1322 1753/229/1322 1755/231/1322 1752/264/1322
f 1758/261/1323 1760/251/1323 1773/249/1323 1769/260/1323
f 1764/255/1324 1766/242/1324 1753/254/1324 1751/265/1324
f 1768/244/1325 1762/238/1325 1750/226/1325 1756/232/1325
f 1771/266/1326 1765/267/1326 1767/257/1326 1772/258/1326
f 1762/238/1327 1768/244/1327 1770/259/1327 1763/256/1327
f 1754/230/1328 1759/235/1328 1761/237/1328 1755/231/1328
f 1756/232/1329 1750/226/1329 1752/228/1329 1757/233/1329
f 1757/262/1330 1752/264/1330 1755/231/1330 1761/237/1330
f 1759/268/1331 1754/269/1331 1765/267/1331 1771/266/1331
f 1763/256/1332 1770/259/1332 1772/258/1332 1767/257/1332
f 1774/226/1333 1775/227/1333 1776/228/1333
f 1777/229/1334 1778/230/1334 1779/231/1334
f 1780/232/1335 1781/233/1335 1782/234/1335
f 1783/235/1336 1784/236/1336 1785/237/1336
f 1786/238/1337 1787/239/1337 1788/240/1337
f 1789/241/1338 1790/242/1338 1791/243/1338
f 1792/244/1339 1793/245/1339 1794/246/1339
f 1795/247/1340 1796/248/1340 1797/249/1340
f 1792/244/1341 1780/232/1341 1782/234/1341 1793/245/1341
f 1783/250/1342 1795/247/1342 1797/249/1342 1784/251/1342
f 1774/226/1343 1786/238/1343 1788/252/1343 1775/227/1343
f 1789/241/1344 1778/253/1344 1777/254/1344 1790/242/1344
f 1790/242/1345 1788/255/1345 1787/256/1345 1791/257/1345
f 1796/258/1346 1794/259/1346 1793/260/1346 1797/249/1346
f 1784/251/1347 1782/261/1347 1781/262/1347 1785/237/1347
f 1775/263/1348 1777/229/1348 1779/231/1348 1776/264/1348
f 1782/261/1349 1784/251/1349 1797/249/1349 1793/260/1349
f 1788/255/1350 1790/242/1350 1777/254/1350 1775/265/1350
f 1792/244/1351 1786/238/1351 1774/226/1351 1780/232/1351
f 1795/266/1352 1789/267/1352 1791/257/1352 1796/258/1352
f 1786/238/1353 1792/244/1353 1794/259/1353 1787/256/1353
f 1778/230/1354 1783/235/1354 1785/237/1354 1779/231/1354
f 1780/232/1355 1774/226/1355 1776/228/1355 1781/233/1355
f 1781/262/1356 1776/264/1356 1779/231/1356 1785/237/1356
f 1783/268/1357 1778/269/1357 1789/267/1357 1795/266/1357
f 1787/256/1358 1794/259/1358 1796/258/1358 1791/257/1358
f 1798/226/1359 1799/227/1359 1800/228/1359
f 1801/229/1360 1802/230/1360 1803/231/1360
f 1804/232/1361 1805/233/1361 1806/234/1361
f 1807/235/1362 1808/236/1362 1809/237/1362
f 1810/238/1363 1811/239/1363 1812/240/1363
f 1813/241/1364 1814/242/1364 1815/243/1364
f 1816/244/1365 1817/245/1365 1818/246/1365
f 1819/247/1366 1820/248/1366 1821/249/1366
f 1816/244/1367 1804/232/1367 1806/234/1367 1817/245/1367
f 1807/250/1368 1819/247/1368 1821/249/1368 1808/251/1368
f 1798/226/1369 1810/238/1369 1812/252/1369 1799/227/1369
f 1813/241/1370 1802/253/1370 1801/254/1370 1814/242/1370
f 1814/242/1371 1812/255/1371 1811/256/1371 1815/257/1371
f 1820/258/1372 1818/259/1372 1817/260/1372 1821/249/1372
f 1808/251/1373 1806/261/1373 1805/262/1373 1809/237/1373
f 1799/263/1374 1801/229/1374 1803/231/1374 1800/264/1374
f 1806/261/1375 1808/251/1375 1821/249/1375 1817/260/1375
f 1812/255/1376 1814/242/1376 1801/254/1376 1799/265/1376
f 1816/244/1377 1810/238/1377 1798/226/1377 1804/232/1377
f 1819/266/1378 1813/267/1378 1815/257/1378 1820/258/1378
f 1810/238/1379 1816/244/1379 1818/259/1379 1811/256/1379
f 1802/230/1380 1807/235/1380 1809/237/1380 1803/231/1380
f 1804/232/1381 1798/226/1381 1800/228/1381 1805/233/1381
f 1805/262/1382 1800/264/1382 1803/231/1382 1809/237/1382
f 1807/268/1383 1802/269/1383 1813/267/1383 1819/266/1383
f 1811/256/1384 1818/259/1384 1820/258/1384 1815/257/1384
f 1822/226/1385 1823/227/1385 1824/228/1385
f 1825/229/1386 1826/230/1386 1827/231/1386
f 1828/232/1387 1829/233/1387 1830/234/1387
f 1831/235/1388 1832/236/1388 1833/237/1388
f 1834/238/1389 1835/239/1389 1836/240/1389
f 1837/241/1390 1838/242/1390 1839/243/1390
f 1840/244/1391 1841/245/1391 1842/246/1391
f 1843/247/1392 1844/248/1392 1845/249/1392
f 1840/244/1393 1828/232/1393 1830/234/1393 1841/245/1393
f 1831/250/1394 1843/247/1394 1845/249/1394 1832/251/1394
f 1822/226/1395 1834/238/1395 1836/252/1395 1823/227/1395
f 1837/241/1396 1826/253/1396 1825/254/1396 1838/242/1396
f 1838/242/1397 1836/255/1397 1835/256/1397 1839/257/1397
f 1844/258/1398 1842/259/1398 1841/260/1398 1845/249/1398
f 1832/251/1399 1830/261/1399 1829/262/1399 1833/237/1399
f 1823/263/1400 1825/229/1400 1827/231/1400 1824/264/1400
f 1830/261/1401 1832/251/1401 1845/249/1401 1841/260/1401
f 1836/255/1402 1838/242/1402 1825/254/1402 1823/265/1402
f 1840/244/1403 1834/238/1403 1822/226/1403 1828/232/1403
f 1843/266/1404 1837/267/1404 1839/257/1404 1844/258/1404
f 1834/238/1405 1840/244/1405 1842/259/1405 1835/256/1405
f 1826/230/1406 1831/235/1406 1833/237/1406 1827/231/1406
f 1828/232/1407 1822/226/1407 1824/228/1407 1829/233/1407
f 1829/262/1408 1824/264/1408 1827/231/1408 1833/237/1408
f 1831/268/1409 1826/269/1409 1837/267/1409 1843/266/1409
f 1835/256/1410 1842/259/1410 1844/258/1410 1839/257/1410
f 1846/226/1359 1847/227/1359 1848/228/1359
f 1849/229/1360 1850/230/1360 1851/231/1360
f 1852/232/1361 1853/233/1361 1854/234/1361
f 1855/235/1362 1856/236/1362 1857/237/1362
f 1858/238/1363 1859/239/1363 1860/240/1363
f 1861/241/1364 1862/242/1364 1863/243/1364
f 1864/244/1365 1865/245/1365 1866/246/1365
f 1867/247/1366 1868/248/1366 1869/249/1366
f 1864/244/1367 1852/232/1367 1854/234/1367 1865/245/1367
f 1855/250/1368 1867/247/1368 1869/249/1368 1856/251/1368
f 1846/226/1369 1858/238/1369 1860/252/1369 1847/227/1369
f 1861/241/1370 1850/253/1370 1849/254/1370 1862/242/1370
f 1862/242/1371 1860/255/1371 1859/256/1371 1863/257/1371
f 1868/258/1372 1866/259/1372 1865/260/1372 1869/249/1372
f 1856/251/1373 1854/261/1373 1853/262/1373 1857/237/1373
f 1847/263/1374 1849/229/1374 1851/231/1374 1848/264/1374
f 1854/261/1375 1856/251/1375 1869/249/1375 1865/260/1375
f 1860/255/1376 1862/242/1376 1849/254/1376 1847/265/1376
f 1864/244/1377 1858/238/1377 1846/226/1377 1852/232/1377
f 1867/266/1378 1861/267/1378 1863/257/1378 1868/258/1378
f 1858/238/1379 1864/244/1379 1866/259/1379 1859/256/1379
f 1850/230/1380 1855/235/1380 1857/237/1380 1851/231/1380
f 1852/232/1381 1846/226/1381 1848/228/1381 1853/233/1381
f 1853/262/1382 1848/264/1382 1851/231/1382 1857/237/1382
f 1855/268/1383 1850/269/1383 1861/267/1383 1867/266/1383
f 1859/256/1384 1866/259/1384 1868/258/1384 1863/257/1384
f 1870/226/1385 1871/227/1385 1872/228/1385
f 1873/229/1386 1874/230/1386 1875/231/1386
f 1876/232/1387 1877/233/1387 1878/234/1387
f 1879/235/1388 1880/236/1388 1881/237/1388
f 1882/238/1389 1883/239/1389 1884/240/1389
f 1885/241/1390 1886/242/1390 1887/243/1390
f 1888/244/1391 1889/245/1391 1890/246/1391
f 1891/247/1392 1892/248/1392 1893/249/1392
f 1888/244/1393 1876/232/1393 1878/234/1393 1889/245/1393
f 1879/250/1394 1891/247/1394 1893/249/1394 1880/251/1394
f 1870/226/1395 1882/238/1395 1884/252/1395 1871/227/1395
f 1885/241/1396 1874/253/1396 1873/254/1396 1886/242/1396
f 1886/242/1397 1884/255/1397 1883/256/1397 1887/257/1397
f 1892/258/1398 1890/259/1398 1889/260/1398 1893/249/1398
f 1880/251/1399 1878/261/1399 1877/262/1399 1881/237/1399
f 1871/263/1400 1873/229/1400 1875/231/1400 1872/264/1400
f 1878/261/1401 1880/251/1401 1893/249/1401 1889/260/1401
f 1884/255/1402 1886/242/1402 1873/254/1402 1871/265/1402
f 1888/244/1403 1882/238/1403 1870/226/1403 1876/232/1403
f 1891/266/1404 1885/267/1404 1887/257/1404 1892/258/1404
f 1882/238/1405 1888/244/1405 1890/259/1405 1883/256/1405
f 1874/230/1406 1879/235/1406 1881/237/1406 1875/231/1406
f 1876/232/1407 1870/226/1407 1872/228/1407 1877/233/1407
f 1877/262/1408 1872/264/1408 1875/231/1408 1881/237/1408
f 1879/268/1409 1874/269/1409 1885/267/1409 1891/266/1409
f 1883/256/1410 1890/259/1410 1892/258/1410 1887/257/1410
f 1894/226/1411 1895/227/1411 1896/228/1411
f 1897/229/1412 1898/230/1412 1899/231/1412
f 1900/232/1413 1901/233/1413 1902/234/1413
f 1903/235/1414 1904/236/1414 1905/237/1414
f 1906/238/1415 1907/239/1415 1908/240/1415
f 1909/241/1416 1910/242/1416 1911/243/1416
f 1912/244/1417 1913/245/1417 1914/246/1417
f 1915/247/1418 1916/248/1418 1917/249/1418
f 1912/244/1419 1900/232/1419 1902/234/1419 1913/245/1419
f 1903/250/1420 1915/247/1420 1917/249/1420 1904/251/1420
f 1894/226/1421 1906/238/1421 1908/252/1421 1895/227/1421
f 1909/241/1422 1898/253/1422 1897/254/1422 1910/242/1422
f 1910/242/1423 1908/255/1423 1907/256/1423 1911/257/1423
f 1916/258/1424 1914/259/1424 1913/260/1424 1917/249/1424
f 1904/251/1425 1902/261/1425 1901/262/1425 1905/237/1425
f 1895/263/1426 1897/229/1426 1899/231/1426 1896/264/1426
f 1902/261/1427 1904/251/1427 1917/249/1427 1913/260/1427
f 1908/255/1428 1910/242/1428 1897/254/1428 1895/265/1428
f 1912/244/1429 1906/238/1429 1894/226/1429 1900/232/1429
f 1915/266/1430 1909/267/1430 1911/257/1430 1916/258/1430
f 1906/238/1431 1912/244/1431 1914/259/1431 1907/256/1431
f 1898/230/1432 1903/235/1432 1905/237/1432 1899/231/1432
f 1900/232/1433 1894/226/1433 1896/228/1433 1901/233/1433
f 1901/262/1434 1896/264/1434 1899/231/1434 1905/237/1434
f 1903/268/1435 1898/269/1435 1909/267/1435 1915/266/1435
f 1907/256/1436 1914/259/1436 1916/258/1436 1911/257/1436
f 1918/226/1437 1919/227/1437 1920/228/1437
f 1921/229/1412 1922/230/1412 1923/231/1412
f 1924/232/1438 1925/233/1438 1926/234/1438
f 1927/235/1414 1928/236/1414 1929/237/1414
f 1930/238/1415 1931/239/1415 1932/240/1415
f 1933/241/1416 1934/242/1416 1935/243/1416
f 1936/244/1439 1937/245/1439 1938/246/1439
f 1939/247/1418 1940/248/1418 1941/249/1418
f 1936/244/1419 1924/232/1419 1926/234/1419 1937/245/1419
f 1927/250/1420 1939/247/1420 1941/249/1420 1928/251/1420
f 1918/226/1421 1930/238/1421 1932/252/1421 1919/227/1421
f 1933/241/1422 1922/253/1422 1921/254/1422 1934/242/1422
f 1934/242/1423 1932/255/1423 1931/256/1423 1935/257/1423
f 1940/258/1424 1938/259/1424 1937/260/1424 1941/249/1424
f 1928/251/1425 1926/261/1425 1925/262/1425 1929/237/1425
f 1919/263/1426 1921/229/1426 1923/231/1426 1920/264/1426
f 1926/261/1427 1928/251/1427 1941/249/1427 1937/260/1427
f 1932/255/1428 1934/242/1428 1921/254/1428 1919/265/1428
f 1936/244/1429 1930/238/1429 1918/226/1429 1924/232/1429
f 1939/266/1430 1933/267/1430 1935/257/1430 1940/258/1430
f 1930/238/1431 1936/244/1431 1938/259/1431 1931/256/1431
f 1922/230/1432 1927/235/1432 1929/237/1432 1923/231/1432
f 1924/232/1433 1918/226/1433 1920/228/1433 1925/233/1433
f 1925/262/1434 1920/264/1434 1923/231/1434 1929/237/1434
f 1927/268/1435 1922/269/1435 1933/267/1435 1939/266/1435
f 1931/256/1436 1938/259/1436 1940/258/1436 1935/257/1436
f 1942/226/1440 1943/227/1440 1944/228/1440
f 1945/229/1441 1946/230/1441 1947/231/1441
f 1948/232/1442 1949/233/1442 1950/234/1442
f 1951/235/1443 1952/236/1443 1953/237/1443
f 1954/238/1444 1955/239/1444 1956/240/1444
f 1957/241/1445 1958/242/1445 1959/243/1445
f 1960/244/1446 1961/245/1446 1962/246/1446
f 1963/247/1447 1964/248/1447 1965/249/1447
f 1960/244/1448 1948/232/1448 1950/234/1448 1961/245/1448
f 1951/250/1449 1963/247/1449 1965/249/1449 1952/251/1449
f 1942/226/1450 1954/238/1450 1956/252/1450 1943/227/1450
f 1957/241/1451 1946/253/1451 1945/254/1451 1958/242/1451
f 1958/242/1452 1956/255/1452 1955/256/1452 1959/257/1452
f 1964/258/1453 1962/259/1453 1961/260/1453 1965/249/1453
f 1952/251/1454 1950/261/1454 1949/262/1454 1953/237/1454
f 1943/263/1455 1945/229/1455 1947/231/1455 1944/264/1455
f 1950/261/1456 1952/251/1456 1965/249/1456 1961/260/1456
f 1956/255/1457 1958/242/1457 1945/254/1457 1943/265/1457
f 1960/244/1458 1954/238/1458 1942/226/1458 1948/232/1458
f 1963/266/1459 1957/267/1459 1959/257/1459 1964/258/1459
f 1954/238/1460 1960/244/1460 1962/259/1460 1955/256/1460
f 1946/230/1461 1951/235/1461 1953/237/1461 1947/231/1461
f 1948/232/1462 1942/226/1462 1944/228/1462 1949/233/1462
f 1949/262/1463 1944/264/1463 1947/231/1463 1953/237/1463
f 1951/268/1464 1946/269/1464 1957/267/1464 1963/266/1464
f 1955/256/1465 1962/259/1465 1964/258/1465 1959/257/1465
f 1966/226/1466 1967/227/1466 1968/228/1466
f 1969/229/1467 1970/230/1467 1971/231/1467
f 1972/232/1468 1973/233/1468 1974/234/1468
f 1975/235/1469 1976/236/1469 1977/237/1469
f 1978/238/1470 1979/239/1470 1980/240/1470
f 1981/241/1471 1982/242/1471 1983/243/1471
f 1984/244/1472 1985/245/1472 1986/246/1472
f 1987/247/1473 1988/248/1473 1989/249/1473
f 1984/244/1474 1972/232/1474 1974/234/1474 1985/245/1474
f 1975/250/1475 1987/247/1475 1989/249/1475 1976/251/1475
f 1966/226/1476 1978/238/1476 1980/252/1476 1967/227/1476
f 1981/241/1477 1970/253/1477 1969/254/1477 1982/242/1477
f 1982/242/1478 1980/255/1478 1979/256/1478 1983/257/1478
f 1988/258/1479 1986/259/1479 1985/260/1479 1989/249/1479
f 1976/251/1480 1974/261/1480 1973/262/1480 1977/237/1480
f 1967/263/1481 1969/229/1481 1971/231/1481 1968/264/1481
f 1974/261/1482 1976/251/1482 1989/249/1482 1985/260/1482
f 1980/255/1483 1982/242/1483 1969/254/1483 1967/265/1483
f 1984/244/1484 1978/238/1484 1966/226/1484 1972/232/1484
f 1987/266/1485 1981/267/1485 1983/257/1485 1988/258/1485
f 1978/238/1486 1984/244/1486 1986/259/1486 1979/256/1486
f 1970/230/1487 1975/235/1487 1977/237/1487 1971/231/1487
f 1972/232/1488 1966/226/1488 1968/228/1488 1973/233/1488
f 1973/262/1489 1968/264/1489 1971/231/1489 1977/237/1489
f 1975/268/1490 1970/269/1490 1981/267/1490 1987/266/1490
f 1979/256/1491 1986/259/1491 1988/258/1491 1983/257/1491
f 1990/226/1492 1991/227/1492 1992/228/1492
f 1993/229/1493 1994/230/1493 1995/231/1493
f 1996/232/1494 1997/233/1494 1998/234/1494
f 1999/235/1495 2000/236/1495 2001/237/1495
f 2002/238/1496 2003/239/1496 2004/240/1496
f 2005/241/1497 2006/242/1497 2007/243/1497
f 2008/244/1498 2009/245/1498 2010/246/1498
f 2011/247/1499 2012/248/1499 2013/249/1499
f 2008/244/1500 1996/232/1500 1998/234/1500 2009/245/1500
f 1999/250/1501 2011/247/1501 2013/249/1501 2000/251/1501
f 1990/226/1502 2002/238/1502 2004/252/1502 1991/227/1502
f 2005/241/1503 1994/253/1503 1993/254/1503 2006/242/1503
f 2006/242/1504 2004/255/1504 2003/256/1504 2007/257/1504
f 2012/258/1505 2010/259/1505 2009/260/1505 2013/249/1505
f 2000/251/1506 1998/261/1506 1997/262/1506 2001/237/1506
f 1991/263/1507 1993/229/1507 1995/231/1507 1992/264/1507
f 1998/261/1508 2000/251/1508 2013/249/1508 2009/260/1508
f 2004/255/1509 2006/242/1509 1993/254/1509 1991/265/1509
f 2008/244/1510 2002/238/1510 1990/226/1510 1996/232/1510
f 2011/266/1511 2005/267/1511 2007/257/1511 2012/258/1511
f 2002/238/1512 2008/244/1512 2010/259/1512 2003/256/1512
f 1994/230/1513 1999/235/1513 2001/237/1513 1995/231/1513
f 1996/232/1514 1990/226/1514 1992/228/1514 1997/233/1514
f 1997/262/1515 1992/264/1515 1995/231/1515 2001/237/1515
f 1999/268/1516 1994/269/1516 2005/267/1516 2011/266/1516
f 2003/256/1517 2010/259/1517 2012/258/1517 2007/257/1517
f 2014/226/1518 2015/227/1518 2016/228/1518
f 2017/229/1519 2018/230/1519 2019/231/1519
f 2020/232/1520 2021/233/1520 2022/234/1520
f 2023/235/1521 2024/236/1521 2025/237/1521
f 2026/238/1522 2027/239/1522 2028/240/1522
f 2029/241/1523 2030/242/1523 2031/243/1523
f 2032/244/1524 2033/245/1524 2034/246/1524
f 2035/247/1525 2036/248/1525 2037/249/1525
f 2032/244/1526 2020/232/1526 2022/234/1526 2033/245/1526
f 2023/250/1527 2035/247/1527 2037/249/1527 2024/251/1527
f 2014/226/1528 2026/238/1528 2028/252/1528 2015/227/1528
f 2029/241/1529 2018/253/1529 2017/254/1529 2030/242/1529
f 2030/242/1530 2028/255/1530 2027/256/1530 2031/257/1530
f 2036/258/1531 2034/259/1531 2033/260/1531 2037/249/1531
f 2024/251/1532 2022/261/1532 2021/262/1532 2025/237/1532
f 2015/263/1533 2017/229/1533 2019/231/1533 2016/264/1533
f 2022/261/1534 2024/251/1534 2037/249/1534 2033/260/1534
f 2028/255/1535 2030/242/1535 2017/254/1535 2015/265/1535
f 2032/244/1536 2026/238/1536 2014/226/1536 2020/232/1536
f 2035/266/1537 2029/267/1537 2031/257/1537 2036/258/1537
f 2026/238/1538 2032/244/1538 2034/259/1538 2027/256/1538
f 2018/230/1539 2023/235/1539 2025/237/1539 2019/231/1539
f 2020/232/1540 2014/226/1540 2016/228/1540 2021/233/1540
f 2021/262/1541 2016/264/1541 2019/231/1541 2025/237/1541
f 2023/268/1542 2018/269/1542 2029/267/1542 2035/266/1542
f 2027/256/1543 2034/259/1543 2036/258/1543 2031/257/1543
f 2038/226/1544 2039/227/1544 2040/228/1544
f 2041/229/1545 2042/230/1545 2043/231/1545
f 2044/232/1546 2045/233/1546 2046/234/1546
f 2047/235/1547 2048/236/1547 2049/237/1547
f 2050/238/1548 2051/239/1548 2052/240/1548
f 2053/241/1549 2054/242/1549 2055/243/1549
f 2056/244/1550 2057/245/1550 2058/246/1550
f 2059/247/1551 2060/248/1551 2061/249/1551
f 2056/244/1552 2044/232/1552 2046/234/1552 2057/245/1552
f 2047/250/1553 2059/247/1553 2061/249/1553 2048/251/1553
f 2038/226/1554 2050/238/1554 2052/252/1554 2039/227/1554
f 2053/241/1555 2042/253/1555 2041/254/1555 2054/242/1555
f 2054/242/1556 2052/255/1556 2051/256/1556 2055/257/1556
f 2060/258/1557 2058/259/1557 2057/260/1557 2061/249/1557
f 2048/251/1558 2046/261/1558 2045/262/1558 2049/237/1558
f 2039/263/1559 2041/229/1559 2043/231/1559 2040/264/1559
f 2046/261/1560 2048/251/1560 2061/249/1560 2057/260/1560
f 2052/255/1561 2054/242/1561 2041/254/1561 2039/265/1561
f 2056/244/1562 2050/238/1562 2038/226/1562 2044/232/1562
f 2059/266/1563 2053/267/1563 2055/257/1563 2060/258/1563
f 2050/238/1564 2056/244/1564 2058/259/1564 2051/256/1564
f 2042/230/1565 2047/235/1565 2049/237/1565 2043/231/1565
f 2044/232/1566 2038/226/1566 2040/228/1566 2045/233/1566
f 2045/262/1567 2040/264/1567 2043/231/1567 2049/237/1567
f 2047/268/1568 2042/269/1568 2053/267/1568 2059/266/1568
f 2051/256/1569 2058/259/1569 2060/258/1569 2055/257/1569
f 2062/226/1570 2063/227/1570 2064/228/1570
f 2065/229/1571 2066/230/1571 2067/231/1571
f 2068/232/1572 2069/233/1572 2070/234/1572
f 2071/235/1573 2072/236/1573 2073/237/1573
f 2074/238/1574 2075/239/1574 2076/240/1574
f 2077/241/1575 2078/242/1575 2079/243/1575
f 2080/244/1576 2081/245/1576 2082/246/1576
f 2083/247/1577 2084/248/1577 2085/249/1577
f 2080/244/1578 2068/232/1578 2070/234/1578 2081/245/1578
f 2071/250/1579 2083/247/1579 2085/249/1579 2072/251/1579
f 2062/226/1580 2074/238/1580 2076/252/1580 2063/227/1580
f 2077/241/1581 2066/253/1581 2065/254/1581 2078/242/1581
f 2078/242/1582 2076/255/1582 2075/256/1582 2079/257/1582
f 2084/258/1583 2082/259/1583 2081/260/1583 2085/249/1583
f 2072/251/1584 2070/261/1584 2069/262/1584 2073/237/1584
f 2063/263/1585 2065/229/1585 2067/231/1585 2064/264/1585
f 2070/261/1586 2072/251/1586 2085/249/1586 2081/260/1586
f 2076/255/1587 2078/242/1587 2065/254/1587 2063/265/1587
f 2080/244/1588 2074/238/1588 2062/226/1588 2068/232/1588
f 2083/266/1589 2077/267/1589 2079/257/1589 2084/258/1589
f 2074/238/1590 2080/244/1590 2082/259/1590 2075/256/1590
f 2066/230/1591 2071/235/1591 2073/237/1591 2067/231/1591
f 2068/232/1592 2062/226/1592 2064/228/1592 2069/233/1592
f 2069/262/1593 2064/264/1593 2067/231/1593 2073/237/1593
f 2071/268/1594 2066/269/1594 2077/267/1594 2083/266/1594
f 2075/256/1595 2082/259/1595 2084/258/1595 2079/257/1595
o floor1
v -1.645737 -0.144958 4.392129
v 7.248099 -0.144958 4.392129
v -1.645737 -0.144958 -4.356686
v 7.248099 -0.144958 -4.356686
v -1.645737 0.026546 4.392129
v 7.248099 0.026546 4.392129
v -1.645737 0.026546 -4.356686
v 7.248099 0.026546 -4.356686
vn -0.0000 1.0000 -0.0000
vn -0.0000 -1.0000 -0.0000
vn 1.0000 -0.0000 -0.0000
vn -0.0000 -0.0000 -1.0000
vn -1.0000 -0.0000 -0.0000
vn -0.0000 -0.0000 1.0000
vt 0.000000 0.000000
vt 1.000000 0.000000
vt 1.000000 1.000000
vt 0.000000 1.000000
s 0
usemtl roof
f 2086/270/1596 2087/271/1596 2089/272/1596 2088/273/1596
f 2090/270/1597 2092/273/1597 2093/272/1597 2091/271/1597
f 2086/270/1598 2088/273/1598 2092/273/1598 2090/270/1598
f 2087/271/1599 2086/270/1599 2090/270/1599 2091/271/1599
f 2089/272/1600 2087/271/1600 2091/271/1600 2093/272/1600
f 2088/273/1601 2089/272/1601 2093/272/1601 2092/273/1601
o roof
v -3.814578 3.813491 6.440217
v 9.416940 3.813491 6.440217
v -3.814578 3.813491 -6.404774
v 9.416940 3.813491 -6.404774
v -1.649971 5.011643 4.338844
v -3.814578 4.018328 6.440217
v 7.252333 5.011643 4.338844
v 9.416940 4.018328 6.440217
v -3.814578 4.018328 -6.404774
v -1.649971 5.011643 -4.303401
v 7.252333 5.011643 -4.303401
v 9.416940 4.018328 -6.404774
vn -0.0000 1.0000 -0.0000
vn -0.0000 -0.0000 -1.0000
vn -0.0000 -1.0000 -0.0000
vn -1.0000 -0.0000 -0.0000
vn -0.0000 -0.0000 1.0000
vn 0.4171 -0.9089 -0.0000
vn -0.0000 -0.9041 -0.4274
vn -0.4171 -0.9089 -0.0000
vn -0.0000 -0.9041 0.4274
vn 1.0000 -0.0000 -0.0000
vt 0.000000 0.000000
vt 1.000000 0.000000
vt 1.000000 1.000000
vt 0.000000 1.000000
vt 0.163595 0.163595
vt 0.163595 0.836405
vt 0.836405 0.836405
vt 0.836405 0.163595
s 0
usemtl roof
f 2094/274/1602 2095/275/1602 2097/276/1602 2096/277/1602
f 2095/275/1603 2094/274/1603 2099/274/1603 2101/275/1603
f 2098/278/1604 2103/279/1604 2104/280/1604 2100/281/1604
f 2097/276/1605 2095/275/1605 2101/275/1605 2105/276/1605
f 2096/277/1606 2097/276/1606 2105/276/1606 2102/277/1606
f 2103/279/1607 2098/278/1607 2099/274/1607 2102/277/1607
f 2098/278/1608 2100/281/1608 2101/275/1608 2099/274/1608
f 2100/281/1609 2104/280/1609 2105/276/1609 2101/275/1609
f 2104/280/1610 2103/279/1610 2102/277/1610 2105/276/1610
f 2094/274/1611 2096/277/1611 2102/277/1611 2099/274/1611
o floor
v -1.757015 -1.700824 4.442760
v 7.359377 -1.700824 4.442760
v -1.757015 -1.700824 -4.407317
v 7.359377 -1.700824 -4.407317
v -1.757015 -0.204674 4.442760
v 7.359377 -0.204674 4.442760
v -1.757015 -0.204674 -4.407317
v 7.359377 -0.204674 -4.407317
vn -0.0000 1.0000 -0.0000
vn -0.0000 -1.0000 -0.0000
vn 1.0000 -0.0000 -0.0000
vn -0.0000 -0.0000 -1.0000
vn -1.0000 -0.0000 -0.0000
vn -0.0000 -0.0000 1.0000
vt 0.000000 0.000000
vt 1.000000 0.000000
vt 1.000000 1.000000
vt 0.000000 1.000000
s 0
usemtl Material.001
f 2106/282/1612 2107/283/1612 2109/284/1612 2108/285/1612
f 2110/282/1613 2112/285/1613 2113/284/1613 2111/283/1613
f 2106/282/1614 2108/285/1614 2112/285/1614 2110/282/1614
f 2107/283/1615 2106/282/1615 2110/282/1615 2111/283/1615
f 2109/284/1616 2107/283/1616 2111/283/1616 2113/284/1616
f 2108/285/1617 2109/284/1617 2113/284/1617 2112/285/1617
o stairs
v 7.249245 -1.998414 -0.679501
v 7.249245 0.022974 -0.679501
v 7.249245 -1.998414 -3.505253
v 7.249245 0.022974 -3.505253
v 11.642830 -1.998414 -0.679501
v 11.642830 -1.998414 -3.505253
v 11.642830 -1.640375 -0.679501
v 9.979481 0.022974 -0.679501
v 11.310161 -1.640375 -0.679501
v 11.310161 -1.224538 -0.679501
v 10.977490 -1.224538 -0.679501
v 10.977490 -0.808701 -0.679501
v 10.644821 -0.808701 -0.679501
v 10.644821 -0.392863 -0.679501
v 10.312151 -0.392863 -0.679501
v 10.312151 0.022974 -0.679501
v 9.979481 0.022974 -3.505253
v 11.642830 -1.640375 -3.505253
v 10.312150 0.022974 -3.505253
v 10.312150 -0.392863 -3.505253
v 10.644820 -0.392863 -3.505253
v 10.644820 -0.808701 -3.505253
v 10.977490 -0.808701 -3.505253
v 10.977490 -1.224538 -3.505253
v 11.310160 -1.224538 -3.505253
v 11.310160 -1.640375 -3.505253
vn -1.0000 -0.0000 -0.0000
vn -0.0000 -0.0000 1.0000
vn -0.0000 -0.0000 -1.0000
vn -0.0000 -1.0000 -0.0000
vn 1.0000 -0.0000 -0.0000
vn -0.0000 1.0000 -0.0000
vt 0.375000 0.000000
vt 0.625000 0.000000
vt 0.625000 0.250000
vt 0.375000 0.250000
vt 0.375000 0.750000
vt 0.419281 0.750000
vt 0.419281 0.768929
vt 0.470711 0.768929
vt 0.470711 0.787859
vt 0.522141 0.787859
vt 0.522141 0.806788
vt 0.573570 0.806788
vt 0.573570 0.825717
vt 0.625000 0.825717
vt 0.625000 0.844647
vt 0.625000 1.000000
vt 0.375000 1.000000
vt 0.625000 0.405353
vt 0.625000 0.424283
vt 0.573570 0.424283
vt 0.573570 0.443212
vt 0.522141 0.443212
vt 0.522141 0.462141
vt 0.470711 0.462141
vt 0.470711 0.481071
vt 0.419281 0.481071
vt 0.419281 0.500000
vt 0.375000 0.500000
vt 0.125000 0.500000
vt 0.125000 0.750000
vt 0.419281 0.500000
vt 0.419281 0.750000
vt 0.719646 0.500000
vt 0.719647 0.750000
vt 0.700717 0.750000
vt 0.700717 0.500000
vt 0.681788 0.750000
vt 0.681788 0.500000
vt 0.522141 0.750000
vt 0.522141 0.500000
vt 0.470711 0.750000
vt 0.470711 0.500000
vt 0.875000 0.500000
vt 0.875000 0.750000
s 0
usemtl Material.001
f 2114/286/1618 2115/287/1618 2117/288/1618 2116/289/1618
f 2118/290/1619 2120/291/1619 2122/292/1619 2123/293/1619 2124/294/1619 2125/295/1619 2126/296/1619 2127/297/1619 2128/298/1619 2129/299/1619 2121/300/1619 2115/301/1619 2114/302/1619
f 2116/289/1620 2117/288/1620 2130/303/1620 2132/304/1620 2133/305/1620 2134/306/1620 2135/307/1620 2136/308/1620 2137/309/1620 2138/310/1620 2139/311/1620 2131/312/1620 2119/313/1620
f 2116/314/1621 2119/313/1621 2118/290/1621 2114/315/1621
f 2119/313/1622 2131/316/1622 2120/317/1622 2118/290/1622
f 2130/318/1623 2121/319/1623 2129/320/1623 2132/321/1623
f 2132/321/1622 2129/320/1622 2128/320/1622 2133/321/1622
f 2133/321/1623 2128/320/1623 2127/322/1623 2134/323/1623
f 2134/323/1622 2127/322/1622 2126/322/1622 2135/323/1622
f 2135/323/1623 2126/322/1623 2125/324/1623 2136/325/1623
f 2136/325/1622 2125/324/1622 2124/326/1622 2137/327/1622
f 2137/327/1623 2124/326/1623 2123/326/1623 2138/327/1623
f 2138/327/1622 2123/326/1622 2122/317/1622 2139/316/1622
f 2139/316/1623 2122/317/1623 2120/317/1623 2131/316/1623
f 2130/318/1623 2117/328/1623 2115/329/1623 2121/319/1623
o Cube.004
v 11.545131 -2.057489 -3.643631
v 11.626361 -1.940180 -3.651208
v 11.563423 -1.949799 -3.535604
v 11.609751 -1.479985 -3.614244
v 11.554770 -1.367843 -3.608411
v 11.565474 -1.465097 -3.483253
v 10.771410 -2.060930 -3.556261
v 10.786810 -1.933095 -3.442913
v 10.714752 -1.919277 -3.566624
v 10.783925 -1.349649 -3.539466
v 10.725517 -1.465004 -3.542884
v 10.799787 -1.460202 -3.442377
v 11.523625 -2.049389 -3.857588
v 11.511008 -1.939738 -3.981582
v 11.590087 -1.939284 -3.856934
v 11.545120 -1.351193 -3.842847
v 11.610392 -1.476197 -3.845038
v 11.525073 -1.458931 -3.960288
v 10.750333 -2.034137 -3.770935
v 10.691525 -1.919845 -3.761069
v 10.735384 -1.926255 -3.893454
v 10.764765 -1.353104 -3.741582
v 10.740067 -1.447988 -3.867262
v 10.692290 -1.445599 -3.747780
v 9.848005 -1.339617 -3.643631
v 9.766775 -1.456926 -3.651208
v 9.829713 -1.447307 -3.535604
v 9.783386 -1.917121 -3.614244
v 9.838367 -2.029263 -3.608411
v 9.827662 -1.932009 -3.483253
v 10.621726 -1.336176 -3.556261
v 10.606327 -1.464011 -3.442913
v 10.678385 -1.477829 -3.566624
v 10.609211 -2.047457 -3.539466
v 10.667620 -1.932101 -3.542884
v 10.593349 -1.936904 -3.442377
v 9.869511 -1.347717 -3.857588
v 9.882128 -1.457368 -3.981582
v 9.803050 -1.457822 -3.856934
v 9.848016 -2.045913 -3.842847
v 9.782744 -1.920910 -3.845038
v 9.868064 -1.938175 -3.960288
v 10.642804 -1.362969 -3.770936
v 10.701612 -1.477261 -3.761069
v 10.657753 -1.470851 -3.893454
v 10.628371 -2.044002 -3.741582
v 10.653069 -1.949118 -3.867262
v 10.700846 -1.951507 -3.747781
v 9.048897 -2.050056 -3.625898
v 9.161529 -1.931674 -3.622571
v 9.047994 -1.940434 -3.505570
v 9.143243 -1.467708 -3.586702
v 9.042988 -1.351573 -3.581904
v 9.031860 -1.471623 -3.460201
v 7.749362 -2.062733 -3.600858
v 7.753462 -1.951676 -3.477432
v 7.646468 -1.947140 -3.600916
v 7.744959 -1.363952 -3.554427
v 7.630170 -1.480338 -3.559816
v 7.757155 -1.476593 -3.458163
v 9.042670 -2.033154 -3.843247
v 9.033711 -1.920655 -3.961788
v 9.156551 -1.917075 -3.837458
v 9.042450 -1.323131 -3.803050
v 9.153234 -1.450556 -3.805324
v 9.036741 -1.443353 -3.919823
v 7.746639 -2.046148 -3.817863
v 7.630143 -1.932064 -3.807580
v 7.739859 -1.934376 -3.922481
v 7.744143 -1.347349 -3.769976
v 7.720355 -1.454274 -3.887249
v 7.625564 -1.463261 -3.773543
v 9.680330 -2.049970 -3.626067
v 9.794472 -1.931572 -3.622769
v 9.679399 -1.940348 -3.505738
v 9.775996 -1.467608 -3.586897
v 9.674424 -1.351486 -3.582073
v 9.663100 -1.471539 -3.460365
v 9.267323 -2.062820 -3.600689
v 9.271460 -1.951763 -3.477263
v 9.163078 -1.947241 -3.600720
v 9.262942 -1.364038 -3.554258
v 9.146615 -1.480440 -3.559616
v 9.275260 -1.476678 -3.457995
v 9.674079 -2.033068 -3.843416
v 9.665048 -1.920570 -3.961957
v 9.789486 -1.916973 -3.837657
v 9.673940 -1.323044 -3.803221
v 9.786179 -1.450454 -3.805523
v 9.668170 -1.443266 -3.919993
v 9.264623 -2.046235 -3.817695
v 9.146592 -1.932166 -3.807382
v 9.257793 -1.934463 -3.922312
v 9.262174 -1.347434 -3.769809
v 9.238086 -1.454362 -3.887076
v 9.142005 -1.463363 -3.773344
v 8.219295 -1.380472 -3.626066
v 8.333437 -1.262074 -3.622769
v 8.218364 -1.270850 -3.505737
v 8.314961 -0.798110 -3.586896
v 8.213389 -0.681988 -3.582072
v 8.202065 -0.802040 -3.460364
v 7.806288 -1.393322 -3.600688
v 7.810425 -1.282265 -3.477262
v 7.702043 -1.277743 -3.600719
v 7.801908 -0.694540 -3.554257
v 7.685580 -0.810942 -3.559616
v 7.814225 -0.807180 -3.457995
v 8.213044 -1.363570 -3.843416
v 8.204013 -1.251072 -3.961957
v 8.328451 -1.247475 -3.837656
v 8.212904 -0.653546 -3.803221
v 8.325145 -0.780956 -3.805523
v 8.207135 -0.773768 -3.919992
v 7.803588 -1.376737 -3.817694
v 7.685557 -1.262668 -3.807381
v 7.796759 -1.264965 -3.922312
v 7.801138 -0.677936 -3.769809
v 7.777051 -0.784864 -3.887076
v 7.680970 -0.793865 -3.773344
v 9.737307 -1.358061 -3.625898
v 9.849938 -1.239678 -3.622571
v 9.736404 -1.248439 -3.505570
v 9.831654 -0.775713 -3.586702
v 9.731398 -0.659578 -3.581904
v 9.720270 -0.779628 -3.460201
v 8.437773 -1.370738 -3.600858
v 8.441872 -1.259681 -3.477432
v 8.334878 -1.255145 -3.600916
v 8.433369 -0.671957 -3.554427
v 8.318581 -0.788343 -3.559816
v 8.445565 -0.784598 -3.458163
v 9.731080 -1.341159 -3.843247
v 9.722121 -1.228660 -3.961788
v 9.844961 -1.225080 -3.837458
v 9.730859 -0.631136 -3.803051
v 9.841644 -0.758561 -3.805324
v 9.725151 -0.751357 -3.919823
v 8.435049 -1.354153 -3.817863
v 8.318554 -1.240068 -3.807580
v 8.428268 -1.242380 -3.922481
v 8.432553 -0.655354 -3.769976
v 8.408766 -0.762278 -3.887249
v 8.313974 -0.771266 -3.773543
v 10.384804 -1.383228 -3.626067
v 10.498946 -1.264830 -3.622769
v 10.383873 -1.273607 -3.505738
v 10.480471 -0.800866 -3.586897
v 10.378899 -0.684745 -3.582073
v 10.367575 -0.804797 -3.460365
v 9.971797 -1.396078 -3.600689
v 9.975934 -1.285021 -3.477263
v 9.867552 -1.280499 -3.600720
v 9.967417 -0.697297 -3.554258
v 9.851089 -0.813698 -3.559616
v 9.979734 -0.809937 -3.457995
v 10.378553 -1.366326 -3.843416
v 10.369522 -1.253828 -3.961957
v 10.493960 -1.250232 -3.837656
v 10.378413 -0.656302 -3.803221
v 10.490653 -0.783713 -3.805523
v 10.372643 -0.776524 -3.919993
v 9.969097 -1.379493 -3.817695
v 9.851067 -1.265424 -3.807382
v 9.962268 -1.267721 -3.922312
v 9.966647 -0.680693 -3.769809
v 9.942560 -0.787621 -3.887076
v 9.846479 -0.796621 -3.773344
v 11.219237 -0.785002 -3.626066
v 11.099195 -0.672590 -3.622769
v 11.109640 -0.787524 -3.505737
v 10.635549 -0.697795 -3.586896
v 10.520913 -0.801041 -3.582073
v 10.641116 -0.810622 -3.460364
v 11.238078 -1.197779 -3.600688
v 11.126973 -1.195254 -3.477262
v 11.124023 -1.303690 -3.600719
v 10.539433 -1.212297 -3.554257
v 10.657511 -1.326924 -3.559616
v 10.651883 -1.198347 -3.457995
v 11.202428 -0.791497 -3.843416
v 11.090073 -0.802160 -3.961957
v 11.084671 -0.677786 -3.837656
v 10.492480 -0.801938 -3.803221
v 10.618249 -0.687862 -3.805523
v 10.612773 -0.805963 -3.919993
v 11.221534 -1.200720 -3.817694
v 11.109189 -1.320393 -3.807381
v 11.109873 -1.209169 -3.922312
v 10.522842 -1.213307 -3.769809
v 10.630109 -1.235841 -3.887076
v 10.640502 -1.331781 -3.773344
v 7.769506 0.065976 -3.626067
v 7.655364 -0.052421 -3.622769
v 7.770437 -0.043645 -3.505738
v 7.673840 -0.516385 -3.586897
v 7.775412 -0.632507 -3.582073
v 7.786736 -0.512455 -3.460365
v 8.182512 0.078826 -3.600689
v 8.178376 -0.032231 -3.477263
v 8.286757 -0.036753 -3.600720
v 8.186893 -0.619955 -3.554258
v 8.303221 -0.503554 -3.559617
v 8.174576 -0.507315 -3.457995
v 7.775757 0.049074 -3.843416
v 7.784788 -0.063424 -3.961957
v 7.660349 -0.067020 -3.837657
v 7.775897 -0.660950 -3.803221
v 7.663656 -0.533539 -3.805523
v 7.781666 -0.540728 -3.919993
v 8.185213 0.062241 -3.817695
v 8.303244 -0.051828 -3.807382
v 8.192041 -0.049531 -3.922312
v 8.187662 -0.636559 -3.769809
v 8.211750 -0.529631 -3.887076
v 8.307831 -0.520631 -3.773345
v 10.457253 -0.662197 -3.625898
v 10.569884 -0.543814 -3.622571
v 10.456349 -0.552575 -3.505570
v 10.551599 -0.079849 -3.586702
v 10.451344 0.036286 -3.581904
v 10.440215 -0.083764 -3.460201
v 9.157718 -0.674874 -3.600858
v 9.161818 -0.563818 -3.477432
v 9.054824 -0.559282 -3.600916
v 9.153315 0.023906 -3.554427
v 9.038526 -0.092480 -3.559816
v 9.165510 -0.088735 -3.458163
v 10.451026 -0.645295 -3.843247
v 10.442067 -0.532796 -3.961788
v 10.564907 -0.529216 -3.837457
v 10.450805 0.064728 -3.803050
v 10.561590 -0.062697 -3.805324
v 10.445096 -0.055493 -3.919822
v 9.154995 -0.658290 -3.817863
v 9.038500 -0.544205 -3.807580
v 9.148214 -0.546517 -3.922480
v 9.152498 0.040510 -3.769976
v 9.128710 -0.066415 -3.887248
v 9.033919 -0.075403 -3.773542
v 9.028698 -0.104082 -3.626067
v 8.910299 0.010060 -3.622769
v 8.919076 -0.105013 -3.505738
v 8.446335 -0.008416 -3.586897
v 8.330214 -0.109988 -3.582073
v 8.450266 -0.121311 -3.460365
v 9.041548 -0.517089 -3.600689
v 8.930490 -0.512952 -3.477263
v 8.925968 -0.621334 -3.600720
v 8.342766 -0.521470 -3.554258
v 8.459167 -0.637797 -3.559616
v 8.455406 -0.509152 -3.457995
v 9.011795 -0.110333 -3.843416
v 8.899298 -0.119365 -3.961957
v 8.895700 0.005074 -3.837656
v 8.301771 -0.110473 -3.803221
v 8.429182 0.001767 -3.805523
v 8.421993 -0.116242 -3.919993
v 9.024962 -0.519789 -3.817695
v 8.910892 -0.637820 -3.807382
v 8.913190 -0.526618 -3.922312
v 8.326162 -0.522239 -3.769809
v 8.433090 -0.546326 -3.887076
v 8.442091 -0.642407 -3.773344
vn 0.7724 -0.5104 0.3780
vn 0.8748 0.4160 0.2484
vn -0.8381 -0.3020 0.4544
vn -0.7564 0.3670 0.5414
vn 0.7539 -0.4522 -0.4766
vn 0.7623 0.4069 -0.5034
vn -0.8662 -0.4227 -0.2665
vn -0.7389 0.5996 -0.3075
vn -0.9092 -0.4100 0.0722
vn -0.8418 0.5241 0.1289
vn 0.8302 -0.5430 -0.1259
vn 0.8919 0.4522 0.0026
vn 0.8245 -0.0101 -0.5657
vn -0.9393 0.0196 -0.3424
vn -0.8373 0.0071 0.5467
vn 0.9166 -0.0236 0.3990
vn -0.9901 0.0067 0.1403
vn 0.9967 0.0003 -0.0814
vn -0.0166 -0.9967 -0.0795
vn -0.0738 0.7727 -0.6304
vn -0.0877 -0.7518 -0.6536
vn 0.0595 0.7327 0.6780
vn 0.0778 -0.6887 0.7209
vn 0.0854 -0.0563 0.9948
vn 0.0137 0.9995 0.0293
vn -0.1144 0.0514 -0.9921
vn -0.7724 0.5104 0.3780
vn -0.8748 -0.4160 0.2484
vn 0.8381 0.3020 0.4544
vn 0.7564 -0.3670 0.5414
vn -0.7539 0.4522 -0.4766
vn -0.7623 -0.4069 -0.5034
vn 0.8662 0.4227 -0.2665
vn 0.7389 -0.5996 -0.3075
vn 0.9092 0.4100 0.0722
vn 0.8418 -0.5241 0.1289
vn -0.8302 0.5430 -0.1259
vn -0.8919 -0.4522 0.0026
vn -0.8245 0.0101 -0.5657
vn 0.9393 -0.0196 -0.3424
vn 0.8373 -0.0071 0.5467
vn -0.9166 0.0236 0.3990
vn 0.9901 -0.0067 0.1403
vn -0.9967 -0.0003 -0.0814
vn 0.0166 0.9967 -0.0795
vn 0.0738 -0.7727 -0.6304
vn 0.0877 0.7518 -0.6536
vn -0.0595 -0.7327 0.6780
vn -0.0778 0.6887 0.7209
vn -0.0854 0.0563 0.9948
vn -0.0137 -0.9995 0.0293
vn 0.1144 -0.0514 -0.9921
vn 0.6021 -0.5880 0.5402
vn 0.6321 0.5220 0.5727
vn -0.6341 -0.5642 0.5287
vn -0.5471 0.5088 0.6647
vn 0.5982 -0.5582 -0.5750
vn 0.6074 0.5385 -0.5841
vn -0.6026 -0.5645 -0.5641
vn -0.6133 0.6416 -0.4606
vn -0.7234 -0.6902 -0.0191
vn -0.7053 0.7060 0.0643
vn 0.7188 -0.6918 -0.0690
vn 0.7543 0.6512 0.0837
vn 0.7057 0.0557 -0.7063
vn -0.7454 0.0297 -0.6660
vn -0.6924 -0.0554 0.7194
vn 0.7350 -0.0319 0.6773
vn -0.9985 -0.0261 0.0477
vn 0.9997 0.0222 0.0132
vn 0.0084 -0.9970 -0.0770
vn -0.0271 0.7190 -0.6944
vn -0.0104 -0.7057 -0.7085
vn 0.0038 0.6836 0.7298
vn 0.0206 -0.7413 0.6709
vn 0.0121 -0.0682 0.9976
vn -0.0116 0.9947 0.1026
vn -0.0282 0.0799 -0.9964
vn 0.5971 -0.5907 0.5428
vn 0.6271 0.5246 0.5758
vn -0.6291 -0.5672 0.5315
vn -0.5420 0.5109 0.6672
vn 0.5931 -0.5609 -0.5775
vn 0.6023 0.5411 -0.5869
vn -0.5976 -0.5671 -0.5669
vn -0.6083 0.6447 -0.4629
vn -0.7188 -0.6949 -0.0194
vn -0.7006 0.7107 0.0645
vn 0.7142 -0.6965 -0.0693
vn 0.7500 0.6560 0.0846
vn 0.7010 0.0560 -0.7110
vn -0.7410 0.0300 -0.6708
vn -0.6876 -0.0556 0.7239
vn 0.7306 -0.0322 0.6821
vn -0.9985 -0.0263 0.0481
vn 0.9997 0.0224 0.0136
vn 0.0267 -0.9966 -0.0774
vn -0.0846 0.7204 -0.6884
vn -0.0332 -0.7061 -0.7073
vn 0.0124 0.6836 0.7297
vn 0.0658 -0.7402 0.6692
vn 0.0400 -0.0677 0.9969
vn -0.0370 0.9940 0.1026
vn -0.0884 0.0785 -0.9930
vn 0.6023 0.5412 -0.5869
vn -0.6291 -0.5673 0.5315
vn 0.5820 0.6056 0.5428
vn -0.5336 0.6194 0.5758
vn 0.5763 -0.6208 0.5315
vn -0.5030 -0.5494 0.6672
vn 0.5523 0.6012 -0.5775
vn -0.5498 0.5943 -0.5869
vn 0.5757 -0.5893 -0.5669
vn -0.6358 -0.6176 -0.4629
vn 0.7053 -0.7087 -0.0194
vn -0.7004 -0.7108 0.0645
vn 0.6860 0.7242 -0.0693
vn -0.6668 0.7404 0.0846
vn -0.0661 0.7001 -0.7110
vn -0.0192 -0.7414 -0.6708
vn 0.0656 -0.6867 0.7239
vn 0.0216 0.7309 0.6821
vn 0.0408 -0.9980 0.0481
vn -0.0369 0.9992 0.0136
vn 0.9962 0.0412 -0.0774
vn -0.7191 -0.0950 -0.6884
vn 0.7065 -0.0230 -0.7073
vn -0.6837 0.0025 0.7297
vn 0.7391 0.0765 0.6692
vn 0.0672 0.0410 0.9969
vn -0.9934 -0.0514 0.1026
vn -0.0772 -0.0895 -0.9930
vn -0.5971 0.5907 0.5428
vn -0.6271 -0.5246 0.5758
vn 0.6291 0.5673 0.5315
vn 0.5420 -0.5109 0.6672
vn -0.5931 0.5609 -0.5775
vn -0.6023 -0.5411 -0.5869
vn 0.5976 0.5671 -0.5669
vn 0.6083 -0.6447 -0.4629
vn 0.7188 0.6949 -0.0194
vn 0.7006 -0.7107 0.0645
vn -0.7142 0.6965 -0.0693
vn -0.7500 -0.6560 0.0846
vn -0.7010 -0.0560 -0.7110
vn 0.7410 -0.0300 -0.6708
vn 0.6876 0.0556 0.7239
vn -0.7306 0.0322 0.6821
vn 0.9985 0.0263 0.0481
vn -0.9997 -0.0224 0.0136
vn -0.0267 0.9966 -0.0774
vn 0.0846 -0.7204 -0.6884
vn 0.0332 0.7061 -0.7073
vn -0.0124 -0.6836 0.7297
vn -0.0658 0.7402 0.6692
vn -0.0400 0.0677 0.9969
vn 0.0370 -0.9940 0.1026
vn 0.0884 -0.0785 -0.9930
vn 0.5907 0.5971 0.5428
vn -0.5246 0.6271 0.5758
vn 0.5673 -0.6291 0.5315
vn -0.5109 -0.5420 0.6672
vn 0.5609 0.5931 -0.5775
vn -0.5411 0.6023 -0.5869
vn 0.5671 -0.5976 -0.5669
vn -0.6447 -0.6083 -0.4629
vn 0.6949 -0.7188 -0.0194
vn -0.7107 -0.7006 0.0645
vn 0.6965 0.7142 -0.0693
vn -0.6560 0.7500 0.0846
vn -0.0560 0.7010 -0.7110
vn -0.0300 -0.7410 -0.6708
vn 0.0556 -0.6876 0.7239
vn 0.0322 0.7306 0.6821
vn 0.0263 -0.9985 0.0481
vn -0.0224 0.9997 0.0136
vn 0.9966 0.0267 -0.0774
vn -0.7204 -0.0846 -0.6884
vn 0.7061 -0.0332 -0.7073
vn -0.6836 0.0124 0.7297
vn 0.7402 0.0658 0.6692
vn 0.0677 0.0400 0.9969
vn -0.9940 -0.0370 0.1026
vn -0.0785 -0.0884 -0.9930
vt 0.189680 0.731091
vt 0.189680 0.750000
vt 0.125000 0.731091
vt 0.583672 0.000000
vt 0.625000 0.018909
vt 0.583672 0.018909
vt 0.189680 0.518909
vt 0.125000 0.518909
vt 0.189680 0.500000
vt 0.625000 0.231091
vt 0.583672 0.250000
vt 0.583672 0.231091
vt 0.310320 0.731091
vt 0.375000 0.731091
vt 0.310320 0.750000
vt 0.625000 0.814680
vt 0.583672 0.814680
vt 0.583672 0.750000
vt 0.310320 0.518909
vt 0.310320 0.500000
vt 0.375000 0.518909
vt 0.625000 0.435320
vt 0.583672 0.500000
vt 0.583672 0.435320
vt 0.625000 0.314680
vt 0.583672 0.314680
vt 0.310320 0.750000
vt 0.625000 0.935320
vt 0.583672 0.935320
vt 0.416328 0.814680
vt 0.416328 0.731091
vt 0.583672 0.731091
vt 0.583672 0.518909
vt 0.416328 0.518909
vt 0.416328 0.435320
vt 0.416328 0.314680
vt 0.416328 0.231091
vt 0.416328 0.000000
vt 0.416328 0.018909
vt 0.416328 0.935320
vt 0.689680 0.518909
vt 0.689680 0.731091
vt 0.810320 0.518909
vt 0.810320 0.731091
s 0
usemtl stones
f 2140/330/1624 2141/331/1624 2142/332/1624
f 2143/333/1625 2144/334/1625 2145/335/1625
f 2146/336/1626 2147/337/1626 2148/338/1626
f 2149/339/1627 2150/340/1627 2151/341/1627
f 2152/342/1628 2153/343/1628 2154/344/1628
f 2155/345/1629 2156/346/1629 2157/347/1629
f 2158/348/1630 2159/349/1630 2160/350/1630
f 2161/351/1631 2162/352/1631 2163/353/1631
f 2158/348/1632 2146/336/1632 2148/338/1632 2159/349/1632
f 2149/354/1633 2161/351/1633 2163/353/1633 2150/355/1633
f 2140/330/1634 2152/342/1634 2154/356/1634 2141/331/1634
f 2155/345/1635 2144/357/1635 2143/358/1635 2156/346/1635
f 2156/346/1636 2154/359/1636 2153/360/1636 2157/361/1636
f 2162/362/1637 2160/363/1637 2159/364/1637 2163/353/1637
f 2150/355/1638 2148/365/1638 2147/366/1638 2151/341/1638
f 2141/367/1639 2143/333/1639 2145/335/1639 2142/368/1639
f 2148/365/1640 2150/355/1640 2163/353/1640 2159/364/1640
f 2154/359/1641 2156/346/1641 2143/358/1641 2141/369/1641
f 2158/348/1642 2152/342/1642 2140/330/1642 2146/336/1642
f 2161/370/1643 2155/371/1643 2157/361/1643 2162/362/1643
f 2152/342/1644 2158/348/1644 2160/363/1644 2153/360/1644
f 2144/334/1645 2149/339/1645 2151/341/1645 2145/335/1645
f 2146/336/1646 2140/330/1646 2142/332/1646 2147/337/1646
f 2147/366/1647 2142/368/1647 2145/335/1647 2151/341/1647
f 2149/372/1648 2144/373/1648 2155/371/1648 2161/370/1648
f 2153/360/1649 2160/363/1649 2162/362/1649 2157/361/1649
f 2164/330/1650 2165/331/1650 2166/332/1650
f 2167/333/1651 2168/334/1651 2169/335/1651
f 2170/336/1652 2171/337/1652 2172/338/1652
f 2173/339/1653 2174/340/1653 2175/341/1653
f 2176/342/1654 2177/343/1654 2178/344/1654
f 2179/345/1655 2180/346/1655 2181/347/1655
f 2182/348/1656 2183/349/1656 2184/350/1656
f 2185/351/1657 2186/352/1657 2187/353/1657
f 2182/348/1658 2170/336/1658 2172/338/1658 2183/349/1658
f 2173/354/1659 2185/351/1659 2187/353/1659 2174/355/1659
f 2164/330/1660 2176/342/1660 2178/356/1660 2165/331/1660
f 2179/345/1661 2168/357/1661 2167/358/1661 2180/346/1661
f 2180/346/1662 2178/359/1662 2177/360/1662 2181/361/1662
f 2186/362/1663 2184/363/1663 2183/364/1663 2187/353/1663
f 2174/355/1664 2172/365/1664 2171/366/1664 2175/341/1664
f 2165/367/1665 2167/333/1665 2169/335/1665 2166/368/1665
f 2172/365/1666 2174/355/1666 2187/353/1666 2183/364/1666
f 2178/359/1667 2180/346/1667 2167/358/1667 2165/369/1667
f 2182/348/1668 2176/342/1668 2164/330/1668 2170/336/1668
f 2185/370/1669 2179/371/1669 2181/361/1669 2186/362/1669
f 2176/342/1670 2182/348/1670 2184/363/1670 2177/360/1670
f 2168/334/1671 2173/339/1671 2175/341/1671 2169/335/1671
f 2170/336/1672 2164/330/1672 2166/332/1672 2171/337/1672
f 2171/366/1673 2166/368/1673 2169/335/1673 2175/341/1673
f 2173/372/1674 2168/373/1674 2179/371/1674 2185/370/1674
f 2177/360/1675 2184/363/1675 2186/362/1675 2181/361/1675
f 2188/330/1676 2189/331/1676 2190/332/1676
f 2191/333/1677 2192/334/1677 2193/335/1677
f 2194/336/1678 2195/337/1678 2196/338/1678
f 2197/339/1679 2198/340/1679 2199/341/1679
f 2200/342/1680 2201/343/1680 2202/344/1680
f 2203/345/1681 2204/346/1681 2205/347/1681
f 2206/348/1682 2207/349/1682 2208/350/1682
f 2209/351/1683 2210/352/1683 2211/353/1683
f 2206/348/1684 2194/336/1684 2196/338/1684 2207/349/1684
f 2197/354/1685 2209/351/1685 2211/353/1685 2198/355/1685
f 2188/330/1686 2200/342/1686 2202/356/1686 2189/331/1686
f 2203/345/1687 2192/357/1687 2191/358/1687 2204/346/1687
f 2204/346/1688 2202/359/1688 2201/360/1688 2205/361/1688
f 2210/362/1689 2208/363/1689 2207/364/1689 2211/353/1689
f 2198/355/1690 2196/365/1690 2195/366/1690 2199/341/1690
f 2189/367/1691 2191/333/1691 2193/335/1691 2190/368/1691
f 2196/365/1692 2198/355/1692 2211/353/1692 2207/364/1692
f 2202/359/1693 2204/346/1693 2191/358/1693 2189/369/1693
f 2206/348/1694 2200/342/1694 2188/330/1694 2194/336/1694
f 2209/370/1695 2203/371/1695 2205/361/1695 2210/362/1695
f 2200/342/1696 2206/348/1696 2208/363/1696 2201/360/1696
f 2192/334/1697 2197/339/1697 2199/341/1697 2193/335/1697
f 2194/336/1698 2188/330/1698 2190/332/1698 2195/337/1698
f 2195/366/1699 2190/368/1699 2193/335/1699 2199/341/1699
f 2197/372/1700 2192/373/1700 2203/371/1700 2209/370/1700
f 2201/360/1701 2208/363/1701 2210/362/1701 2205/361/1701
f 2212/330/1702 2213/331/1702 2214/332/1702
f 2215/333/1703 2216/334/1703 2217/335/1703
f 2218/336/1704 2219/337/1704 2220/338/1704
f 2221/339/1705 2222/340/1705 2223/341/1705
f 2224/342/1706 2225/343/1706 2226/344/1706
f 2227/345/1707 2228/346/1707 2229/347/1707
f 2230/348/1708 2231/349/1708 2232/350/1708
f 2233/351/1709 2234/352/1709 2235/353/1709
f 2230/348/1710 2218/336/1710 2220/338/1710 2231/349/1710
f 2221/354/1711 2233/351/1711 2235/353/1711 2222/355/1711
f 2212/330/1712 2224/342/1712 2226/356/1712 2213/331/1712
f 2227/345/1713 2216/357/1713 2215/358/1713 2228/346/1713
f 2228/346/1714 2226/359/1714 2225/360/1714 2229/361/1714
f 2234/362/1715 2232/363/1715 2231/364/1715 2235/353/1715
f 2222/355/1716 2220/365/1716 2219/366/1716 2223/341/1716
f 2213/367/1717 2215/333/1717 2217/335/1717 2214/368/1717
f 2220/365/1718 2222/355/1718 2235/353/1718 2231/364/1718
f 2226/359/1719 2228/346/1719 2215/358/1719 2213/369/1719
f 2230/348/1720 2224/342/1720 2212/330/1720 2218/336/1720
f 2233/370/1721 2227/371/1721 2229/361/1721 2234/362/1721
f 2224/342/1722 2230/348/1722 2232/363/1722 2225/360/1722
f 2216/334/1723 2221/339/1723 2223/341/1723 2217/335/1723
f 2218/336/1724 2212/330/1724 2214/332/1724 2219/337/1724
f 2219/366/1725 2214/368/1725 2217/335/1725 2223/341/1725
f 2221/372/1726 2216/373/1726 2227/371/1726 2233/370/1726
f 2225/360/1727 2232/363/1727 2234/362/1727 2229/361/1727
f 2236/330/1702 2237/331/1702 2238/332/1702
f 2239/333/1703 2240/334/1703 2241/335/1703
f 2242/336/1704 2243/337/1704 2244/338/1704
f 2245/339/1705 2246/340/1705 2247/341/1705
f 2248/342/1706 2249/343/1706 2250/344/1706
f 2251/345/1728 2252/346/1728 2253/347/1728
f 2254/348/1708 2255/349/1708 2256/350/1708
f 2257/351/1709 2258/352/1709 2259/353/1709
f 2254/348/1710 2242/336/1710 2244/338/1710 2255/349/1710
f 2245/354/1711 2257/351/1711 2259/353/1711 2246/355/1711
f 2236/330/1712 2248/342/1712 2250/356/1712 2237/331/1712
f 2251/345/1713 2240/357/1713 2239/358/1713 2252/346/1713
f 2252/346/1714 2250/359/1714 2249/360/1714 2253/361/1714
f 2258/362/1715 2256/363/1715 2255/364/1715 2259/353/1715
f 2246/355/1716 2244/365/1716 2243/366/1716 2247/341/1716
f 2237/367/1717 2239/333/1717 2241/335/1717 2238/368/1717
f 2244/365/1718 2246/355/1718 2259/353/1718 2255/364/1718
f 2250/359/1719 2252/346/1719 2239/358/1719 2237/369/1719
f 2254/348/1720 2248/342/1720 2236/330/1720 2242/336/1720
f 2257/370/1721 2251/371/1721 2253/361/1721 2258/362/1721
f 2248/342/1722 2254/348/1722 2256/363/1722 2249/360/1722
f 2240/334/1723 2245/339/1723 2247/341/1723 2241/335/1723
f 2242/336/1724 2236/330/1724 2238/332/1724 2243/337/1724
f 2243/366/1725 2238/368/1725 2241/335/1725 2247/341/1725
f 2245/372/1726 2240/373/1726 2251/371/1726 2257/370/1726
f 2249/360/1727 2256/363/1727 2258/362/1727 2253/361/1727
f 2260/330/1676 2261/331/1676 2262/332/1676
f 2263/333/1677 2264/334/1677 2265/335/1677
f 2266/336/1678 2267/337/1678 2268/338/1678
f 2269/339/1679 2270/340/1679 2271/341/1679
f 2272/342/1680 2273/343/1680 2274/344/1680
f 2275/345/1681 2276/346/1681 2277/347/1681
f 2278/348/1682 2279/349/1682 2280/350/1682
f 2281/351/1683 2282/352/1683 2283/353/1683
f 2278/348/1684 2266/336/1684 2268/338/1684 2279/349/1684
f 2269/354/1685 2281/351/1685 2283/353/1685 2270/355/1685
f 2260/330/1686 2272/342/1686 2274/356/1686 2261/331/1686
f 2275/345/1687 2264/357/1687 2263/358/1687 2276/346/1687
f 2276/346/1688 2274/359/1688 2273/360/1688 2277/361/1688
f 2282/362/1689 2280/363/1689 2279/364/1689 2283/353/1689
f 2270/355/1690 2268/365/1690 2267/366/1690 2271/341/1690
f 2261/367/1691 2263/333/1691 2265/335/1691 2262/368/1691
f 2268/365/1692 2270/355/1692 2283/353/1692 2279/364/1692
f 2274/359/1693 2276/346/1693 2263/358/1693 2261/369/1693
f 2278/348/1694 2272/342/1694 2260/330/1694 2266/336/1694
f 2281/370/1695 2275/371/1695 2277/361/1695 2282/362/1695
f 2272/342/1696 2278/348/1696 2280/363/1696 2273/360/1696
f 2264/334/1697 2269/339/1697 2271/341/1697 2265/335/1697
f 2266/336/1698 2260/330/1698 2262/332/1698 2267/337/1698
f 2267/366/1699 2262/368/1699 2265/335/1699 2271/341/1699
f 2269/372/1700 2264/373/1700 2275/371/1700 2281/370/1700
f 2273/360/1701 2280/363/1701 2282/362/1701 2277/361/1701
f 2284/330/1702 2285/331/1702 2286/332/1702
f 2287/333/1703 2288/334/1703 2289/335/1703
f 2290/336/1729 2291/337/1729 2292/338/1729
f 2293/339/1705 2294/340/1705 2295/341/1705
f 2296/342/1706 2297/343/1706 2298/344/1706
f 2299/345/1707 2300/346/1707 2301/347/1707
f 2302/348/1708 2303/349/1708 2304/350/1708
f 2305/351/1709 2306/352/1709 2307/353/1709
f 2302/348/1710 2290/336/1710 2292/338/1710 2303/349/1710
f 2293/354/1711 2305/351/1711 2307/353/1711 2294/355/1711
f 2284/330/1712 2296/342/1712 2298/356/1712 2285/331/1712
f 2299/345/1713 2288/357/1713 2287/358/1713 2300/346/1713
f 2300/346/1714 2298/359/1714 2297/360/1714 2301/361/1714
f 2306/362/1715 2304/363/1715 2303/364/1715 2307/353/1715
f 2294/355/1716 2292/365/1716 2291/366/1716 2295/341/1716
f 2285/367/1717 2287/333/1717 2289/335/1717 2286/368/1717
f 2292/365/1718 2294/355/1718 2307/353/1718 2303/364/1718
f 2298/359/1719 2300/346/1719 2287/358/1719 2285/369/1719
f 2302/348/1720 2296/342/1720 2284/330/1720 2290/336/1720
f 2305/370/1721 2299/371/1721 2301/361/1721 2306/362/1721
f 2296/342/1722 2302/348/1722 2304/363/1722 2297/360/1722
f 2288/334/1723 2293/339/1723 2295/341/1723 2289/335/1723
f 2290/336/1724 2284/330/1724 2286/332/1724 2291/337/1724
f 2291/366/1725 2286/368/1725 2289/335/1725 2295/341/1725
f 2293/372/1726 2288/373/1726 2299/371/1726 2305/370/1726
f 2297/360/1727 2304/363/1727 2306/362/1727 2301/361/1727
f 2308/330/1730 2309/331/1730 2310/332/1730
f 2311/333/1731 2312/334/1731 2313/335/1731
f 2314/336/1732 2315/337/1732 2316/338/1732
f 2317/339/1733 2318/340/1733 2319/341/1733
f 2320/342/1734 2321/343/1734 2322/344/1734
f 2323/345/1735 2324/346/1735 2325/347/1735
f 2326/348/1736 2327/349/1736 2328/350/1736
f 2329/351/1737 2330/352/1737 2331/353/1737
f 2326/348/1738 2314/336/1738 2316/338/1738 2327/349/1738
f 2317/354/1739 2329/351/1739 2331/353/1739 2318/355/1739
f 2308/330/1740 2320/342/1740 2322/356/1740 2309/331/1740
f 2323/345/1741 2312/357/1741 2311/358/1741 2324/346/1741
f 2324/346/1742 2322/359/1742 2321/360/1742 2325/361/1742
f 2330/362/1743 2328/363/1743 2327/364/1743 2331/353/1743
f 2318/355/1744 2316/365/1744 2315/366/1744 2319/341/1744
f 2309/367/1745 2311/333/1745 2313/335/1745 2310/368/1745
f 2316/365/1746 2318/355/1746 2331/353/1746 2327/364/1746
f 2322/359/1747 2324/346/1747 2311/358/1747 2309/369/1747
f 2326/348/1748 2320/342/1748 2308/330/1748 2314/336/1748
f 2329/370/1749 2323/371/1749 2325/361/1749 2330/362/1749
f 2320/342/1750 2326/348/1750 2328/363/1750 2321/360/1750
f 2312/334/1751 2317/339/1751 2319/341/1751 2313/335/1751
f 2314/336/1752 2308/330/1752 2310/332/1752 2315/337/1752
f 2315/366/1753 2310/368/1753 2313/335/1753 2319/341/1753
f 2317/372/1754 2312/373/1754 2323/371/1754 2329/370/1754
f 2321/360/1755 2328/363/1755 2330/362/1755 2325/361/1755
f 2332/330/1756 2333/331/1756 2334/332/1756
f 2335/333/1757 2336/334/1757 2337/335/1757
f 2338/336/1758 2339/337/1758 2340/338/1758
f 2341/339/1759 2342/340/1759 2343/341/1759
f 2344/342/1760 2345/343/1760 2346/344/1760
f 2347/345/1761 2348/346/1761 2349/347/1761
f 2350/348/1762 2351/349/1762 2352/350/1762
f 2353/351/1763 2354/352/1763 2355/353/1763
f 2350/348/1764 2338/336/1764 2340/338/1764 2351/349/1764
f 2341/354/1765 2353/351/1765 2355/353/1765 2342/355/1765
f 2332/330/1766 2344/342/1766 2346/356/1766 2333/331/1766
f 2347/345/1767 2336/357/1767 2335/358/1767 2348/346/1767
f 2348/346/1768 2346/359/1768 2345/360/1768 2349/361/1768
f 2354/362/1769 2352/363/1769 2351/364/1769 2355/353/1769
f 2342/355/1770 2340/365/1770 2339/366/1770 2343/341/1770
f 2333/367/1771 2335/333/1771 2337/335/1771 2334/368/1771
f 2340/365/1772 2342/355/1772 2355/353/1772 2351/364/1772
f 2346/359/1773 2348/346/1773 2335/358/1773 2333/369/1773
f 2350/348/1774 2344/342/1774 2332/330/1774 2338/336/1774
f 2353/370/1775 2347/371/1775 2349/361/1775 2354/362/1775
f 2344/342/1776 2350/348/1776 2352/363/1776 2345/360/1776
f 2336/334/1777 2341/339/1777 2343/341/1777 2337/335/1777
f 2338/336/1778 2332/330/1778 2334/332/1778 2339/337/1778
f 2339/366/1779 2334/368/1779 2337/335/1779 2343/341/1779
f 2341/372/1780 2336/373/1780 2347/371/1780 2353/370/1780
f 2345/360/1781 2352/363/1781 2354/362/1781 2349/361/1781
f 2356/330/1676 2357/331/1676 2358/332/1676
f 2359/333/1677 2360/334/1677 2361/335/1677
f 2362/336/1678 2363/337/1678 2364/338/1678
f 2365/339/1679 2366/340/1679 2367/341/1679
f 2368/342/1680 2369/343/1680 2370/344/1680
f 2371/345/1681 2372/346/1681 2373/347/1681
f 2374/348/1682 2375/349/1682 2376/350/1682
f 2377/351/1683 2378/352/1683 2379/353/1683
f 2374/348/1684 2362/336/1684 2364/338/1684 2375/349/1684
f 2365/354/1685 2377/351/1685 2379/353/1685 2366/355/1685
f 2356/330/1686 2368/342/1686 2370/356/1686 2357/331/1686
f 2371/345/1687 2360/357/1687 2359/358/1687 2372/346/1687
f 2372/346/1688 2370/359/1688 2369/360/1688 2373/361/1688
f 2378/362/1689 2376/363/1689 2375/364/1689 2379/353/1689
f 2366/355/1690 2364/365/1690 2363/366/1690 2367/341/1690
f 2357/367/1691 2359/333/1691 2361/335/1691 2358/368/1691
f 2364/365/1692 2366/355/1692 2379/353/1692 2375/364/1692
f 2370/359/1693 2372/346/1693 2359/358/1693 2357/369/1693
f 2374/348/1694 2368/342/1694 2356/330/1694 2362/336/1694
f 2377/370/1695 2371/371/1695 2373/361/1695 2378/362/1695
f 2368/342/1696 2374/348/1696 2376/363/1696 2369/360/1696
f 2360/334/1697 2365/339/1697 2367/341/1697 2361/335/1697
f 2362/336/1698 2356/330/1698 2358/332/1698 2363/337/1698
f 2363/366/1699 2358/368/1699 2361/335/1699 2367/341/1699
f 2365/372/1700 2360/373/1700 2371/371/1700 2377/370/1700
f 2369/360/1701 2376/363/1701 2378/362/1701 2373/361/1701
f 2380/330/1782 2381/331/1782 2382/332/1782
f 2383/333/1783 2384/334/1783 2385/335/1783
f 2386/336/1784 2387/337/1784 2388/338/1784
f 2389/339/1785 2390/340/1785 2391/341/1785
f 2392/342/1786 2393/343/1786 2394/344/1786
f 2395/345/1787 2396/346/1787 2397/347/1787
f 2398/348/1788 2399/349/1788 2400/350/1788
f 2401/351/1789 2402/352/1789 2403/353/1789
f 2398/348/1790 2386/336/1790 2388/338/1790 2399/349/1790
f 2389/354/1791 2401/351/1791 2403/353/1791 2390/355/1791
f 2380/330/1792 2392/342/1792 2394/356/1792 2381/331/1792
f 2395/345/1793 2384/357/1793 2383/358/1793 2396/346/1793
f 2396/346/1794 2394/359/1794 2393/360/1794 2397/361/1794
f 2402/362/1795 2400/363/1795 2399/364/1795 2403/353/1795
f 2390/355/1796 2388/365/1796 2387/366/1796 2391/341/1796
f 2381/367/1797 2383/333/1797 2385/335/1797 2382/368/1797
f 2388/365/1798 2390/355/1798 2403/353/1798 2399/364/1798
f 2394/359/1799 2396/346/1799 2383/358/1799 2381/369/1799
f 2398/348/1800 2392/342/1800 2380/330/1800 2386/336/1800
f 2401/370/1801 2395/371/1801 2397/361/1801 2402/362/1801
f 2392/342/1802 2398/348/1802 2400/363/1802 2393/360/1802
f 2384/334/1803 2389/339/1803 2391/341/1803 2385/335/1803
f 2386/336/1804 2380/330/1804 2382/332/1804 2387/337/1804
f 2387/366/1805 2382/368/1805 2385/335/1805 2391/341/1805
f 2389/372/1806 2384/373/1806 2395/371/1806 2401/370/1806
f 2393/360/1807 2400/363/1807 2402/362/1807 2397/361/1807
o Cube.002
v 11.545131 -2.057489 -0.394940
v 11.626361 -1.940180 -0.402517
v 11.563423 -1.949799 -0.286913
v 11.609751 -1.479985 -0.365553
v 11.554770 -1.367843 -0.359720
v 11.565474 -1.465097 -0.234562
v 10.771410 -2.060930 -0.307570
v 10.786810 -1.933095 -0.194222
v 10.714752 -1.919277 -0.317934
v 10.783925 -1.349649 -0.290775
v 10.725517 -1.465004 -0.294193
v 10.799787 -1.460202 -0.193687
v 11.523625 -2.049389 -0.608897
v 11.511008 -1.939738 -0.732891
v 11.590087 -1.939284 -0.608243
v 11.545120 -1.351193 -0.594156
v 11.610392 -1.476197 -0.596347
v 11.525073 -1.458931 -0.711597
v 10.750333 -2.034137 -0.522245
v 10.691525 -1.919845 -0.512379
v 10.735384 -1.926255 -0.644763
v 10.764765 -1.353104 -0.492892
v 10.740067 -1.447988 -0.618572
v 10.692290 -1.445599 -0.499090
v 9.848005 -1.339617 -0.394940
v 9.766775 -1.456926 -0.402518
v 9.829713 -1.447307 -0.286914
v 9.783386 -1.917121 -0.365553
v 9.838367 -2.029263 -0.359720
v 9.827662 -1.932009 -0.234562
v 10.621726 -1.336176 -0.307570
v 10.606327 -1.464011 -0.194222
v 10.678385 -1.477829 -0.317934
v 10.609211 -2.047457 -0.290776
v 10.667620 -1.932101 -0.294194
v 10.593349 -1.936904 -0.193687
v 9.869511 -1.347717 -0.608897
v 9.882128 -1.457368 -0.732891
v 9.803050 -1.457822 -0.608243
v 9.848016 -2.045913 -0.594156
v 9.782744 -1.920910 -0.596347
v 9.868064 -1.938175 -0.711597
v 10.642804 -1.362969 -0.522245
v 10.701612 -1.477261 -0.512379
v 10.657753 -1.470851 -0.644763
v 10.628371 -2.044002 -0.492892
v 10.653069 -1.949118 -0.618572
v 10.700846 -1.951507 -0.499090
v 9.048897 -2.050056 -0.377208
v 9.161529 -1.931674 -0.373880
v 9.047994 -1.940434 -0.256880
v 9.143243 -1.467708 -0.338012
v 9.042988 -1.351573 -0.333214
v 9.031860 -1.471623 -0.211510
v 7.749362 -2.062733 -0.352168
v 7.753462 -1.951676 -0.228742
v 7.646468 -1.947140 -0.352225
v 7.744959 -1.363952 -0.305736
v 7.630170 -1.480338 -0.311125
v 7.757155 -1.476593 -0.209472
v 9.042670 -2.033154 -0.594556
v 9.033711 -1.920655 -0.713098
v 9.156551 -1.917075 -0.588767
v 9.042450 -1.323131 -0.554360
v 9.153234 -1.450556 -0.556633
v 9.036741 -1.443353 -0.671132
v 7.746639 -2.046148 -0.569172
v 7.630143 -1.932064 -0.558889
v 7.739859 -1.934376 -0.673790
v 7.744143 -1.347349 -0.521286
v 7.720355 -1.454274 -0.638558
v 7.625564 -1.463261 -0.524852
v 9.680330 -2.049970 -0.377376
v 9.794472 -1.931572 -0.374078
v 9.679399 -1.940348 -0.257047
v 9.775996 -1.467608 -0.338206
v 9.674424 -1.351486 -0.333382
v 9.663100 -1.471539 -0.211674
v 9.267323 -2.062820 -0.351998
v 9.271460 -1.951763 -0.228572
v 9.163078 -1.947241 -0.352029
v 9.262942 -1.364038 -0.305567
v 9.146615 -1.480440 -0.310926
v 9.275260 -1.476678 -0.209305
v 9.674079 -2.033068 -0.594726
v 9.665048 -1.920570 -0.713266
v 9.789486 -1.916973 -0.588966
v 9.673940 -1.323044 -0.554531
v 9.786179 -1.450454 -0.556832
v 9.668170 -1.443266 -0.671302
v 9.264623 -2.046235 -0.569004
v 9.146592 -1.932166 -0.558691
v 9.257793 -1.934463 -0.673622
v 9.262174 -1.347434 -0.521119
v 9.238086 -1.454362 -0.638385
v 9.142005 -1.463363 -0.524654
v 8.219295 -1.380472 -0.377376
v 8.333437 -1.262074 -0.374078
v 8.218364 -1.270850 -0.257047
v 8.314961 -0.798110 -0.338206
v 8.213389 -0.681988 -0.333382
v 8.202065 -0.802040 -0.211674
v 7.806288 -1.393322 -0.351998
v 7.810425 -1.282265 -0.228572
v 7.702043 -1.277743 -0.352029
v 7.801908 -0.694540 -0.305567
v 7.685580 -0.810942 -0.310925
v 7.814225 -0.807180 -0.209304
v 8.213044 -1.363570 -0.594725
v 8.204013 -1.251072 -0.713266
v 8.328451 -1.247475 -0.588966
v 8.212904 -0.653546 -0.554530
v 8.325145 -0.780956 -0.556832
v 8.207135 -0.773768 -0.671302
v 7.803588 -1.376737 -0.569004
v 7.685557 -1.262668 -0.558691
v 7.796759 -1.264965 -0.673621
v 7.801138 -0.677936 -0.521118
v 7.777051 -0.784864 -0.638385
v 7.680970 -0.793865 -0.524653
v 9.737307 -1.358061 -0.377208
v 9.849938 -1.239678 -0.373880
v 9.736404 -1.248439 -0.256880
v 9.831654 -0.775713 -0.338012
v 9.731398 -0.659578 -0.333214
v 9.720270 -0.779628 -0.211510
v 8.437773 -1.370738 -0.352168
v 8.441872 -1.259681 -0.228742
v 8.334878 -1.255145 -0.352225
v 8.433369 -0.671957 -0.305736
v 8.318581 -0.788343 -0.311125
v 8.445565 -0.784598 -0.209472
v 9.731080 -1.341159 -0.594556
v 9.722121 -1.228660 -0.713098
v 9.844961 -1.225080 -0.588767
v 9.730859 -0.631136 -0.554360
v 9.841644 -0.758561 -0.556633
v 9.725151 -0.751357 -0.671132
v 8.435049 -1.354153 -0.569172
v 8.318554 -1.240068 -0.558889
v 8.428268 -1.242380 -0.673790
v 8.432553 -0.655354 -0.521286
v 8.408766 -0.762278 -0.638558
v 8.313974 -0.771266 -0.524852
v 10.384804 -1.383228 -0.377376
v 10.498946 -1.264830 -0.374078
v 10.383873 -1.273607 -0.257047
v 10.480471 -0.800866 -0.338206
v 10.378899 -0.684745 -0.333382
v 10.367575 -0.804797 -0.211674
v 9.971797 -1.396078 -0.351998
v 9.975934 -1.285021 -0.228572
v 9.867552 -1.280499 -0.352029
v 9.967417 -0.697297 -0.305567
v 9.851089 -0.813698 -0.310926
v 9.979734 -0.809937 -0.209305
v 10.378553 -1.366326 -0.594725
v 10.369522 -1.253828 -0.713266
v 10.493960 -1.250232 -0.588966
v 10.378413 -0.656302 -0.554531
v 10.490653 -0.783713 -0.556832
v 10.372643 -0.776524 -0.671302
v 9.969097 -1.379493 -0.569004
v 9.851067 -1.265424 -0.558691
v 9.962268 -1.267721 -0.673621
v 9.966647 -0.680693 -0.521118
v 9.942560 -0.787621 -0.638385
v 9.846479 -0.796621 -0.524654
v 11.219237 -0.785002 -0.377376
v 11.099195 -0.672590 -0.374078
v 11.109640 -0.787524 -0.257047
v 10.635549 -0.697795 -0.338206
v 10.520913 -0.801041 -0.333382
v 10.641116 -0.810622 -0.211674
v 11.238078 -1.197779 -0.351998
v 11.126973 -1.195254 -0.228572
v 11.124023 -1.303690 -0.352029
v 10.539433 -1.212297 -0.305567
v 10.657511 -1.326924 -0.310926
v 10.651883 -1.198347 -0.209304
v 11.202428 -0.791497 -0.594725
v 11.090073 -0.802160 -0.713266
v 11.084671 -0.677786 -0.588966
v 10.492480 -0.801938 -0.554530
v 10.618249 -0.687862 -0.556832
v 10.612773 -0.805963 -0.671302
v 11.221534 -1.200720 -0.569004
v 11.109189 -1.320393 -0.558691
v 11.109873 -1.209169 -0.673621
v 10.522842 -1.213307 -0.521118
v 10.630109 -1.235841 -0.638385
v 10.640502 -1.331781 -0.524653
v 7.769506 0.065976 -0.377376
v 7.655364 -0.052421 -0.374078
v 7.770437 -0.043645 -0.257047
v 7.673840 -0.516385 -0.338206
v 7.775412 -0.632507 -0.333382
v 7.786736 -0.512455 -0.211674
v 8.182512 0.078826 -0.351998
v 8.178376 -0.032231 -0.228572
v 8.286757 -0.036753 -0.352029
v 8.186893 -0.619955 -0.305567
v 8.303221 -0.503554 -0.310926
v 8.174576 -0.507315 -0.209305
v 7.775757 0.049074 -0.594726
v 7.784788 -0.063424 -0.713266
v 7.660349 -0.067020 -0.588966
v 7.775897 -0.660950 -0.554531
v 7.663656 -0.533539 -0.556833
v 7.781666 -0.540728 -0.671302
v 8.185213 0.062241 -0.569004
v 8.303244 -0.051828 -0.558691
v 8.192041 -0.049531 -0.673622
v 8.187662 -0.636559 -0.521119
v 8.211750 -0.529631 -0.638386
v 8.307831 -0.520631 -0.524654
v 10.457253 -0.662197 -0.377207
v 10.569884 -0.543814 -0.373880
v 10.456349 -0.552575 -0.256880
v 10.551599 -0.079849 -0.338012
v 10.451344 0.036286 -0.333214
v 10.440215 -0.083764 -0.211510
v 9.157718 -0.674874 -0.352168
v 9.161818 -0.563818 -0.228742
v 9.054824 -0.559282 -0.352225
v 9.153315 0.023906 -0.305736
v 9.038526 -0.092480 -0.311125
v 9.165510 -0.088735 -0.209472
v 10.451026 -0.645295 -0.594556
v 10.442067 -0.532796 -0.713097
v 10.564907 -0.529216 -0.588767
v 10.450805 0.064728 -0.554360
v 10.561590 -0.062697 -0.556633
v 10.445096 -0.055493 -0.671132
v 9.154995 -0.658290 -0.569172
v 9.038500 -0.544205 -0.558889
v 9.148214 -0.546517 -0.673790
v 9.152498 0.040510 -0.521286
v 9.128710 -0.066415 -0.638558
v 9.033919 -0.075403 -0.524852
v 9.028698 -0.104082 -0.377376
v 8.910299 0.010060 -0.374078
v 8.919076 -0.105013 -0.257047
v 8.446335 -0.008416 -0.338206
v 8.330214 -0.109988 -0.333382
v 8.450266 -0.121311 -0.211674
v 9.041548 -0.517089 -0.351998
v 8.930490 -0.512952 -0.228572
v 8.925968 -0.621334 -0.352029
v 8.342766 -0.521470 -0.305567
v 8.459167 -0.637797 -0.310926
v 8.455406 -0.509152 -0.209305
v 9.011795 -0.110333 -0.594726
v 8.899298 -0.119365 -0.713266
v 8.895700 0.005074 -0.588966
v 8.301771 -0.110473 -0.554531
v 8.429182 0.001767 -0.556832
v 8.421993 -0.116242 -0.671302
v 9.024962 -0.519789 -0.569004
v 8.910892 -0.637820 -0.558691
v 8.913190 -0.526618 -0.673622
v 8.326162 -0.522239 -0.521118
v 8.433090 -0.546326 -0.638385
v 8.442091 -0.642407 -0.524654
vn 0.7724 -0.5104 0.3780
vn 0.8748 0.4160 0.2484
vn -0.8381 -0.3020 0.4544
vn -0.7564 0.3670 0.5414
vn 0.7539 -0.4522 -0.4766
vn 0.7623 0.4069 -0.5034
vn -0.8662 -0.4227 -0.2665
vn -0.7389 0.5996 -0.3075
vn -0.9092 -0.4100 0.0722
vn -0.8418 0.5241 0.1289
vn 0.8302 -0.5430 -0.1259
vn 0.8919 0.4522 0.0026
vn 0.8245 -0.0101 -0.5657
vn -0.9393 0.0196 -0.3424
vn -0.8373 0.0071 0.5467
vn 0.9166 -0.0236 0.3990
vn -0.9901 0.0067 0.1403
vn 0.9967 0.0003 -0.0814
vn -0.0166 -0.9967 -0.0795
vn -0.0738 0.7727 -0.6304
vn -0.0877 -0.7518 -0.6536
vn 0.0595 0.7327 0.6780
vn 0.0778 -0.6887 0.7209
vn 0.0854 -0.0563 0.9948
vn 0.0137 0.9995 0.0293
vn -0.1144 0.0514 -0.9921
vn -0.7724 0.5104 0.3780
vn -0.8748 -0.4160 0.2484
vn 0.8381 0.3020 0.4544
vn 0.7564 -0.3670 0.5414
vn -0.7539 0.4522 -0.4766
vn -0.7623 -0.4069 -0.5034
vn 0.8662 0.4227 -0.2665
vn 0.7389 -0.5996 -0.3075
vn 0.9092 0.4100 0.0722
vn 0.8418 -0.5241 0.1289
vn -0.8302 0.5430 -0.1259
vn -0.8919 -0.4522 0.0026
vn -0.8245 0.0101 -0.5657
vn 0.9393 -0.0196 -0.3424
vn 0.8373 -0.0071 0.5467
vn -0.9166 0.0236 0.3990
vn 0.9901 -0.0067 0.1403
vn -0.9967 -0.0003 -0.0814
vn 0.0166 0.9967 -0.0795
vn 0.0738 -0.7727 -0.6304
vn 0.0877 0.7518 -0.6536
vn -0.0595 -0.7327 0.6780
vn -0.0778 0.6887 0.7209
vn -0.0854 0.0563 0.9948
vn -0.0137 -0.9995 0.0293
vn 0.1144 -0.0514 -0.9921
vn 0.6021 -0.5880 0.5402
vn 0.6321 0.5220 0.5727
vn -0.6341 -0.5642 0.5287
vn -0.5471 0.5088 0.6647
vn 0.5982 -0.5582 -0.5750
vn 0.6074 0.5385 -0.5841
vn -0.6026 -0.5645 -0.5641
vn -0.6133 0.6416 -0.4606
vn -0.7234 -0.6902 -0.0191
vn -0.7053 0.7060 0.0643
vn 0.7188 -0.6918 -0.0690
vn 0.7543 0.6512 0.0837
vn 0.7057 0.0557 -0.7063
vn -0.7454 0.0297 -0.6660
vn -0.6924 -0.0554 0.7194
vn 0.7350 -0.0319 0.6773
vn -0.9985 -0.0261 0.0477
vn 0.9997 0.0222 0.0132
vn 0.0084 -0.9970 -0.0770
vn -0.0271 0.7190 -0.6944
vn -0.0104 -0.7057 -0.7085
vn 0.0038 0.6836 0.7298
vn 0.0206 -0.7413 0.6709
vn 0.0121 -0.0682 0.9976
vn -0.0116 0.9947 0.1026
vn -0.0282 0.0799 -0.9964
vn 0.5971 -0.5907 0.5428
vn 0.6271 0.5246 0.5758
vn -0.6291 -0.5672 0.5315
vn -0.5420 0.5109 0.6672
vn 0.5931 -0.5609 -0.5775
vn 0.6023 0.5411 -0.5869
vn -0.5976 -0.5671 -0.5669
vn -0.6083 0.6447 -0.4629
vn -0.7188 -0.6949 -0.0194
vn -0.7006 0.7107 0.0645
vn 0.7142 -0.6965 -0.0693
vn 0.7500 0.6560 0.0846
vn 0.7010 0.0560 -0.7110
vn -0.7410 0.0300 -0.6708
vn -0.6876 -0.0556 0.7239
vn 0.7306 -0.0322 0.6821
vn -0.9985 -0.0263 0.0481
vn 0.9997 0.0224 0.0136
vn 0.0267 -0.9966 -0.0774
vn -0.0846 0.7204 -0.6884
vn -0.0332 -0.7061 -0.7073
vn 0.0124 0.6836 0.7297
vn 0.0658 -0.7402 0.6692
vn 0.0400 -0.0677 0.9969
vn -0.0370 0.9940 0.1026
vn -0.0884 0.0785 -0.9930
vn 0.6023 0.5412 -0.5869
vn -0.6291 -0.5673 0.5315
vn 0.5820 0.6056 0.5428
vn -0.5336 0.6194 0.5758
vn 0.5763 -0.6208 0.5315
vn -0.5030 -0.5494 0.6672
vn 0.5523 0.6012 -0.5775
vn -0.5498 0.5943 -0.5869
vn 0.5757 -0.5893 -0.5669
vn -0.6358 -0.6176 -0.4629
vn 0.7053 -0.7087 -0.0194
vn -0.7004 -0.7108 0.0645
vn 0.6860 0.7242 -0.0693
vn -0.6668 0.7404 0.0846
vn -0.0661 0.7001 -0.7110
vn -0.0192 -0.7414 -0.6708
vn 0.0656 -0.6867 0.7239
vn 0.0216 0.7309 0.6821
vn 0.0408 -0.9980 0.0481
vn -0.0369 0.9992 0.0136
vn 0.9962 0.0412 -0.0774
vn -0.7191 -0.0950 -0.6884
vn 0.7065 -0.0230 -0.7073
vn -0.6837 0.0025 0.7297
vn 0.7391 0.0765 0.6692
vn 0.0672 0.0410 0.9969
vn -0.9934 -0.0514 0.1026
vn -0.0772 -0.0895 -0.9930
vn -0.5971 0.5907 0.5428
vn -0.6271 -0.5246 0.5758
vn 0.6291 0.5673 0.5315
vn 0.5420 -0.5109 0.6672
vn -0.5931 0.5609 -0.5775
vn -0.6023 -0.5411 -0.5869
vn 0.5976 0.5671 -0.5669
vn 0.6083 -0.6447 -0.4629
vn 0.7188 0.6949 -0.0194
vn 0.7006 -0.7107 0.0645
vn -0.7142 0.6965 -0.0693
vn -0.7500 -0.6560 0.0846
vn -0.7010 -0.0560 -0.7110
vn 0.7410 -0.0300 -0.6708
vn 0.6876 0.0556 0.7239
vn -0.7306 0.0322 0.6821
vn 0.9985 0.0263 0.0481
vn -0.9997 -0.0224 0.0136
vn -0.0267 0.9966 -0.0774
vn 0.0846 -0.7204 -0.6884
vn 0.0332 0.7061 -0.7073
vn -0.0124 -0.6836 0.7297
vn -0.0658 0.7402 0.6692
vn -0.0400 0.0677 0.9969
vn 0.0370 -0.9940 0.1026
vn 0.0884 -0.0785 -0.9930
vn 0.5907 0.5971 0.5428
vn -0.5246 0.6271 0.5758
vn 0.5673 -0.6291 0.5315
vn -0.5109 -0.5420 0.6672
vn 0.5609 0.5931 -0.5775
vn -0.5411 0.6023 -0.5869
vn 0.5671 -0.5976 -0.5669
vn -0.6447 -0.6083 -0.4629
vn 0.6949 -0.7188 -0.0194
vn -0.7107 -0.7006 0.0645
vn 0.6965 0.7142 -0.0693
vn -0.6560 0.7500 0.0846
vn -0.0560 0.7010 -0.7110
vn -0.0300 -0.7410 -0.6708
vn 0.0556 -0.6876 0.7239
vn 0.0322 0.7306 0.6821
vn 0.0263 -0.9985 0.0481
vn -0.0224 0.9997 0.0136
vn 0.9966 0.0267 -0.0774
vn -0.7204 -0.0846 -0.6884
vn 0.7061 -0.0332 -0.7073
vn -0.6836 0.0124 0.7297
vn 0.7402 0.0658 0.6692
vn 0.0677 0.0400 0.9969
vn -0.9940 -0.0370 0.1026
vn -0.0785 -0.0884 -0.9930
vt 0.189680 0.731091
vt 0.189680 0.750000
vt 0.125000 0.731091
vt 0.583672 0.000000
vt 0.625000 0.018909
vt 0.583672 0.018909
vt 0.189680 0.518909
vt 0.125000 0.518909
vt 0.189680 0.500000
vt 0.625000 0.231091
vt 0.583672 0.250000
vt 0.583672 0.231091
vt 0.310320 0.731091
vt 0.375000 0.731091
vt 0.310320 0.750000
vt 0.625000 0.814680
vt 0.583672 0.814680
vt 0.583672 0.750000
vt 0.310320 0.518909
vt 0.310320 0.500000
vt 0.375000 0.518909
vt 0.625000 0.435320
vt 0.583672 0.500000
vt 0.583672 0.435320
vt 0.625000 0.314680
vt 0.583672 0.314680
vt 0.310320 0.750000
vt 0.625000 0.935320
vt 0.583672 0.935320
vt 0.416328 0.814680
vt 0.416328 0.731091
vt 0.583672 0.731091
vt 0.583672 0.518909
vt 0.416328 0.518909
vt 0.416328 0.435320
vt 0.416328 0.314680
vt 0.416328 0.231091
vt 0.416328 0.000000
vt 0.416328 0.018909
vt 0.416328 0.935320
vt 0.689680 0.518909
vt 0.689680 0.731091
vt 0.810320 0.518909
vt 0.810320 0.731091
s 0
usemtl stones
f 2404/374/1808 2405/375/1808 2406/376/1808
f 2407/377/1809 2408/378/1809 2409/379/1809
f 2410/380/1810 2411/381/1810 2412/382/1810
f 2413/383/1811 2414/384/1811 2415/385/1811
f 2416/386/1812 2417/387/1812 2418/388/1812
f 2419/389/1813 2420/390/1813 2421/391/1813
f 2422/392/1814 2423/393/1814 2424/394/1814
f 2425/395/1815 2426/396/1815 2427/397/1815
f 2422/392/1816 2410/380/1816 2412/382/1816 2423/393/1816
f 2413/398/1817 2425/395/1817 2427/397/1817 2414/399/1817
f 2404/374/1818 2416/386/1818 2418/400/1818 2405/375/1818
f 2419/389/1819 2408/401/1819 2407/402/1819 2420/390/1819
f 2420/390/1820 2418/403/1820 2417/404/1820 2421/405/1820
f 2426/406/1821 2424/407/1821 2423/408/1821 2427/397/1821
f 2414/399/1822 2412/409/1822 2411/410/1822 2415/385/1822
f 2405/411/1823 2407/377/1823 2409/379/1823 2406/412/1823
f 2412/409/1824 2414/399/1824 2427/397/1824 2423/408/1824
f 2418/403/1825 2420/390/1825 2407/402/1825 2405/413/1825
f 2422/392/1826 2416/386/1826 2404/374/1826 2410/380/1826
f 2425/414/1827 2419/415/1827 2421/405/1827 2426/406/1827
f 2416/386/1828 2422/392/1828 2424/407/1828 2417/404/1828
f 2408/378/1829 2413/383/1829 2415/385/1829 2409/379/1829
f 2410/380/1830 2404/374/1830 2406/376/1830 2411/381/1830
f 2411/410/1831 2406/412/1831 2409/379/1831 2415/385/1831
f 2413/416/1832 2408/417/1832 2419/415/1832 2425/414/1832
f 2417/404/1833 2424/407/1833 2426/406/1833 2421/405/1833
f 2428/374/1834 2429/375/1834 2430/376/1834
f 2431/377/1835 2432/378/1835 2433/379/1835
f 2434/380/1836 2435/381/1836 2436/382/1836
f 2437/383/1837 2438/384/1837 2439/385/1837
f 2440/386/1838 2441/387/1838 2442/388/1838
f 2443/389/1839 2444/390/1839 2445/391/1839
f 2446/392/1840 2447/393/1840 2448/394/1840
f 2449/395/1841 2450/396/1841 2451/397/1841
f 2446/392/1842 2434/380/1842 2436/382/1842 2447/393/1842
f 2437/398/1843 2449/395/1843 2451/397/1843 2438/399/1843
f 2428/374/1844 2440/386/1844 2442/400/1844 2429/375/1844
f 2443/389/1845 2432/401/1845 2431/402/1845 2444/390/1845
f 2444/390/1846 2442/403/1846 2441/404/1846 2445/405/1846
f 2450/406/1847 2448/407/1847 2447/408/1847 2451/397/1847
f 2438/399/1848 2436/409/1848 2435/410/1848 2439/385/1848
f 2429/411/1849 2431/377/1849 2433/379/1849 2430/412/1849
f 2436/409/1850 2438/399/1850 2451/397/1850 2447/408/1850
f 2442/403/1851 2444/390/1851 2431/402/1851 2429/413/1851
f 2446/392/1852 2440/386/1852 2428/374/1852 2434/380/1852
f 2449/414/1853 2443/415/1853 2445/405/1853 2450/406/1853
f 2440/386/1854 2446/392/1854 2448/407/1854 2441/404/1854
f 2432/378/1855 2437/383/1855 2439/385/1855 2433/379/1855
f 2434/380/1856 2428/374/1856 2430/376/1856 2435/381/1856
f 2435/410/1857 2430/412/1857 2433/379/1857 2439/385/1857
f 2437/416/1858 2432/417/1858 2443/415/1858 2449/414/1858
f 2441/404/1859 2448/407/1859 2450/406/1859 2445/405/1859
f 2452/374/1860 2453/375/1860 2454/376/1860
f 2455/377/1861 2456/378/1861 2457/379/1861
f 2458/380/1862 2459/381/1862 2460/382/1862
f 2461/383/1863 2462/384/1863 2463/385/1863
f 2464/386/1864 2465/387/1864 2466/388/1864
f 2467/389/1865 2468/390/1865 2469/391/1865
f 2470/392/1866 2471/393/1866 2472/394/1866
f 2473/395/1867 2474/396/1867 2475/397/1867
f 2470/392/1868 2458/380/1868 2460/382/1868 2471/393/1868
f 2461/398/1869 2473/395/1869 2475/397/1869 2462/399/1869
f 2452/374/1870 2464/386/1870 2466/400/1870 2453/375/1870
f 2467/389/1871 2456/401/1871 2455/402/1871 2468/390/1871
f 2468/390/1872 2466/403/1872 2465/404/1872 2469/405/1872
f 2474/406/1873 2472/407/1873 2471/408/1873 2475/397/1873
f 2462/399/1874 2460/409/1874 2459/410/1874 2463/385/1874
f 2453/411/1875 2455/377/1875 2457/379/1875 2454/412/1875
f 2460/409/1876 2462/399/1876 2475/397/1876 2471/408/1876
f 2466/403/1877 2468/390/1877 2455/402/1877 2453/413/1877
f 2470/392/1878 2464/386/1878 2452/374/1878 2458/380/1878
f 2473/414/1879 2467/415/1879 2469/405/1879 2474/406/1879
f 2464/386/1880 2470/392/1880 2472/407/1880 2465/404/1880
f 2456/378/1881 2461/383/1881 2463/385/1881 2457/379/1881
f 2458/380/1882 2452/374/1882 2454/376/1882 2459/381/1882
f 2459/410/1883 2454/412/1883 2457/379/1883 2463/385/1883
f 2461/416/1884 2456/417/1884 2467/415/1884 2473/414/1884
f 2465/404/1885 2472/407/1885 2474/406/1885 2469/405/1885
f 2476/374/1886 2477/375/1886 2478/376/1886
f 2479/377/1887 2480/378/1887 2481/379/1887
f 2482/380/1888 2483/381/1888 2484/382/1888
f 2485/383/1889 2486/384/1889 2487/385/1889
f 2488/386/1890 2489/387/1890 2490/388/1890
f 2491/389/1891 2492/390/1891 2493/391/1891
f 2494/392/1892 2495/393/1892 2496/394/1892
f 2497/395/1893 2498/396/1893 2499/397/1893
f 2494/392/1894 2482/380/1894 2484/382/1894 2495/393/1894
f 2485/398/1895 2497/395/1895 2499/397/1895 2486/399/1895
f 2476/374/1896 2488/386/1896 2490/400/1896 2477/375/1896
f 2491/389/1897 2480/401/1897 2479/402/1897 2492/390/1897
f 2492/390/1898 2490/403/1898 2489/404/1898 2493/405/1898
f 2498/406/1899 2496/407/1899 2495/408/1899 2499/397/1899
f 2486/399/1900 2484/409/1900 2483/410/1900 2487/385/1900
f 2477/411/1901 2479/377/1901 2481/379/1901 2478/412/1901
f 2484/409/1902 2486/399/1902 2499/397/1902 2495/408/1902
f 2490/403/1903 2492/390/1903 2479/402/1903 2477/413/1903
f 2494/392/1904 2488/386/1904 2476/374/1904 2482/380/1904
f 2497/414/1905 2491/415/1905 2493/405/1905 2498/406/1905
f 2488/386/1906 2494/392/1906 2496/407/1906 2489/404/1906
f 2480/378/1907 2485/383/1907 2487/385/1907 2481/379/1907
f 2482/380/1908 2476/374/1908 2478/376/1908 2483/381/1908
f 2483/410/1909 2478/412/1909 2481/379/1909 2487/385/1909
f 2485/416/1910 2480/417/1910 2491/415/1910 2497/414/1910
f 2489/404/1911 2496/407/1911 2498/406/1911 2493/405/1911
f 2500/374/1886 2501/375/1886 2502/376/1886
f 2503/377/1887 2504/378/1887 2505/379/1887
f 2506/380/1888 2507/381/1888 2508/382/1888
f 2509/383/1889 2510/384/1889 2511/385/1889
f 2512/386/1890 2513/387/1890 2514/388/1890
f 2515/389/1912 2516/390/1912 2517/391/1912
f 2518/392/1892 2519/393/1892 2520/394/1892
f 2521/395/1893 2522/396/1893 2523/397/1893
f 2518/392/1894 2506/380/1894 2508/382/1894 2519/393/1894
f 2509/398/1895 2521/395/1895 2523/397/1895 2510/399/1895
f 2500/374/1896 2512/386/1896 2514/400/1896 2501/375/1896
f 2515/389/1897 2504/401/1897 2503/402/1897 2516/390/1897
f 2516/390/1898 2514/403/1898 2513/404/1898 2517/405/1898
f 2522/406/1899 2520/407/1899 2519/408/1899 2523/397/1899
f 2510/399/1900 2508/409/1900 2507/410/1900 2511/385/1900
f 2501/411/1901 2503/377/1901 2505/379/1901 2502/412/1901
f 2508/409/1902 2510/399/1902 2523/397/1902 2519/408/1902
f 2514/403/1903 2516/390/1903 2503/402/1903 2501/413/1903
f 2518/392/1904 2512/386/1904 2500/374/1904 2506/380/1904
f 2521/414/1905 2515/415/1905 2517/405/1905 2522/406/1905
f 2512/386/1906 2518/392/1906 2520/407/1906 2513/404/1906
f 2504/378/1907 2509/383/1907 2511/385/1907 2505/379/1907
f 2506/380/1908 2500/374/1908 2502/376/1908 2507/381/1908
f 2507/410/1909 2502/412/1909 2505/379/1909 2511/385/1909
f 2509/416/1910 2504/417/1910 2515/415/1910 2521/414/1910
f 2513/404/1911 2520/407/1911 2522/406/1911 2517/405/1911
f 2524/374/1860 2525/375/1860 2526/376/1860
f 2527/377/1861 2528/378/1861 2529/379/1861
f 2530/380/1862 2531/381/1862 2532/382/1862
f 2533/383/1863 2534/384/1863 2535/385/1863
f 2536/386/1864 2537/387/1864 2538/388/1864
f 2539/389/1865 2540/390/1865 2541/391/1865
f 2542/392/1866 2543/393/1866 2544/394/1866
f 2545/395/1867 2546/396/1867 2547/397/1867
f 2542/392/1868 2530/380/1868 2532/382/1868 2543/393/1868
f 2533/398/1869 2545/395/1869 2547/397/1869 2534/399/1869
f 2524/374/1870 2536/386/1870 2538/400/1870 2525/375/1870
f 2539/389/1871 2528/401/1871 2527/402/1871 2540/390/1871
f 2540/390/1872 2538/403/1872 2537/404/1872 2541/405/1872
f 2546/406/1873 2544/407/1873 2543/408/1873 2547/397/1873
f 2534/399/1874 2532/409/1874 2531/410/1874 2535/385/1874
f 2525/411/1875 2527/377/1875 2529/379/1875 2526/412/1875
f 2532/409/1876 2534/399/1876 2547/397/1876 2543/408/1876
f 2538/403/1877 2540/390/1877 2527/402/1877 2525/413/1877
f 2542/392/1878 2536/386/1878 2524/374/1878 2530/380/1878
f 2545/414/1879 2539/415/1879 2541/405/1879 2546/406/1879
f 2536/386/1880 2542/392/1880 2544/407/1880 2537/404/1880
f 2528/378/1881 2533/383/1881 2535/385/1881 2529/379/1881
f 2530/380/1882 2524/374/1882 2526/376/1882 2531/381/1882
f 2531/410/1883 2526/412/1883 2529/379/1883 2535/385/1883
f 2533/416/1884 2528/417/1884 2539/415/1884 2545/414/1884
f 2537/404/1885 2544/407/1885 2546/406/1885 2541/405/1885
f 2548/374/1886 2549/375/1886 2550/376/1886
f 2551/377/1887 2552/378/1887 2553/379/1887
f 2554/380/1913 2555/381/1913 2556/382/1913
f 2557/383/1889 2558/384/1889 2559/385/1889
f 2560/386/1890 2561/387/1890 2562/388/1890
f 2563/389/1891 2564/390/1891 2565/391/1891
f 2566/392/1892 2567/393/1892 2568/394/1892
f 2569/395/1893 2570/396/1893 2571/397/1893
f 2566/392/1894 2554/380/1894 2556/382/1894 2567/393/1894
f 2557/398/1895 2569/395/1895 2571/397/1895 2558/399/1895
f 2548/374/1896 2560/386/1896 2562/400/1896 2549/375/1896
f 2563/389/1897 2552/401/1897 2551/402/1897 2564/390/1897
f 2564/390/1898 2562/403/1898 2561/404/1898 2565/405/1898
f 2570/406/1899 2568/407/1899 2567/408/1899 2571/397/1899
f 2558/399/1900 2556/409/1900 2555/410/1900 2559/385/1900
f 2549/411/1901 2551/377/1901 2553/379/1901 2550/412/1901
f 2556/409/1902 2558/399/1902 2571/397/1902 2567/408/1902
f 2562/403/1903 2564/390/1903 2551/402/1903 2549/413/1903
f 2566/392/1904 2560/386/1904 2548/374/1904 2554/380/1904
f 2569/414/1905 2563/415/1905 2565/405/1905 2570/406/1905
f 2560/386/1906 2566/392/1906 2568/407/1906 2561/404/1906
f 2552/378/1907 2557/383/1907 2559/385/1907 2553/379/1907
f 2554/380/1908 2548/374/1908 2550/376/1908 2555/381/1908
f 2555/410/1909 2550/412/1909 2553/379/1909 2559/385/1909
f 2557/416/1910 2552/417/1910 2563/415/1910 2569/414/1910
f 2561/404/1911 2568/407/1911 2570/406/1911 2565/405/1911
f 2572/374/1914 2573/375/1914 2574/376/1914
f 2575/377/1915 2576/378/1915 2577/379/1915
f 2578/380/1916 2579/381/1916 2580/382/1916
f 2581/383/1917 2582/384/1917 2583/385/1917
f 2584/386/1918 2585/387/1918 2586/388/1918
f 2587/389/1919 2588/390/1919 2589/391/1919
f 2590/392/1920 2591/393/1920 2592/394/1920
f 2593/395/1921 2594/396/1921 2595/397/1921
f 2590/392/1922 2578/380/1922 2580/382/1922 2591/393/1922
f 2581/398/1923 2593/395/1923 2595/397/1923 2582/399/1923
f 2572/374/1924 2584/386/1924 2586/400/1924 2573/375/1924
f 2587/389/1925 2576/401/1925 2575/402/1925 2588/390/1925
f 2588/390/1926 2586/403/1926 2585/404/1926 2589/405/1926
f 2594/406/1927 2592/407/1927 2591/408/1927 2595/397/1927
f 2582/399/1928 2580/409/1928 2579/410/1928 2583/385/1928
f 2573/411/1929 2575/377/1929 2577/379/1929 2574/412/1929
f 2580/409/1930 2582/399/1930 2595/397/1930 2591/408/1930
f 2586/403/1931 2588/390/1931 2575/402/1931 2573/413/1931
f 2590/392/1932 2584/386/1932 2572/374/1932 2578/380/1932
f 2593/414/1933 2587/415/1933 2589/405/1933 2594/406/1933
f 2584/386/1934 2590/392/1934 2592/407/1934 2585/404/1934
f 2576/378/1935 2581/383/1935 2583/385/1935 2577/379/1935
f 2578/380/1936 2572/374/1936 2574/376/1936 2579/381/1936
f 2579/410/1937 2574/412/1937 2577/379/1937 2583/385/1937
f 2581/416/1938 2576/417/1938 2587/415/1938 2593/414/1938
f 2585/404/1939 2592/407/1939 2594/406/1939 2589/405/1939
f 2596/374/1940 2597/375/1940 2598/376/1940
f 2599/377/1941 2600/378/1941 2601/379/1941
f 2602/380/1942 2603/381/1942 2604/382/1942
f 2605/383/1943 2606/384/1943 2607/385/1943
f 2608/386/1944 2609/387/1944 2610/388/1944
f 2611/389/1945 2612/390/1945 2613/391/1945
f 2614/392/1946 2615/393/1946 2616/394/1946
f 2617/395/1947 2618/396/1947 2619/397/1947
f 2614/392/1948 2602/380/1948 2604/382/1948 2615/393/1948
f 2605/398/1949 2617/395/1949 2619/397/1949 2606/399/1949
f 2596/374/1950 2608/386/1950 2610/400/1950 2597/375/1950
f 2611/389/1951 2600/401/1951 2599/402/1951 2612/390/1951
f 2612/390/1952 2610/403/1952 2609/404/1952 2613/405/1952
f 2618/406/1953 2616/407/1953 2615/408/1953 2619/397/1953
f 2606/399/1954 2604/409/1954 2603/410/1954 2607/385/1954
f 2597/411/1955 2599/377/1955 2601/379/1955 2598/412/1955
f 2604/409/1956 2606/399/1956 2619/397/1956 2615/408/1956
f 2610/403/1957 2612/390/1957 2599/402/1957 2597/413/1957
f 2614/392/1958 2608/386/1958 2596/374/1958 2602/380/1958
f 2617/414/1959 2611/415/1959 2613/405/1959 2618/406/1959
f 2608/386/1960 2614/392/1960 2616/407/1960 2609/404/1960
f 2600/378/1961 2605/383/1961 2607/385/1961 2601/379/1961
f 2602/380/1962 2596/374/1962 2598/376/1962 2603/381/1962
f 2603/410/1963 2598/412/1963 2601/379/1963 2607/385/1963
f 2605/416/1964 2600/417/1964 2611/415/1964 2617/414/1964
f 2609/404/1965 2616/407/1965 2618/406/1965 2613/405/1965
f 2620/374/1860 2621/375/1860 2622/376/1860
f 2623/377/1861 2624/378/1861 2625/379/1861
f 2626/380/1862 2627/381/1862 2628/382/1862
f 2629/383/1863 2630/384/1863 2631/385/1863
f 2632/386/1864 2633/387/1864 2634/388/1864
f 2635/389/1865 2636/390/1865 2637/391/1865
f 2638/392/1866 2639/393/1866 2640/394/1866
f 2641/395/1867 2642/396/1867 2643/397/1867
f 2638/392/1868 2626/380/1868 2628/382/1868 2639/393/1868
f 2629/398/1869 2641/395/1869 2643/397/1869 2630/399/1869
f 2620/374/1870 2632/386/1870 2634/400/1870 2621/375/1870
f 2635/389/1871 2624/401/1871 2623/402/1871 2636/390/1871
f 2636/390/1872 2634/403/1872 2633/404/1872 2637/405/1872
f 2642/406/1873 2640/407/1873 2639/408/1873 2643/397/1873
f 2630/399/1874 2628/409/1874 2627/410/1874 2631/385/1874
f 2621/411/1875 2623/377/1875 2625/379/1875 2622/412/1875
f 2628/409/1876 2630/399/1876 2643/397/1876 2639/408/1876
f 2634/403/1877 2636/390/1877 2623/402/1877 2621/413/1877
f 2638/392/1878 2632/386/1878 2620/374/1878 2626/380/1878
f 2641/414/1879 2635/415/1879 2637/405/1879 2642/406/1879
f 2632/386/1880 2638/392/1880 2640/407/1880 2633/404/1880
f 2624/378/1881 2629/383/1881 2631/385/1881 2625/379/1881
f 2626/380/1882 2620/374/1882 2622/376/1882 2627/381/1882
f 2627/410/1883 2622/412/1883 2625/379/1883 2631/385/1883
f 2629/416/1884 2624/417/1884 2635/415/1884 2641/414/1884
f 2633/404/1885 2640/407/1885 2642/406/1885 2637/405/1885
f 2644/374/1966 2645/375/1966 2646/376/1966
f 2647/377/1967 2648/378/1967 2649/379/1967
f 2650/380/1968 2651/381/1968 2652/382/1968
f 2653/383/1969 2654/384/1969 2655/385/1969
f 2656/386/1970 2657/387/1970 2658/388/1970
f 2659/389/1971 2660/390/1971 2661/391/1971
f 2662/392/1972 2663/393/1972 2664/394/1972
f 2665/395/1973 2666/396/1973 2667/397/1973
f 2662/392/1974 2650/380/1974 2652/382/1974 2663/393/1974
f 2653/398/1975 2665/395/1975 2667/397/1975 2654/399/1975
f 2644/374/1976 2656/386/1976 2658/400/1976 2645/375/1976
f 2659/389/1977 2648/401/1977 2647/402/1977 2660/390/1977
f 2660/390/1978 2658/403/1978 2657/404/1978 2661/405/1978
f 2666/406/1979 2664/407/1979 2663/408/1979 2667/397/1979
f 2654/399/1980 2652/409/1980 2651/410/1980 2655/385/1980
f 2645/411/1981 2647/377/1981 2649/379/1981 2646/412/1981
f 2652/409/1982 2654/399/1982 2667/397/1982 2663/408/1982
f 2658/403/1983 2660/390/1983 2647/402/1983 2645/413/1983
f 2662/392/1984 2656/386/1984 2644/374/1984 2650/380/1984
f 2665/414/1985 2659/415/1985 2661/405/1985 2666/406/1985
f 2656/386/1986 2662/392/1986 2664/407/1986 2657/404/1986
f 2648/378/1987 2653/383/1987 2655/385/1987 2649/379/1987
f 2650/380/1988 2644/374/1988 2646/376/1988 2651/381/1988
f 2651/410/1989 2646/412/1989 2649/379/1989 2655/385/1989
f 2653/416/1990 2648/417/1990 2659/415/1990 2665/414/1990
f 2657/404/1991 2664/407/1991 2666/406/1991 2661/405/1991
o pillars_U_roof3.001
v 7.484896 2.825924 -1.159661
v 7.484896 -0.010275 -1.156110
v 7.076844 2.825924 -1.159661
v 7.076844 -0.010275 -1.156110
v 7.484896 2.826348 -0.821447
v 7.484896 -0.009851 -0.817895
v 7.076844 2.826348 -0.821447
v 7.076844 -0.009851 -0.817895
vn -0.0000 -0.0013 -1.0000
vn -0.0000 0.0013 1.0000
vn -0.0000 1.0000 -0.0013
vn 1.0000 -0.0000 -0.0000
vn -0.0000 -1.0000 0.0013
vn -1.0000 -0.0000 -0.0000
vt 0.000000 0.000000
vt 1.000000 0.000000
vt 1.000000 1.000000
vt 0.000000 1.000000
s 0
usemtl pillars.001
f 2668/418/1992 2669/419/1992 2671/420/1992 2670/421/1992
f 2672/418/1993 2674/421/1993 2675/420/1993 2673/419/1993
f 2668/418/1994 2670/421/1994 2674/421/1994 2672/418/1994
f 2669/419/1995 2668/418/1995 2672/418/1995 2673/419/1995
f 2671/420/1996 2669/419/1996 2673/419/1996 2675/420/1996
f 2670/421/1997 2671/420/1997 2675/420/1997 2674/421/1997
o pillars_U_roof3.002
v 7.484896 2.825924 -3.297172
v 7.484896 -0.010275 -3.293620
v 7.076844 2.825924 -3.297172
v 7.076844 -0.010275 -3.293620
v 7.484896 2.826348 -2.958957
v 7.484896 -0.009851 -2.955406
v 7.076844 2.826348 -2.958957
v 7.076844 -0.009851 -2.955406
vn -0.0000 -0.0013 -1.0000
vn -0.0000 0.0013 1.0000
vn -0.0000 1.0000 -0.0013
vn 1.0000 -0.0000 -0.0000
vn -0.0000 -1.0000 0.0013
vn -1.0000 -0.0000 -0.0000
vt 0.000000 0.000000
vt 1.000000 0.000000
vt 1.000000 1.000000
vt 0.000000 1.000000
s 0
usemtl pillars.002
f 2676/422/1998 2677/423/1998 2679/424/1998 2678/425/1998
f 2680/422/1999 2682/425/1999 2683/424/1999 2681/423/1999
f 2676/422/2000 2678/425/2000 2682/425/2000 2680/422/2000
f 2677/423/2001 2676/422/2001 2680/422/2001 2681/423/2001
f 2679/424/2002 2677/423/2002 2681/423/2002 2683/424/2002
f 2678/425/2003 2679/424/2003 2683/424/2003 2682/425/2003
o pillars_U_roof3.003
v 7.511256 3.057234 -0.663761
v 7.511257 3.053682 -3.499960
v 7.051226 3.057234 -0.663761
v 7.051226 3.053682 -3.499960
v 7.511256 2.719019 -0.663338
v 7.511256 2.715468 -3.499537
v 7.051225 2.719019 -0.663338
v 7.051226 2.715468 -3.499537
vn -0.0000 1.0000 -0.0013
vn -0.0000 -1.0000 0.0013
vn -0.0000 0.0013 1.0000
vn 1.0000 -0.0000 -0.0000
vn -0.0000 -0.0013 -1.0000
vn -1.0000 -0.0000 -0.0000
vt 0.000000 0.000000
vt 1.000000 0.000000
vt 1.000000 1.000000
vt 0.000000 1.000000
s 0
usemtl pillars.003
f 2684/426/2004 2685/427/2004 2687/428/2004 2686/429/2004
f 2688/426/2005 2690/429/2005 2691/428/2005 2689/427/2005
f 2684/426/2006 2686/429/2006 2690/429/2006 2688/426/2006
f 2685/427/2007 2684/426/2007 2688/426/2007 2689/427/2007
f 2687/428/2008 2685/427/2008 2689/427/2008 2691/428/2008
f 2686/429/2009 2687/428/2009 2691/428/2009 2690/429/2009
