# Blender 4.5.2 LTS
# www.blender.org
mtllib temple-pillar.mtl
o BézierCurve
v -0.231136 0.861520 0.541053
v -0.248166 0.899949 0.534833
v -0.266792 0.933789 0.527637
v -0.286533 0.963398 0.520511
v -0.306546 0.989136 0.514397
v -0.325541 1.011359 0.510429
v -0.341783 1.030426 0.508391
v -0.353209 1.046695 0.507550
v -0.357639 1.060525 0.507060
v -0.353120 1.072273 0.506338
v -0.338254 1.082297 0.505455
v -0.312387 1.090957 0.505370
v -0.275453 1.098609 0.507775
v -0.248181 1.105043 0.511131
v -0.223366 1.114447 0.515008
v -0.200463 1.126718 0.518870
v -0.179033 1.141754 0.522309
v -0.158712 1.159452 0.524988
v -0.139171 1.179712 0.526605
v -0.120090 1.202430 0.526850
v -0.101136 1.227504 0.525384
v -0.082145 1.254833 0.521985
v -0.064232 1.284313 0.518144
v -0.047553 1.315844 0.514291
v -0.032012 1.349321 0.510425
v -0.018762 1.372567 0.507486
v -0.006305 1.379758 0.505713
v 0.006406 1.373386 0.504827
v 0.020417 1.355944 0.504554
v 0.036774 1.329922 0.504618
v 0.056524 1.297813 0.504740
v 0.080712 1.262107 0.504611
v 0.110385 1.225298 0.501965
v 0.146588 1.189875 0.495372
v 0.190369 1.158332 0.484844
v 0.242774 1.133159 0.470873
v 0.304847 1.116848 0.454848
v 0.333183 1.112146 0.448396
v 0.356781 1.107564 0.443712
v 0.375276 1.102317 0.440614
v 0.388302 1.095622 0.438869
v 0.395495 1.086693 0.438315
v 0.396491 1.074745 0.438965
v 0.390923 1.058995 0.441106
v 0.378428 1.038657 0.445336
v 0.358640 1.012948 0.452508
v 0.331194 0.981081 0.463128
v 0.295726 0.942272 0.476718
v 0.251870 0.895738 0.492739
v 0.240636 0.874658 0.497564
v 0.237687 0.846513 0.500891
v 0.241008 0.813315 0.502854
v 0.248585 0.777076 0.503604
v 0.258403 0.739808 0.503250
v 0.268447 0.703524 0.502259
v 0.276704 0.670235 0.502078
v 0.281157 0.641955 0.502879
v 0.279793 0.620695 0.504459
v 0.270597 0.608467 0.506533
v 0.251554 0.607284 0.509088
v 0.220650 0.619158 0.512665
v 0.174045 0.644748 0.518843
v 0.136366 0.668501 0.524557
v 0.105831 0.689702 0.529417
v 0.080661 0.707639 0.533346
v 0.059074 0.721599 0.536309
v 0.039289 0.730868 0.538693
v 0.019526 0.734734 0.540727
v -0.001997 0.732483 0.542456
v -0.027060 0.723402 0.543734
v -0.057445 0.706777 0.544221
v -0.094931 0.681897 0.543445
v -0.141301 0.648047 0.542071
v -0.192181 0.613424 0.542248
v -0.227870 0.596749 0.543914
v -0.250609 0.595497 0.545283
v -0.262641 0.607142 0.545582
v -0.266206 0.629159 0.545169
v -0.263549 0.659021 0.544910
v -0.256909 0.694204 0.545511
v -0.248369 0.732181 0.546451
v -0.238960 0.770427 0.546303
v -0.231151 0.806416 0.545241
v -0.227702 0.837622 0.543425
v -0.235610 0.857346 0.479633
v -0.252500 0.895775 0.473435
v -0.271329 0.929615 0.466114
v -0.291492 0.959225 0.458741
v -0.311992 0.984962 0.452524
v -0.331401 1.007185 0.448556
v -0.347908 1.026252 0.446517
v -0.359442 1.042521 0.445677
v -0.363875 1.056351 0.445187
v -0.359291 1.068099 0.444465
v -0.344274 1.078124 0.443582
v -0.318081 1.086783 0.443497
v -0.280583 1.094435 0.445901
v -0.252899 1.100870 0.449258
v -0.227792 1.110273 0.453135
v -0.204754 1.122544 0.456997
v -0.183363 1.137580 0.460435
v -0.163248 1.155279 0.463115
v -0.144065 1.175538 0.464732
v -0.125471 1.198256 0.464977
v -0.107098 1.223331 0.463511
v -0.088546 1.250659 0.460112
v -0.070633 1.280140 0.456270
v -0.053954 1.311670 0.452418
v -0.038413 1.345148 0.448552
v -0.025163 1.368393 0.445613
v -0.012706 1.375584 0.443839
v 0.000005 1.369213 0.442954
v 0.014016 1.351770 0.442681
v 0.030373 1.325748 0.442744
v 0.050123 1.293639 0.442867
v 0.074311 1.257934 0.442738
v 0.103984 1.221124 0.440092
v 0.140187 1.185702 0.433499
v 0.183968 1.154158 0.422971
v 0.236373 1.128986 0.409000
v 0.298446 1.112675 0.392975
v 0.326782 1.107972 0.386523
v 0.350380 1.103390 0.381839
v 0.368875 1.098144 0.378741
v 0.381901 1.091448 0.376996
v 0.389094 1.082519 0.376442
v 0.390090 1.070572 0.377092
v 0.384522 1.054821 0.379233
v 0.372027 1.034484 0.383463
v 0.352239 1.008774 0.390635
v 0.324793 0.976907 0.401391
v 0.289325 0.938099 0.415108
v 0.245469 0.891565 0.431106
v 0.234235 0.870485 0.435895
v 0.231286 0.842339 0.439181
v 0.234607 0.809141 0.441089
v 0.242184 0.772902 0.441778
v 0.252002 0.735634 0.441381
v 0.262046 0.699350 0.440386
v 0.270303 0.666062 0.440205
v 0.274756 0.637781 0.441006
v 0.273392 0.616521 0.442586
v 0.264196 0.604293 0.444660
v 0.245153 0.603110 0.447215
v 0.214249 0.614984 0.450792
v 0.167644 0.640575 0.456970
v 0.129965 0.664327 0.462684
v 0.099430 0.685529 0.467544
v 0.074260 0.703466 0.471476
v 0.052673 0.717425 0.474447
v 0.032888 0.726695 0.476842
v 0.013125 0.730560 0.478888
v -0.008398 0.728309 0.480630
v -0.033461 0.719228 0.481918
v -0.063846 0.702604 0.482395
v -0.101332 0.677723 0.481571
v -0.147702 0.643873 0.480198
v -0.198582 0.609250 0.480375
v -0.234271 0.592575 0.482041
v -0.257010 0.591323 0.483410
v -0.269041 0.602969 0.483709
v -0.272607 0.624985 0.483296
v -0.269950 0.654848 0.483037
v -0.263310 0.690030 0.483638
v -0.254399 0.728007 0.484628
v -0.244417 0.766253 0.484614
v -0.236156 0.802242 0.483683
v -0.232386 0.833448 0.481953
v -0.241229 0.856236 0.509520
v -0.258517 0.896061 0.503018
v -0.277775 0.931130 0.495500
v -0.298499 0.961815 0.488113
v -0.319736 0.988487 0.482005
v -0.340029 1.011518 0.478371
v -0.357454 1.031277 0.476817
v -0.369760 1.048138 0.476450
v -0.374597 1.062469 0.476242
v -0.369855 1.074644 0.475459
v -0.354064 1.085033 0.474159
v -0.326578 1.094007 0.473431
v -0.287470 1.101937 0.475256
v -0.258782 1.108605 0.478481
v -0.232881 1.118351 0.482462
v -0.209165 1.131067 0.486574
v -0.187138 1.146649 0.490333
v -0.166377 1.164991 0.493339
v -0.146492 1.185986 0.495230
v -0.127101 1.209530 0.495641
v -0.107803 1.235515 0.494170
v -0.088282 1.263836 0.490604
v -0.069718 1.294388 0.486623
v -0.052433 1.327063 0.482631
v -0.036328 1.361757 0.478624
v -0.022597 1.385847 0.475579
v -0.009687 1.393299 0.473741
v 0.003486 1.386696 0.472823
v 0.018006 1.368620 0.472540
v 0.034957 1.341653 0.472606
v 0.055424 1.308377 0.472733
v 0.080491 1.271375 0.472617
v 0.111242 1.233228 0.469883
v 0.148761 1.196519 0.462854
v 0.194132 1.163830 0.451645
v 0.248440 1.137743 0.436951
v 0.312768 1.120839 0.420513
v 0.342134 1.115966 0.414099
v 0.366589 1.111217 0.409565
v 0.385755 1.105780 0.406656
v 0.399255 1.098842 0.405067
v 0.406709 1.089588 0.404574
v 0.407741 1.077207 0.405160
v 0.401971 1.060884 0.407134
v 0.389022 1.039808 0.411166
v 0.368515 1.013164 0.418218
v 0.340072 0.980140 0.429060
v 0.303315 0.939922 0.443081
v 0.257867 0.891697 0.459649
v 0.246225 0.869851 0.464682
v 0.243169 0.840684 0.468206
v 0.246611 0.806280 0.470326
v 0.254463 0.768724 0.471174
v 0.264637 0.730102 0.470842
v 0.275046 0.692500 0.469942
v 0.283602 0.658003 0.469997
v 0.288217 0.628695 0.471101
v 0.286804 0.606663 0.472956
v 0.277273 0.593991 0.475165
v 0.257539 0.592765 0.477680
v 0.225512 0.605070 0.481082
v 0.177214 0.631590 0.487137
v 0.138166 0.656205 0.492912
v 0.106523 0.678177 0.497910
v 0.080438 0.696765 0.501984
v 0.058067 0.711232 0.505046
v 0.037564 0.720838 0.507500
v 0.017082 0.724844 0.509578
v -0.005222 0.722511 0.511321
v -0.031196 0.713100 0.512567
v -0.062684 0.695872 0.512958
v -0.101532 0.670088 0.512019
v -0.149586 0.635008 0.510680
v -0.202315 0.599128 0.511356
v -0.239300 0.581847 0.513613
v -0.262865 0.580550 0.515307
v -0.275334 0.592618 0.515549
v -0.279029 0.615434 0.514804
v -0.276275 0.646381 0.514129
v -0.269394 0.682842 0.514400
v -0.260453 0.722199 0.515302
v -0.250392 0.761834 0.515116
v -0.241913 0.799130 0.513961
v -0.237965 0.831470 0.512019
v -0.194692 0.876710 0.560749
v -0.210101 0.909024 0.555795
v -0.226430 0.937478 0.549854
v -0.243060 0.962376 0.543638
v -0.259245 0.984017 0.537780
v -0.274046 1.002704 0.533105
v -0.286292 1.018736 0.529787
v -0.294629 1.032417 0.527638
v -0.297619 1.044045 0.526393
v -0.293905 1.053924 0.525891
v -0.282369 1.062353 0.526260
v -0.262198 1.069634 0.528005
v -0.232731 1.076069 0.531862
v -0.210328 1.081479 0.535317
v -0.189418 1.089386 0.538569
v -0.169735 1.099704 0.541389
v -0.151073 1.112347 0.543615
v -0.133264 1.127230 0.545120
v -0.116154 1.144265 0.545790
v -0.099591 1.163368 0.545506
v -0.083406 1.184452 0.544126
v -0.067467 1.207431 0.541478
v -0.052405 1.232220 0.538247
v -0.038380 1.258732 0.535008
v -0.025312 1.286882 0.531757
v -0.014171 1.306428 0.529286
v -0.003696 1.312475 0.527795
v 0.006992 1.307118 0.527050
v 0.018773 1.292451 0.526821
v 0.032527 1.270570 0.526874
v 0.049134 1.243571 0.526977
v 0.069473 1.213548 0.526738
v 0.094424 1.182596 0.524516
v 0.124866 1.152811 0.519617
v 0.161679 1.126287 0.511747
v 0.205744 1.105121 0.500783
v 0.257939 1.091406 0.486988
v 0.281766 1.087451 0.480829
v 0.301608 1.083598 0.475999
v 0.317159 1.079187 0.472537
v 0.328113 1.073557 0.470443
v 0.334161 1.066049 0.469737
v 0.334998 1.056003 0.470520
v 0.330317 1.042759 0.473019
v 0.319810 1.025658 0.477591
v 0.303171 1.004040 0.484641
v 0.280093 0.977244 0.494095
v 0.250269 0.944612 0.505820
v 0.213393 0.905483 0.519245
v 0.203947 0.887758 0.523122
v 0.201467 0.864092 0.525626
v 0.204260 0.836177 0.526947
v 0.210631 0.805705 0.527285
v 0.218886 0.774368 0.526825
v 0.227332 0.743858 0.525763
v 0.234274 0.715867 0.524919
v 0.238019 0.692087 0.524811
v 0.236872 0.674211 0.525523
v 0.229139 0.663929 0.527083
v 0.213127 0.662934 0.529617
v 0.187141 0.672918 0.533504
v 0.147953 0.694436 0.539665
v 0.116270 0.714409 0.544835
v 0.090595 0.732236 0.548981
v 0.069430 0.747319 0.552232
v 0.051279 0.759057 0.554719
v 0.034642 0.766851 0.556760
v 0.018024 0.770101 0.558562
v -0.000073 0.768208 0.560192
v -0.021148 0.760572 0.561556
v -0.046697 0.746594 0.562372
v -0.078218 0.725673 0.562194
v -0.117208 0.697210 0.560977
v -0.159992 0.668097 0.559867
v -0.190001 0.654076 0.559801
v -0.209121 0.653023 0.560172
v -0.219238 0.662815 0.560601
v -0.222236 0.681328 0.561149
v -0.220001 0.706438 0.562073
v -0.214419 0.736021 0.563439
v -0.207083 0.767955 0.564288
v -0.199346 0.800114 0.564400
v -0.193341 0.830376 0.563802
v -0.191152 0.856616 0.562545
vn 0.6006 0.1489 0.7855
vn -0.0917 -0.0554 -0.9942
vn -0.8904 -0.4181 -0.1800
vn -0.8480 -0.5040 -0.1638
vn -0.8025 -0.5792 -0.1433
vn -0.7616 -0.6359 -0.1248
vn -0.7370 -0.6660 -0.1152
vn -0.7418 -0.6595 -0.1216
vn -0.7987 -0.5805 -0.1586
vn -0.9169 -0.3081 -0.2536
vn -0.8750 0.3181 -0.3651
vn -0.5352 0.7709 -0.3454
vn -0.3016 0.9042 -0.3023
vn -0.1765 0.9436 -0.2802
vn -0.1853 0.9404 -0.2850
vn -0.2944 0.9073 -0.3002
vn -0.4070 0.8599 -0.3080
vn -0.5138 0.8009 -0.3076
vn -0.6072 0.7359 -0.2996
vn -0.6836 0.6717 -0.2855
vn -0.7429 0.6138 -0.2672
vn -0.7866 0.5661 -0.2465
vn -0.8169 0.5306 -0.2259
vn -0.8482 0.4888 -0.2039
vn -0.8783 0.4425 -0.1812
vn -0.9024 0.4006 -0.1587
vn -0.8622 0.4664 -0.1978
vn -0.4998 0.7664 -0.4036
vn 0.3593 0.7865 -0.5023
vn 0.7052 0.5730 -0.4176
vn 0.7829 0.4912 -0.3818
vn 0.7889 0.4838 -0.3788
vn 0.7616 0.5173 -0.3903
vn 0.6957 0.5902 -0.4094
vn 0.5921 0.6853 -0.4241
vn 0.4591 0.7807 -0.4239
vn 0.3068 0.8630 -0.4013
vn 0.1517 0.9230 -0.3536
vn 0.0847 0.9429 -0.3220
vn 0.1174 0.9351 -0.3345
vn 0.1984 0.9075 -0.3702
vn 0.3652 0.8187 -0.4431
vn 0.6404 0.5470 -0.5392
vn 0.8415 0.0428 -0.5385
vn 0.8275 -0.3490 -0.4398
vn 0.7608 -0.5394 -0.3608
vn 0.7086 -0.6311 -0.3155
vn 0.6746 -0.6781 -0.2917
vn 0.6569 -0.6993 -0.2820
vn 0.6493 -0.7077 -0.2787
vn 0.7944 -0.5017 -0.3423
vn 0.9131 -0.1411 -0.3826
vn 0.9249 0.0703 -0.3737
vn 0.9157 0.1840 -0.3571
vn 0.9072 0.2423 -0.3440
vn 0.9046 0.2591 -0.3386
vn 0.9103 0.2264 -0.3465
vn 0.9185 0.1323 -0.3726
vn 0.8990 -0.0917 -0.4283
vn 0.6600 -0.5788 -0.4789
vn 0.0160 -0.9450 -0.3267
vn -0.3695 -0.9151 -0.1613
vn -0.4889 -0.8663 -0.1023
vn -0.5400 -0.8380 -0.0785
vn -0.5759 -0.8151 -0.0628
vn -0.5854 -0.8086 -0.0590
vn -0.5486 -0.8330 -0.0719
vn -0.4322 -0.8956 -0.1051
vn -0.2048 -0.9667 -0.1535
vn 0.0868 -0.9773 -0.1934
vn 0.3240 -0.9229 -0.2082
vn 0.4674 -0.8595 -0.2067
vn 0.5450 -0.8142 -0.2003
vn 0.5820 -0.7897 -0.1939
vn 0.5501 -0.8108 -0.2002
vn 0.4004 -0.8847 -0.2388
vn 0.0313 -0.9483 -0.3159
vn -0.6562 -0.6700 -0.3471
vn -0.9566 -0.1612 -0.2426
vn -0.9809 0.0846 -0.1754
vn -0.9715 0.1851 -0.1481
vn -0.9636 0.2260 -0.1426
vn -0.9580 0.2462 -0.1472
vn -0.9634 0.2155 -0.1593
vn -0.9786 0.1088 -0.1747
vn -0.9707 -0.1482 -0.1889
vn -0.9416 -0.0974 0.3222
vn -0.9483 0.1276 0.2907
vn -0.9360 0.2164 0.2775
vn -0.9307 0.2339 0.2814
vn -0.9325 0.2037 0.2982
vn -0.9338 0.1724 0.3135
vn -0.9321 0.0883 0.3514
vn -0.8893 -0.1327 0.4377
vn -0.5789 -0.6105 0.5405
vn 0.0775 -0.9052 0.4178
vn 0.4198 -0.8677 0.2661
vn 0.5532 -0.8106 0.1922
vn 0.5768 -0.7971 0.1786
vn 0.5393 -0.8192 0.1950
vn 0.4707 -0.8545 0.2196
vn 0.3406 -0.9052 0.2543
vn 0.1223 -0.9487 0.2914
vn -0.1519 -0.9385 0.3100
vn -0.3743 -0.8765 0.3026
vn -0.4918 -0.8216 0.2883
vn -0.5273 -0.8016 0.2817
vn -0.5160 -0.8080 0.2844
vn -0.4775 -0.8276 0.2951
vn -0.4262 -0.8493 0.3115
vn -0.3017 -0.8866 0.3507
vn 0.1124 -0.8933 0.4353
vn 0.7651 -0.5072 0.3966
vn 0.9711 -0.0437 0.2348
vn 0.9759 0.1586 0.1500
vn 0.9641 0.2389 0.1158
vn 0.9590 0.2628 0.1060
vn 0.9615 0.2523 0.1093
vn 0.9709 0.2057 0.1229
vn 0.9835 0.1072 0.1460
vn 0.9805 -0.0814 0.1787
vn 0.8819 -0.4214 0.2114
vn 0.7465 -0.6305 0.2124
vn 0.7571 -0.6171 0.2142
vn 0.7740 -0.5943 0.2186
vn 0.8005 -0.5541 0.2283
vn 0.8467 -0.4708 0.2479
vn 0.9152 -0.2872 0.2827
vn 0.9424 0.0948 0.3209
vn 0.7513 0.5880 0.2998
vn 0.4676 0.8530 0.2320
vn 0.2955 0.9371 0.1859
vn 0.2184 0.9618 0.1649
vn 0.1959 0.9678 0.1583
vn 0.2923 0.9400 0.1763
vn 0.4668 0.8626 0.1951
vn 0.6043 0.7720 0.1972
vn 0.7044 0.6846 0.1875
vn 0.7730 0.6108 0.1716
vn 0.8182 0.5537 0.1547
vn 0.8429 0.5190 0.1423
vn 0.8375 0.5268 0.1455
vn 0.7676 0.6137 0.1852
vn 0.4433 0.8413 0.3094
vn -0.4176 0.8200 0.3915
vn -0.8101 0.5004 0.3056
vn -0.8566 0.4305 0.2846
vn -0.8289 0.4747 0.2960
vn -0.7955 0.5232 0.3057
vn -0.7631 0.5669 0.3102
vn -0.7534 0.5820 0.3060
vn -0.7359 0.6078 0.2984
vn -0.7042 0.6485 0.2890
vn -0.6550 0.7028 0.2776
vn -0.5844 0.7676 0.2632
vn -0.4902 0.8367 0.2442
vn -0.3741 0.9012 0.2186
vn -0.2446 0.9517 0.1855
vn -0.2071 0.9617 0.1794
vn -0.3024 0.9255 0.2281
vn -0.5067 0.7962 0.3306
vn -0.8136 0.3444 0.4684
vn -0.8530 -0.2696 0.4469
vn -0.7610 -0.5316 0.3718
vn -0.7270 -0.5994 0.3350
vn -0.7409 -0.5890 0.3227
vn -0.7792 -0.5384 0.3211
vn -0.8200 -0.4727 0.3227
vn -0.8560 -0.4008 0.3266
vn -0.8823 -0.3328 0.3329
vn 0.0921 0.0569 0.9941
vn 0.2207 0.3119 0.9241
vn -0.4599 -0.0710 0.8851
vn -0.4533 0.0802 0.8877
vn 0.5929 0.1397 0.7931
vn 0.3860 0.2964 0.8736
vn -0.4709 -0.0789 0.8787
vn -0.4810 0.1176 0.8688
vn 0.5802 0.1305 0.8039
vn 0.4503 0.2851 0.8462
vn -0.4709 -0.0997 0.8765
vn -0.4938 0.1245 0.8606
vn 0.5444 0.0968 0.8332
vn 0.4560 0.2837 0.8436
vn -0.4591 -0.1286 0.8790
vn -0.4930 0.0947 0.8649
vn 0.4677 0.0217 0.8836
vn 0.4343 0.2894 0.8530
vn -0.4359 -0.1735 0.8831
vn -0.4726 0.0086 0.8812
vn 0.3337 -0.0996 0.9374
vn 0.4339 0.2885 0.8535
vn -0.4048 -0.1921 0.8940
vn 0.1541 -0.2432 0.9576
vn 0.4346 0.2941 0.8513
vn -0.3681 -0.1513 0.9174
vn -0.0176 -0.3637 0.9314
vn 0.4233 0.3188 0.8480
vn -0.3221 -0.0294 0.9462
vn -0.1019 -0.4216 0.9011
vn 0.3939 0.3663 0.8430
vn -0.2652 0.1548 0.9517
vn -0.1447 -0.4490 0.8818
vn 0.3335 0.4424 0.8325
vn -0.2127 0.3299 0.9197
vn -0.1831 -0.4637 0.8669
vn 0.2811 0.5021 0.8178
vn -0.1857 0.4450 0.8761
vn -0.1993 -0.4671 0.8615
vn 0.2763 0.4924 0.8253
vn -0.1864 0.5037 0.8435
vn -0.1811 -0.4639 0.8672
vn 0.2906 0.4513 0.8437
vn -0.2308 0.4818 0.8454
vn -0.1067 -0.4567 0.8832
vn 0.3276 0.3661 0.8710
vn -0.2916 0.4155 0.8616
vn 0.0064 -0.4490 0.8935
vn 0.3799 0.2375 0.8940
vn -0.3292 0.3627 0.8718
vn 0.1217 -0.4447 0.8874
vn 0.4301 0.0944 0.8978
vn -0.3472 0.3228 0.8805
vn 0.2116 -0.4468 0.8693
vn 0.4664 -0.0234 0.8843
vn -0.3496 0.2949 0.8893
vn 0.2687 -0.4549 0.8491
vn 0.4901 -0.0974 0.8662
vn -0.3396 0.2787 0.8983
vn 0.2975 -0.4657 0.8334
vn 0.5064 -0.1338 0.8518
vn -0.3201 0.2737 0.9070
vn 0.3205 -0.4732 0.8206
vn 0.5170 -0.1573 0.8414
vn -0.2934 0.2797 0.9141
vn 0.3036 -0.4584 0.8353
vn 0.5215 -0.1812 0.8338
vn -0.2640 0.2937 0.9187
vn 0.2073 -0.3971 0.8940
vn 0.5199 -0.2049 0.8293
vn -0.2803 0.2896 0.9152
vn 0.0559 -0.2943 0.9541
vn 0.5448 -0.1038 0.8321
vn -0.3164 0.2782 0.9069
vn -0.1263 -0.1637 0.9784
vn 0.5765 0.0315 0.8165
vn -0.3545 0.2680 0.8958
vn -0.2802 -0.0486 0.9587
vn 0.5917 0.1022 0.7997
vn -0.2906 0.2813 0.9146
vn -0.3761 0.0223 0.9263
vn 0.5994 0.1382 0.7884
vn -0.0437 0.3100 0.9497
vn -0.4232 0.0524 0.9045
s 0
usemtl Material.003
f 54//1 53//1 305//1 306//1
f 85//2 86//2 87//2 88//2 89//2 90//2 91//2 92//2 93//2 94//2 95//2 96//2 97//2 98//2 99//2 100//2 101//2 102//2 103//2 104//2 105//2 106//2 107//2 108//2 109//2 110//2 111//2 112//2 113//2 114//2 115//2 116//2 117//2 118//2 119//2 120//2 121//2 122//2 123//2 124//2 125//2 126//2 127//2 128//2 129//2 130//2 131//2 132//2 133//2 134//2 135//2 136//2 137//2 138//2 139//2 140//2 141//2 142//2 143//2 144//2 145//2 146//2 147//2 148//2 149//2 150//2 151//2 152//2 153//2 154//2 155//2 156//2 157//2 158//2 159//2 160//2 161//2 162//2 163//2 164//2 165//2 166//2 167//2 168//2
f 169//3 170//3 86//3 85//3
f 170//4 171//4 87//4 86//4
f 171//5 172//5 88//5 87//5
f 172//6 173//6 89//6 88//6
f 173//7 174//7 90//7 89//7
f 174//8 175//8 91//8 90//8
f 175//9 176//9 92//9 91//9
f 176//10 177//10 93//10 92//10
f 177//11 178//11 94//11 93//11
f 178//12 179//12 95//12 94//12
f 179//13 180//13 96//13 95//13
f 180//14 181//14 97//14 96//14
f 181//15 182//15 98//15 97//15
f 182//16 183//16 99//16 98//16
f 183//17 184//17 100//17 99//17
f 184//18 185//18 101//18 100//18
f 185//19 186//19 102//19 101//19
f 186//20 187//20 103//20 102//20
f 187//21 188//21 104//21 103//21
f 188//22 189//22 105//22 104//22
f 189//23 190//23 106//23 105//23
f 190//24 191//24 107//24 106//24
f 191//25 192//25 108//25 107//25
f 192//26 193//26 109//26 108//26
f 193//27 194//27 110//27 109//27
f 194//28 195//28 111//28 110//28
f 195//29 196//29 112//29 111//29
f 196//30 197//30 113//30 112//30
f 197//31 198//31 114//31 113//31
f 198//32 199//32 115//32 114//32
f 199//33 200//33 116//33 115//33
f 200//34 201//34 117//34 116//34
f 201//35 202//35 118//35 117//35
f 202//36 203//36 119//36 118//36
f 203//37 204//37 120//37 119//37
f 204//38 205//38 121//38 120//38
f 205//39 206//39 122//39 121//39
f 206//40 207//40 123//40 122//40
f 207//41 208//41 124//41 123//41
f 208//42 209//42 125//42 124//42
f 209//43 210//43 126//43 125//43
f 210//44 211//44 127//44 126//44
f 211//45 212//45 128//45 127//45
f 212//46 213//46 129//46 128//46
f 213//47 214//47 130//47 129//47
f 214//48 215//48 131//48 130//48
f 215//49 216//49 132//49 131//49
f 216//50 217//50 133//50 132//50
f 217//51 218//51 134//51 133//51
f 218//52 219//52 135//52 134//52
f 219//53 220//53 136//53 135//53
f 220//54 221//54 137//54 136//54
f 221//55 222//55 138//55 137//55
f 222//56 223//56 139//56 138//56
f 223//57 224//57 140//57 139//57
f 224//58 225//58 141//58 140//58
f 225//59 226//59 142//59 141//59
f 226//60 227//60 143//60 142//60
f 227//61 228//61 144//61 143//61
f 228//62 229//62 145//62 144//62
f 229//63 230//63 146//63 145//63
f 230//64 231//64 147//64 146//64
f 231//65 232//65 148//65 147//65
f 232//66 233//66 149//66 148//66
f 233//67 234//67 150//67 149//67
f 234//68 235//68 151//68 150//68
f 235//69 236//69 152//69 151//69
f 236//70 237//70 153//70 152//70
f 237//71 238//71 154//71 153//71
f 238//72 239//72 155//72 154//72
f 239//73 240//73 156//73 155//73
f 240//74 241//74 157//74 156//74
f 241//75 242//75 158//75 157//75
f 242//76 243//76 159//76 158//76
f 243//77 244//77 160//77 159//77
f 244//78 245//78 161//78 160//78
f 245//79 246//79 162//79 161//79
f 246//80 247//80 163//80 162//80
f 247//81 248//81 164//81 163//81
f 248//82 249//82 165//82 164//82
f 249//83 250//83 166//83 165//83
f 250//84 251//84 167//84 166//84
f 251//85 252//85 168//85 167//85
f 252//86 169//86 85//86 168//86
f 84//87 1//87 169//87 252//87
f 83//88 84//88 252//88 251//88
f 82//89 83//89 251//89 250//89
f 81//90 82//90 250//90 249//90
f 80//91 81//91 249//91 248//91
f 79//92 80//92 248//92 247//92
f 78//93 79//93 247//93 246//93
f 77//94 78//94 246//94 245//94
f 76//95 77//95 245//95 244//95
f 75//96 76//96 244//96 243//96
f 74//97 75//97 243//97 242//97
f 73//98 74//98 242//98 241//98
f 72//99 73//99 241//99 240//99
f 71//100 72//100 240//100 239//100
f 70//101 71//101 239//101 238//101
f 69//102 70//102 238//102 237//102
f 68//103 69//103 237//103 236//103
f 67//104 68//104 236//104 235//104
f 66//105 67//105 235//105 234//105
f 65//106 66//106 234//106 233//106
f 64//107 65//107 233//107 232//107
f 63//108 64//108 232//108 231//108
f 62//109 63//109 231//109 230//109
f 61//110 62//110 230//110 229//110
f 60//111 61//111 229//111 228//111
f 59//112 60//112 228//112 227//112
f 58//113 59//113 227//113 226//113
f 57//114 58//114 226//114 225//114
f 56//115 57//115 225//115 224//115
f 55//116 56//116 224//116 223//116
f 54//117 55//117 223//117 222//117
f 53//118 54//118 222//118 221//118
f 52//119 53//119 221//119 220//119
f 51//120 52//120 220//120 219//120
f 50//121 51//121 219//121 218//121
f 49//122 50//122 218//122 217//122
f 48//123 49//123 217//123 216//123
f 47//124 48//124 216//124 215//124
f 46//125 47//125 215//125 214//125
f 45//126 46//126 214//126 213//126
f 44//127 45//127 213//127 212//127
f 43//128 44//128 212//128 211//128
f 42//129 43//129 211//129 210//129
f 41//130 42//130 210//130 209//130
f 40//131 41//131 209//131 208//131
f 39//132 40//132 208//132 207//132
f 38//133 39//133 207//133 206//133
f 37//134 38//134 206//134 205//134
f 36//135 37//135 205//135 204//135
f 35//136 36//136 204//136 203//136
f 34//137 35//137 203//137 202//137
f 33//138 34//138 202//138 201//138
f 32//139 33//139 201//139 200//139
f 31//140 32//140 200//140 199//140
f 30//141 31//141 199//141 198//141
f 29//142 30//142 198//142 197//142
f 28//143 29//143 197//143 196//143
f 27//144 28//144 196//144 195//144
f 26//145 27//145 195//145 194//145
f 25//146 26//146 194//146 193//146
f 24//147 25//147 193//147 192//147
f 23//148 24//148 192//148 191//148
f 22//149 23//149 191//149 190//149
f 21//150 22//150 190//150 189//150
f 20//151 21//151 189//151 188//151
f 19//152 20//152 188//152 187//152
f 18//153 19//153 187//153 186//153
f 17//154 18//154 186//154 185//154
f 16//155 17//155 185//155 184//155
f 15//156 16//156 184//156 183//156
f 14//157 15//157 183//157 182//157
f 13//158 14//158 182//158 181//158
f 12//159 13//159 181//159 180//159
f 11//160 12//160 180//160 179//160
f 10//161 11//161 179//161 178//161
f 9//162 10//162 178//162 177//162
f 8//163 9//163 177//163 176//163
f 7//164 8//164 176//164 175//164
f 6//165 7//165 175//165 174//165
f 5//166 6//166 174//166 173//166
f 4//167 5//167 173//167 172//167
f 3//168 4//168 172//168 171//168
f 2//169 3//169 171//169 170//169
f 1//170 2//170 170//170 169//170
f 253//171 336//171 335//171 334//171 333//171 332//171 331//171 330//171 329//171 328//171 327//171 326//171 325//171 324//171 323//171 322//171 321//171 320//171 319//171 318//171 317//171 316//171 315//171 314//171 313//171 312//171 311//171 310//171 309//171 308//171 307//171 306//171 305//171 304//171 303//171 302//171 301//171 300//171 299//171 298//171 297//171 296//171 295//171 294//171 293//171 292//171 291//171 290//171 289//171 288//171 287//171 286//171 285//171 284//171 283//171 282//171 281//171 280//171 279//171 278//171 277//171 276//171 275//171 274//171 273//171 272//171 271//171 270//171 269//171 268//171 267//171 266//171 265//171 264//171 263//171 262//171 261//171 260//171 259//171 258//171 257//171 256//171 255//171 254//171
f 28//172 27//172 279//172 280//172
f 2//173 1//173 253//173 254//173
f 81//174 80//174 332//174 333//174
f 55//175 54//175 306//175 307//175
f 29//176 28//176 280//176 281//176
f 3//177 2//177 254//177 255//177
f 82//178 81//178 333//178 334//178
f 56//179 55//179 307//179 308//179
f 30//180 29//180 281//180 282//180
f 4//181 3//181 255//181 256//181
f 83//182 82//182 334//182 335//182
f 57//183 56//183 308//183 309//183
f 31//184 30//184 282//184 283//184
f 5//185 4//185 256//185 257//185
f 84//186 83//186 335//186 336//186
f 58//187 57//187 309//187 310//187
f 32//188 31//188 283//188 284//188
f 6//189 5//189 257//189 258//189
f 1//190 84//190 336//190 253//190
f 59//191 58//191 310//191 311//191
f 33//192 32//192 284//192 285//192
f 7//193 6//193 258//193 259//193
f 60//194 59//194 311//194 312//194
f 34//195 33//195 285//195 286//195
f 8//196 7//196 259//196 260//196
f 61//197 60//197 312//197 313//197
f 35//198 34//198 286//198 287//198
f 9//199 8//199 260//199 261//199
f 62//200 61//200 313//200 314//200
f 36//201 35//201 287//201 288//201
f 10//202 9//202 261//202 262//202
f 63//203 62//203 314//203 315//203
f 37//204 36//204 288//204 289//204
f 11//205 10//205 262//205 263//205
f 64//206 63//206 315//206 316//206
f 38//207 37//207 289//207 290//207
f 12//208 11//208 263//208 264//208
f 65//209 64//209 316//209 317//209
f 39//210 38//210 290//210 291//210
f 13//211 12//211 264//211 265//211
f 66//212 65//212 317//212 318//212
f 40//213 39//213 291//213 292//213
f 14//214 13//214 265//214 266//214
f 67//215 66//215 318//215 319//215
f 41//216 40//216 292//216 293//216
f 15//217 14//217 266//217 267//217
f 68//218 67//218 319//218 320//218
f 42//219 41//219 293//219 294//219
f 16//220 15//220 267//220 268//220
f 69//221 68//221 320//221 321//221
f 43//222 42//222 294//222 295//222
f 17//223 16//223 268//223 269//223
f 70//224 69//224 321//224 322//224
f 44//225 43//225 295//225 296//225
f 18//226 17//226 269//226 270//226
f 71//227 70//227 322//227 323//227
f 45//228 44//228 296//228 297//228
f 19//229 18//229 270//229 271//229
f 72//230 71//230 323//230 324//230
f 46//231 45//231 297//231 298//231
f 20//232 19//232 271//232 272//232
f 73//233 72//233 324//233 325//233
f 47//234 46//234 298//234 299//234
f 21//235 20//235 272//235 273//235
f 74//236 73//236 325//236 326//236
f 48//237 47//237 299//237 300//237
f 22//238 21//238 273//238 274//238
f 75//239 74//239 326//239 327//239
f 49//240 48//240 300//240 301//240
f 23//241 22//241 274//241 275//241
f 76//242 75//242 327//242 328//242
f 50//243 49//243 301//243 302//243
f 24//244 23//244 275//244 276//244
f 77//245 76//245 328//245 329//245
f 51//246 50//246 302//246 303//246
f 25//247 24//247 276//247 277//247
f 78//248 77//248 329//248 330//248
f 52//249 51//249 303//249 304//249
f 26//250 25//250 277//250 278//250
f 79//251 78//251 330//251 331//251
f 53//252 52//252 304//252 305//252
f 27//253 26//253 278//253 279//253
f 80//254 79//254 331//254 332//254
o curve-noimp
v 2.331943 0.000000 0.659037
v 2.261171 0.000000 0.546154
v 2.184690 0.000000 0.446421
v 2.107216 0.000000 0.358909
v 2.033465 0.000000 0.282693
v 1.968154 0.000000 0.216846
v 1.915999 0.000000 0.160440
v 1.881716 0.000000 0.112549
v 1.870021 0.000000 0.072247
v 1.885631 0.000000 0.038606
v 1.933263 0.000000 0.010699
v 2.017632 0.000000 -0.012399
v 2.143454 0.000000 -0.031616
v 2.240634 0.000000 -0.047975
v 2.332010 0.000000 -0.073064
v 2.417849 0.000000 -0.106582
v 2.498417 0.000000 -0.148226
v 2.573984 0.000000 -0.197694
v 2.644814 0.000000 -0.254685
v 2.711176 0.000000 -0.318896
v 2.773337 0.000000 -0.390026
v 2.831563 0.000000 -0.467772
v 2.886123 0.000000 -0.551832
v 2.937282 0.000000 -0.641904
v 2.985308 0.000000 -0.737687
v 3.025789 0.000000 -0.804028
v 3.062567 0.000000 -0.823985
v 3.098896 0.000000 -0.804696
v 3.138029 0.000000 -0.753296
v 3.183219 0.000000 -0.676923
v 3.237721 0.000000 -0.582711
v 3.304789 0.000000 -0.477798
v 3.387676 0.000000 -0.369320
v 3.489636 0.000000 -0.264412
v 3.613924 0.000000 -0.170212
v 3.763792 0.000000 -0.093856
v 3.942495 0.000000 -0.042479
v 4.024312 0.000000 -0.026960
v 4.092388 0.000000 -0.012110
v 4.145598 0.000000 0.004316
v 4.182814 0.000000 0.024564
v 4.202907 0.000000 0.050877
v 4.204750 0.000000 0.085502
v 4.187216 0.000000 0.130683
v 4.149178 0.000000 0.188664
v 4.089506 0.000000 0.261692
v 4.007075 0.000000 0.352009
v 3.900757 0.000000 0.461863
v 3.769423 0.000000 0.593496
v 3.734980 0.000000 0.653710
v 3.723961 0.000000 0.734920
v 3.730695 0.000000 0.831170
v 3.749512 0.000000 0.936504
v 3.774743 0.000000 1.044964
v 3.800717 0.000000 1.150595
v 3.821763 0.000000 1.247440
v 3.832212 0.000000 1.329541
v 3.826394 0.000000 1.390944
v 3.798639 0.000000 1.425690
v 3.743276 0.000000 1.427824
v 3.654635 0.000000 1.391388
v 3.521632 0.000000 1.314216
v 3.414369 0.000000 1.242964
v 3.327617 0.000000 1.179575
v 3.256145 0.000000 1.125989
v 3.194724 0.000000 1.084151
v 3.138122 0.000000 1.056002
v 3.081109 0.000000 1.043484
v 3.018456 0.000000 1.048539
v 2.944931 0.000000 1.073111
v 2.855306 0.000000 1.119141
v 2.744348 0.000000 1.188572
v 2.606830 0.000000 1.283346
v 2.456153 0.000000 1.380052
v 2.351130 0.000000 1.425870
v 2.285035 0.000000 1.427953
v 2.251140 0.000000 1.393456
v 2.242718 0.000000 1.329532
v 2.253042 0.000000 1.243335
v 2.275386 0.000000 1.142019
v 2.303021 0.000000 1.032737
v 2.329222 0.000000 0.922645
v 2.347260 0.000000 0.818895
v 2.350410 0.000000 0.728640
l 337 338
l 338 339
l 339 340
l 340 341
l 341 342
l 342 343
l 343 344
l 344 345
l 345 346
l 346 347
l 347 348
l 348 349
l 349 350
l 350 351
l 351 352
l 352 353
l 353 354
l 354 355
l 355 356
l 356 357
l 357 358
l 358 359
l 359 360
l 360 361
l 361 362
l 362 363
l 363 364
l 364 365
l 365 366
l 366 367
l 367 368
l 368 369
l 369 370
l 370 371
l 371 372
l 372 373
l 373 374
l 374 375
l 375 376
l 376 377
l 377 378
l 378 379
l 379 380
l 380 381
l 381 382
l 382 383
l 383 384
l 384 385
l 385 386
l 386 387
l 387 388
l 388 389
l 389 390
l 390 391
l 391 392
l 392 393
l 393 394
l 394 395
l 395 396
l 396 397
l 397 398
l 398 399
l 399 400
l 400 401
l 401 402
l 402 403
l 403 404
l 404 405
l 405 406
l 406 407
l 407 408
l 408 409
l 409 410
l 410 411
l 411 412
l 412 413
l 413 414
l 414 415
l 415 416
l 416 417
l 417 418
l 418 419
l 419 420
l 420 337
o Cylinder
v -0.015501 0.056337 -0.499028
v -0.015501 8.056337 -0.499028
v 0.082044 0.056337 -0.489421
v 0.082044 8.056337 -0.489421
v 0.175840 0.056337 -0.460968
v 0.175840 8.056337 -0.460968
v 0.262284 0.056337 -0.414763
v 0.262284 8.056337 -0.414763
v 0.338052 0.056337 -0.352582
v 0.338052 8.056337 -0.352582
v 0.400234 0.056337 -0.276814
v 0.400234 8.056337 -0.276814
v 0.446438 0.056337 -0.190370
v 0.446438 8.056337 -0.190370
v 0.474891 0.056337 -0.096574
v 0.474891 8.056337 -0.096574
v 0.484499 0.056337 0.000972
v 0.484499 8.056337 0.000972
v 0.474891 0.056337 0.098517
v 0.474891 8.056337 0.098517
v 0.446438 0.056337 0.192313
v 0.446438 8.056337 0.192313
v 0.400234 0.056337 0.278757
v 0.400234 8.056337 0.278757
v 0.338052 0.056337 0.354525
v 0.338052 8.056337 0.354525
v 0.262284 0.056337 0.416706
v 0.262284 8.056337 0.416706
v 0.175840 0.056337 0.462911
v 0.175840 8.056337 0.462911
v 0.082044 0.056337 0.491364
v 0.082044 8.056337 0.491364
v -0.015501 0.056337 0.500972
v -0.015501 8.056337 0.500972
v -0.113046 0.056337 0.491364
v -0.113046 8.056337 0.491364
v -0.206843 0.056337 0.462911
v -0.206843 8.056337 0.462911
v -0.293286 0.056337 0.416706
v -0.293286 8.056337 0.416706
v -0.369055 0.056337 0.354525
v -0.369055 8.056337 0.354525
v -0.431236 0.056337 0.278757
v -0.431236 8.056337 0.278757
v -0.477441 0.056337 0.192313
v -0.477441 8.056337 0.192313
v -0.505894 0.056337 0.098517
v -0.505894 8.056337 0.098517
v -0.515501 0.056337 0.000972
v -0.515501 8.056337 0.000972
v -0.505894 0.056337 -0.096574
v -0.505894 8.056337 -0.096574
v -0.477441 0.056337 -0.190370
v -0.477441 8.056337 -0.190370
v -0.431236 0.056337 -0.276814
v -0.431236 8.056337 -0.276814
v -0.369055 0.056337 -0.352582
v -0.369055 8.056337 -0.352582
v -0.293286 0.056337 -0.414763
v -0.293286 8.056337 -0.414763
v -0.206843 0.056337 -0.460968
v -0.206843 8.056337 -0.460968
v -0.113046 0.056337 -0.489421
v -0.113046 8.056337 -0.489421
vn 0.0980 -0.0000 -0.9952
vn 0.2903 -0.0000 -0.9569
vn 0.4714 -0.0000 -0.8819
vn 0.6344 -0.0000 -0.7730
vn 0.7730 -0.0000 -0.6344
vn 0.8819 -0.0000 -0.4714
vn 0.9569 -0.0000 -0.2903
vn 0.9952 -0.0000 -0.0980
vn 0.9952 -0.0000 0.0980
vn 0.9569 -0.0000 0.2903
vn 0.8819 -0.0000 0.4714
vn 0.7730 -0.0000 0.6344
vn 0.6344 -0.0000 0.7730
vn 0.4714 -0.0000 0.8819
vn 0.2903 -0.0000 0.9569
vn 0.0980 -0.0000 0.9952
vn -0.0980 -0.0000 0.9952
vn -0.2903 -0.0000 0.9569
vn -0.4714 -0.0000 0.8819
vn -0.6344 -0.0000 0.7730
vn -0.7730 -0.0000 0.6344
vn -0.8819 -0.0000 0.4714
vn -0.9569 -0.0000 0.2903
vn -0.9952 -0.0000 0.0980
vn -0.9952 -0.0000 -0.0980
vn -0.9569 -0.0000 -0.2903
vn -0.8819 -0.0000 -0.4714
vn -0.7730 -0.0000 -0.6344
vn -0.6344 -0.0000 -0.7730
vn -0.4714 -0.0000 -0.8819
vn -0.0000 1.0000 -0.0000
vn -0.2903 -0.0000 -0.9569
vn -0.0980 -0.0000 -0.9952
vn -0.0000 -1.0000 -0.0000
vt 1.000000 0.500000
vt 1.000000 1.000000
vt 0.968750 1.000000
vt 0.968750 0.500000
vt 0.937500 1.000000
vt 0.937500 0.500000
vt 0.906250 1.000000
vt 0.906250 0.500000
vt 0.875000 1.000000
vt 0.875000 0.500000
vt 0.843750 1.000000
vt 0.843750 0.500000
vt 0.812500 1.000000
vt 0.812500 0.500000
vt 0.781250 1.000000
vt 0.781250 0.500000
vt 0.750000 1.000000
vt 0.750000 0.500000
vt 0.718750 1.000000
vt 0.718750 0.500000
vt 0.687500 1.000000
vt 0.687500 0.500000
vt 0.656250 1.000000
vt 0.656250 0.500000
vt 0.625000 1.000000
vt 0.625000 0.500000
vt 0.593750 1.000000
vt 0.593750 0.500000
vt 0.562500 1.000000
vt 0.562500 0.500000
vt 0.531250 1.000000
vt 0.531250 0.500000
vt 0.500000 1.000000
vt 0.500000 0.500000
vt 0.468750 1.000000
vt 0.468750 0.500000
vt 0.437500 1.000000
vt 0.437500 0.500000
vt 0.406250 1.000000
vt 0.406250 0.500000
vt 0.375000 1.000000
vt 0.375000 0.500000
vt 0.343750 1.000000
vt 0.343750 0.500000
vt 0.312500 1.000000
vt 0.312500 0.500000
vt 0.281250 1.000000
vt 0.281250 0.500000
vt 0.250000 1.000000
vt 0.250000 0.500000
vt 0.218750 1.000000
vt 0.218750 0.500000
vt 0.187500 1.000000
vt 0.187500 0.500000
vt 0.156250 1.000000
vt 0.156250 0.500000
vt 0.125000 1.000000
vt 0.125000 0.500000
vt 0.093750 1.000000
vt 0.093750 0.500000
vt 0.062500 1.000000
vt 0.062500 0.500000
vt 0.296822 0.485388
vt 0.250000 0.490000
vt 0.203178 0.485388
vt 0.158156 0.471731
vt 0.116663 0.449553
vt 0.080294 0.419706
vt 0.050447 0.383337
vt 0.028269 0.341844
vt 0.014612 0.296822
vt 0.010000 0.250000
vt 0.014612 0.203178
vt 0.028269 0.158156
vt 0.050447 0.116663
vt 0.080294 0.080294
vt 0.116663 0.050447
vt 0.158156 0.028269
vt 0.203178 0.014612
vt 0.250000 0.010000
vt 0.296822 0.014612
vt 0.341844 0.028269
vt 0.383337 0.050447
vt 0.419706 0.080294
vt 0.449553 0.116663
vt 0.471731 0.158156
vt 0.485388 0.203178
vt 0.490000 0.250000
vt 0.485388 0.296822
vt 0.471731 0.341844
vt 0.449553 0.383337
vt 0.419706 0.419706
vt 0.383337 0.449553
vt 0.341844 0.471731
vt 0.031250 1.000000
vt 0.031250 0.500000
vt 0.000000 1.000000
vt 0.000000 0.500000
vt 0.750000 0.490000
vt 0.796822 0.485388
vt 0.841844 0.471731
vt 0.883337 0.449553
vt 0.919706 0.419706
vt 0.949553 0.383337
vt 0.971731 0.341844
vt 0.985388 0.296822
vt 0.990000 0.250000
vt 0.985388 0.203178
vt 0.971731 0.158156
vt 0.949553 0.116663
vt 0.919706 0.080294
vt 0.883337 0.050447
vt 0.841844 0.028269
vt 0.796822 0.014612
vt 0.750000 0.010000
vt 0.703178 0.014612
vt 0.658156 0.028269
vt 0.616663 0.050447
vt 0.580294 0.080294
vt 0.550447 0.116663
vt 0.528269 0.158156
vt 0.514612 0.203178
vt 0.510000 0.250000
vt 0.514612 0.296822
vt 0.528269 0.341844
vt 0.550447 0.383337
vt 0.580294 0.419706
vt 0.616663 0.449553
vt 0.658156 0.471731
vt 0.703178 0.485388
s 0
usemtl Material.006
f 421/1/255 422/2/255 424/3/255 423/4/255
f 423/4/256 424/3/256 426/5/256 425/6/256
f 425/6/257 426/5/257 428/7/257 427/8/257
f 427/8/258 428/7/258 430/9/258 429/10/258
f 429/10/259 430/9/259 432/11/259 431/12/259
f 431/12/260 432/11/260 434/13/260 433/14/260
f 433/14/261 434/13/261 436/15/261 435/16/261
f 435/16/262 436/15/262 438/17/262 437/18/262
f 437/18/263 438/17/263 440/19/263 439/20/263
f 439/20/264 440/19/264 442/21/264 441/22/264
f 441/22/265 442/21/265 444/23/265 443/24/265
f 443/24/266 444/23/266 446/25/266 445/26/266
f 445/26/267 446/25/267 448/27/267 447/28/267
f 447/28/268 448/27/268 450/29/268 449/30/268
f 449/30/269 450/29/269 452/31/269 451/32/269
f 451/32/270 452/31/270 454/33/270 453/34/270
f 453/34/271 454/33/271 456/35/271 455/36/271
f 455/36/272 456/35/272 458/37/272 457/38/272
f 457/38/273 458/37/273 460/39/273 459/40/273
f 459/40/274 460/39/274 462/41/274 461/42/274
f 461/42/275 462/41/275 464/43/275 463/44/275
f 463/44/276 464/43/276 466/45/276 465/46/276
f 465/46/277 466/45/277 468/47/277 467/48/277
f 467/48/278 468/47/278 470/49/278 469/50/278
f 469/50/279 470/49/279 472/51/279 471/52/279
f 471/52/280 472/51/280 474/53/280 473/54/280
f 473/54/281 474/53/281 476/55/281 475/56/281
f 475/56/282 476/55/282 478/57/282 477/58/282
f 477/58/283 478/57/283 480/59/283 479/60/283
f 479/60/284 480/59/284 482/61/284 481/62/284
f 424/63/285 422/64/285 484/65/285 482/66/285 480/67/285 478/68/285 476/69/285 474/70/285 472/71/285 470/72/285 468/73/285 466/74/285 464/75/285 462/76/285 460/77/285 458/78/285 456/79/285 454/80/285 452/81/285 450/82/285 448/83/285 446/84/285 444/85/285 442/86/285 440/87/285 438/88/285 436/89/285 434/90/285 432/91/285 430/92/285 428/93/285 426/94/285
f 481/62/286 482/61/286 484/95/286 483/96/286
f 483/96/287 484/95/287 422/97/287 421/98/287
f 421/99/288 423/100/288 425/101/288 427/102/288 429/103/288 431/104/288 433/105/288 435/106/288 437/107/288 439/108/288 441/109/288 443/110/288 445/111/288 447/112/288 449/113/288 451/114/288 453/115/288 455/116/288 457/117/288 459/118/288 461/119/288 463/120/288 465/121/288 467/122/288 469/123/288 471/124/288 473/125/288 475/126/288 477/127/288 479/128/288 481/129/288 483/130/288
o BézierCurve.001
v 0.510881 -0.134852 0.361096
v 0.501623 -0.105737 0.375328
v 0.491208 -0.080049 0.391035
v 0.480098 -0.057536 0.407144
v 0.468851 -0.037944 0.422583
v 0.458245 -0.021022 0.436280
v 0.449580 -0.006517 0.447161
v 0.443566 0.005824 0.454155
v 0.440809 0.016254 0.456189
v 0.441914 0.025024 0.452192
v 0.447488 0.032388 0.441089
v 0.458136 0.038598 0.421810
v 0.474466 0.043907 0.393282
v 0.487033 0.048401 0.371226
v 0.498564 0.055146 0.350345
v 0.509103 0.064064 0.330583
v 0.518695 0.075077 0.311885
v 0.527385 0.088108 0.294196
v 0.535217 0.103080 0.277459
v 0.542237 0.119913 0.261619
v 0.548489 0.138532 0.246621
v 0.554017 0.158858 0.232410
v 0.558868 0.180812 0.218929
v 0.563084 0.204319 0.206123
v 0.566712 0.229300 0.193937
v 0.570193 0.246620 0.183876
v 0.574544 0.251893 0.175327
v 0.579990 0.246980 0.167455
v 0.586759 0.233741 0.159423
v 0.595077 0.214036 0.150398
v 0.605170 0.189725 0.139544
v 0.617526 0.162669 0.126027
v 0.627622 0.134728 0.109010
v 0.633592 0.107762 0.087659
v 0.636479 0.083633 0.061139
v 0.638489 0.064200 0.028614
v 0.643918 0.051323 -0.010750
v 0.648787 0.047504 -0.028890
v 0.654397 0.043824 -0.043955
v 0.659933 0.039697 -0.055660
v 0.664543 0.034538 -0.063717
v 0.667566 0.027760 -0.067842
v 0.668716 0.018779 -0.067748
v 0.668228 0.007008 -0.063149
v 0.666983 -0.008136 -0.053760
v 0.666493 -0.027241 -0.039293
v 0.668497 -0.050891 -0.019463
v 0.671019 -0.079672 0.006016
v 0.669337 -0.114170 0.037429
v 0.668099 -0.129885 0.046045
v 0.666582 -0.150989 0.049709
v 0.664075 -0.175950 0.049609
v 0.660531 -0.203239 0.046929
v 0.656185 -0.231322 0.042856
v 0.651323 -0.258670 0.038574
v 0.648544 -0.283749 0.035269
v 0.647681 -0.305030 0.034128
v 0.647045 -0.320980 0.036334
v 0.644583 -0.330068 0.043075
v 0.639182 -0.330764 0.055535
v 0.631943 -0.321534 0.074899
v 0.626169 -0.301846 0.103626
v 0.624878 -0.283629 0.126661
v 0.624581 -0.267399 0.145207
v 0.624066 -0.253675 0.160466
v 0.622834 -0.242974 0.173641
v 0.620581 -0.235813 0.185935
v 0.617013 -0.232710 0.198551
v 0.611725 -0.234182 0.212690
v 0.604065 -0.240747 0.229556
v 0.592871 -0.252922 0.250351
v 0.576154 -0.271225 0.276279
v 0.555011 -0.296172 0.308541
v 0.533381 -0.321654 0.343785
v 0.519113 -0.333813 0.368034
v 0.509731 -0.334523 0.382902
v 0.503710 -0.325657 0.390006
v 0.500428 -0.309088 0.390959
v 0.499755 -0.286692 0.387377
v 0.501446 -0.260341 0.380875
v 0.504822 -0.231909 0.373069
v 0.508773 -0.203271 0.365572
v 0.511950 -0.176299 0.360001
v 0.513026 -0.152868 0.357971
v 0.471643 -0.140756 0.337066
v 0.462177 -0.111642 0.351298
v 0.451565 -0.085954 0.367005
v 0.440270 -0.063440 0.383114
v 0.428852 -0.043849 0.398553
v 0.418183 -0.026927 0.412250
v 0.409518 -0.012422 0.423131
v 0.403504 -0.000081 0.430125
v 0.400746 0.010349 0.432159
v 0.401852 0.019120 0.428161
v 0.407426 0.026484 0.417059
v 0.418074 0.032694 0.397780
v 0.434403 0.038002 0.369252
v 0.446971 0.042496 0.347196
v 0.458502 0.049241 0.326315
v 0.469041 0.058159 0.306553
v 0.478633 0.069172 0.287855
v 0.487323 0.082203 0.270165
v 0.495155 0.097175 0.253429
v 0.502175 0.114009 0.237589
v 0.508427 0.132627 0.222591
v 0.513955 0.152953 0.208380
v 0.518805 0.174908 0.194899
v 0.523022 0.198414 0.182093
v 0.526649 0.223395 0.169907
v 0.530131 0.240715 0.159846
v 0.534482 0.245989 0.151297
v 0.539928 0.241075 0.143424
v 0.546697 0.227836 0.135393
v 0.555015 0.208131 0.126368
v 0.565272 0.183820 0.115514
v 0.577957 0.156764 0.101997
v 0.587623 0.128823 0.084980
v 0.592862 0.101858 0.063629
v 0.594569 0.077728 0.037108
v 0.594852 0.058295 0.004584
v 0.598113 0.045418 -0.034781
v 0.602094 0.041599 -0.052920
v 0.607079 0.037919 -0.067985
v 0.612239 0.033792 -0.079690
v 0.616648 0.028633 -0.087747
v 0.619558 0.021855 -0.091872
v 0.620655 0.012874 -0.091778
v 0.620283 0.001104 -0.087180
v 0.619495 -0.014041 -0.077790
v 0.619933 -0.033146 -0.063323
v 0.623351 -0.056796 -0.043493
v 0.629091 -0.085577 -0.018015
v 0.629609 -0.120074 0.013399
v 0.628690 -0.135789 0.022015
v 0.627301 -0.156893 0.025679
v 0.624651 -0.181855 0.025579
v 0.620749 -0.209144 0.022899
v 0.616074 -0.237227 0.018826
v 0.611260 -0.264574 0.014544
v 0.608482 -0.289654 0.011239
v 0.607619 -0.310935 0.010097
v 0.606983 -0.326885 0.012304
v 0.604521 -0.335973 0.019045
v 0.599119 -0.336668 0.031504
v 0.591880 -0.327439 0.050869
v 0.586106 -0.307751 0.079596
v 0.584863 -0.289533 0.102631
v 0.584847 -0.273304 0.121177
v 0.584477 -0.259580 0.136436
v 0.583315 -0.248879 0.149611
v 0.581108 -0.241718 0.161905
v 0.577587 -0.238615 0.174521
v 0.572362 -0.240087 0.188660
v 0.564787 -0.246652 0.205526
v 0.553714 -0.258827 0.226321
v 0.537214 -0.277129 0.252249
v 0.516362 -0.302077 0.284511
v 0.494999 -0.327559 0.319755
v 0.480851 -0.339718 0.344004
v 0.471523 -0.340428 0.358872
v 0.465553 -0.331561 0.365976
v 0.462307 -0.314993 0.366929
v 0.461574 -0.292597 0.363347
v 0.463113 -0.266246 0.356845
v 0.466292 -0.237814 0.349039
v 0.470033 -0.209176 0.341542
v 0.473010 -0.182204 0.335971
v 0.473914 -0.158773 0.333941
v 0.487460 -0.140116 0.354977
v 0.477945 -0.109944 0.369727
v 0.467182 -0.083323 0.386004
v 0.455622 -0.059992 0.402698
v 0.443833 -0.039688 0.418698
v 0.432770 -0.022152 0.432892
v 0.423791 -0.007119 0.444169
v 0.417558 0.005670 0.451417
v 0.414701 0.016478 0.453525
v 0.415846 0.025568 0.449382
v 0.421622 0.033199 0.437876
v 0.432658 0.039635 0.417897
v 0.449580 0.045136 0.388333
v 0.462604 0.049793 0.365475
v 0.474554 0.056783 0.343836
v 0.485476 0.066025 0.323356
v 0.495416 0.077438 0.303979
v 0.504422 0.090943 0.285647
v 0.512539 0.106458 0.268302
v 0.519813 0.123904 0.251887
v 0.526292 0.143198 0.236344
v 0.532022 0.164262 0.221617
v 0.537048 0.187015 0.207646
v 0.541418 0.211375 0.194375
v 0.545177 0.237263 0.181746
v 0.548785 0.255213 0.171320
v 0.553294 0.260678 0.162460
v 0.558938 0.255586 0.154302
v 0.565953 0.241866 0.145979
v 0.574573 0.221445 0.136626
v 0.585042 0.196251 0.125378
v 0.598060 0.168212 0.111369
v 0.608353 0.139256 0.093734
v 0.613804 0.111311 0.071607
v 0.615642 0.086305 0.044124
v 0.616514 0.066166 0.010417
v 0.621628 0.052821 -0.030377
v 0.626951 0.048864 -0.049175
v 0.633260 0.045050 -0.064788
v 0.639548 0.040773 -0.076917
v 0.644750 0.035426 -0.085268
v 0.648044 0.028402 -0.089542
v 0.649067 0.019095 -0.089445
v 0.648089 0.006897 -0.084679
v 0.646175 -0.008798 -0.074948
v 0.645172 -0.028596 -0.059956
v 0.647163 -0.053106 -0.039406
v 0.651011 -0.082932 -0.013002
v 0.649872 -0.118683 0.019553
v 0.648609 -0.134968 0.028481
v 0.646994 -0.156839 0.032279
v 0.644268 -0.182708 0.032175
v 0.640475 -0.210987 0.029398
v 0.635997 -0.240091 0.025177
v 0.631426 -0.268432 0.020739
v 0.629400 -0.294422 0.017315
v 0.629486 -0.316476 0.016131
v 0.629612 -0.333006 0.018418
v 0.627304 -0.342424 0.025404
v 0.621172 -0.343145 0.038316
v 0.612479 -0.333580 0.058384
v 0.605222 -0.313177 0.088155
v 0.603483 -0.294297 0.112026
v 0.603287 -0.277478 0.131246
v 0.602952 -0.263256 0.147059
v 0.601917 -0.252166 0.160713
v 0.599845 -0.244745 0.173454
v 0.596424 -0.241529 0.186527
v 0.591235 -0.243055 0.201180
v 0.583600 -0.249858 0.218659
v 0.572287 -0.262475 0.240210
v 0.555160 -0.281443 0.267079
v 0.533567 -0.307296 0.300513
v 0.511759 -0.333704 0.337037
v 0.497468 -0.346305 0.362167
v 0.487985 -0.347040 0.377576
v 0.481739 -0.337852 0.384937
v 0.478116 -0.320682 0.385925
v 0.477018 -0.297472 0.382213
v 0.478344 -0.270164 0.375475
v 0.481504 -0.240699 0.367385
v 0.485383 -0.211021 0.359616
v 0.488571 -0.183069 0.353843
v 0.489660 -0.158787 0.351739
v 0.538368 -0.123049 0.342079
v 0.530035 -0.098567 0.354046
v 0.520880 -0.076967 0.367254
v 0.511383 -0.058037 0.380799
v 0.502050 -0.041563 0.393781
v 0.493425 -0.027334 0.405298
v 0.486168 -0.015137 0.414447
v 0.481111 -0.004760 0.420328
v 0.478792 0.004010 0.422039
v 0.479722 0.011384 0.418677
v 0.484408 0.017577 0.409342
v 0.493362 0.022798 0.393131
v 0.507093 0.027262 0.369143
v 0.517660 0.031041 0.350597
v 0.527356 0.036712 0.333039
v 0.536218 0.044211 0.316422
v 0.544284 0.053472 0.300699
v 0.551591 0.064429 0.285825
v 0.558177 0.077018 0.271752
v 0.564079 0.091173 0.258433
v 0.569336 0.106828 0.245822
v 0.573985 0.123919 0.233872
v 0.578063 0.142380 0.222537
v 0.581609 0.162146 0.211769
v 0.584659 0.183151 0.201522
v 0.587587 0.197715 0.193062
v 0.591245 0.202149 0.185874
v 0.595824 0.198018 0.179254
v 0.601516 0.186885 0.172501
v 0.608510 0.170316 0.164912
v 0.617064 0.149874 0.155785
v 0.627139 0.127124 0.144419
v 0.635619 0.103630 0.130110
v 0.641980 0.080955 0.112157
v 0.646438 0.060666 0.089857
v 0.649670 0.044325 0.062508
v 0.653293 0.033498 0.029409
v 0.655669 0.030287 0.014156
v 0.658359 0.027193 0.001488
v 0.661113 0.023722 -0.008354
v 0.663610 0.019384 -0.015129
v 0.665595 0.013685 -0.018597
v 0.666989 0.006133 -0.018518
v 0.667986 -0.003764 -0.014651
v 0.669090 -0.016499 -0.006756
v 0.671038 -0.032563 0.005408
v 0.674478 -0.052450 0.022082
v 0.677223 -0.076650 0.043507
v 0.676777 -0.105658 0.069921
v 0.676037 -0.118872 0.077165
v 0.675054 -0.136617 0.080247
v 0.673181 -0.157607 0.080162
v 0.670193 -0.180553 0.077909
v 0.666204 -0.204167 0.074484
v 0.661392 -0.227162 0.070884
v 0.656750 -0.248250 0.068105
v 0.653279 -0.266144 0.067145
v 0.650526 -0.279556 0.069000
v 0.647806 -0.287198 0.074668
v 0.644783 -0.287783 0.085145
v 0.642013 -0.280022 0.101428
v 0.640523 -0.263467 0.125583
v 0.640294 -0.248149 0.144952
v 0.639843 -0.234502 0.160547
v 0.638778 -0.222962 0.173377
v 0.636937 -0.213964 0.184456
v 0.634195 -0.207943 0.194793
v 0.630357 -0.205334 0.205401
v 0.625096 -0.206572 0.217290
v 0.617874 -0.212092 0.231472
v 0.607812 -0.222329 0.248958
v 0.593542 -0.237719 0.270760
v 0.575272 -0.258696 0.297887
v 0.555669 -0.280123 0.327523
v 0.542309 -0.290347 0.347913
v 0.533733 -0.290944 0.360415
v 0.528824 -0.283488 0.366388
v 0.526895 -0.269557 0.367189
v 0.527441 -0.250725 0.364178
v 0.529877 -0.228567 0.358710
v 0.533407 -0.204660 0.352146
v 0.537040 -0.180579 0.345843
v 0.539712 -0.157900 0.341159
v 0.540431 -0.138198 0.339451
vn 0.9707 -0.1269 -0.2041
vn -0.9047 -0.0781 -0.4189
vn -0.6408 -0.4929 0.5886
vn -0.5881 -0.5831 0.5606
vn -0.5385 -0.6512 0.5348
vn -0.4997 -0.6965 0.5149
vn -0.4828 -0.7144 0.5065
vn -0.5060 -0.6903 0.5172
vn -0.5864 -0.5964 0.5481
vn -0.7520 -0.3121 0.5806
vn -0.8339 0.3125 0.4550
vn -0.6288 0.7552 0.1852
vn -0.4628 0.8860 0.0298
vn -0.3785 0.9245 -0.0446
vn -0.3894 0.9204 -0.0344
vn -0.4563 0.8892 0.0353
vn -0.5167 0.8494 0.1077
vn -0.5688 0.8023 0.1808
vn -0.6115 0.7500 0.2521
vn -0.6445 0.6946 0.3197
vn -0.6681 0.6384 0.3824
vn -0.6833 0.5833 0.4393
vn -0.6914 0.5308 0.4902
vn -0.6938 0.4819 0.5352
vn -0.6918 0.4372 0.5748
vn -0.6864 0.3969 0.6093
vn -0.6963 0.4600 0.5509
vn -0.6558 0.7445 0.1255
vn -0.2190 0.7525 -0.6211
vn 0.0658 0.5419 -0.8379
vn 0.1446 0.4618 -0.8751
vn 0.1511 0.4551 -0.8776
vn 0.1236 0.4891 -0.8634
vn 0.0829 0.5394 -0.8379
vn 0.0169 0.6227 -0.7823
vn -0.0750 0.7351 -0.6738
vn -0.1724 0.8443 -0.5075
vn -0.2362 0.9160 -0.3243
vn -0.2404 0.9359 -0.2576
vn -0.2194 0.9261 -0.3070
vn -0.1904 0.8936 -0.4065
vn -0.1413 0.7940 -0.5912
vn -0.0456 0.5043 -0.8623
vn 0.0819 -0.0009 -0.9966
vn 0.1573 -0.3671 -0.9168
vn 0.1883 -0.5294 -0.8272
vn 0.2049 -0.5928 -0.7789
vn 0.2183 -0.6125 -0.7597
vn 0.2348 -0.6225 -0.7466
vn 0.2516 -0.6528 -0.7145
vn 0.2873 -0.4754 -0.8315
vn 0.3116 -0.1837 -0.9323
vn 0.3176 -0.0298 -0.9478
vn 0.3184 0.0489 -0.9467
vn 0.3164 0.0864 -0.9447
vn 0.3119 0.0955 -0.9453
vn 0.3034 0.0964 -0.9480
vn 0.2824 0.0463 -0.9582
vn 0.2273 -0.1369 -0.9641
vn 0.0515 -0.6034 -0.7957
vn -0.2303 -0.9602 -0.1583
vn -0.3576 -0.8909 0.2801
vn -0.4129 -0.7916 0.4505
vn -0.4484 -0.7147 0.5368
vn -0.4661 -0.6671 0.5812
vn -0.4686 -0.6621 0.5848
vn -0.4502 -0.7108 0.5405
vn -0.3897 -0.8232 0.4129
vn -0.2545 -0.9528 0.1656
vn -0.0707 -0.9892 -0.1286
vn 0.0730 -0.9399 -0.3335
vn 0.1537 -0.8860 -0.4375
vn 0.1921 -0.8552 -0.4814
vn 0.2170 -0.8351 -0.5056
vn 0.1993 -0.8471 -0.4926
vn 0.0852 -0.9095 -0.4069
vn -0.1973 -0.9657 -0.1687
vn -0.6447 -0.6936 0.3212
vn -0.7794 -0.1930 0.5961
vn -0.7591 0.0730 0.6469
vn -0.7351 0.1992 0.6481
vn -0.7228 0.2554 0.6421
vn -0.7223 0.2619 0.6401
vn -0.7323 0.2156 0.6460
vn -0.7476 0.0883 0.6583
vn -0.7320 -0.2021 0.6506
vn -0.2076 -0.1910 0.9594
vn -0.2792 0.0955 0.9555
vn -0.3096 0.2266 0.9235
vn -0.3243 0.2801 0.9035
vn -0.3290 0.2844 0.9005
vn -0.3205 0.2439 0.9153
vn -0.2845 0.1406 0.9483
vn -0.1742 -0.0921 0.9804
vn 0.1266 -0.5664 0.8143
vn 0.4399 -0.8674 0.2327
vn 0.5169 -0.8468 -0.1256
vn 0.5259 -0.8079 -0.2658
vn 0.5204 -0.8053 -0.2842
vn 0.5092 -0.8223 -0.2540
vn 0.4969 -0.8378 -0.2264
vn 0.4600 -0.8773 -0.1366
vn 0.3757 -0.9259 0.0403
vn 0.2271 -0.9296 0.2904
vn 0.0619 -0.8578 0.5103
vn -0.0460 -0.7773 0.6274
vn -0.0852 -0.7420 0.6650
vn -0.0746 -0.7509 0.6562
vn -0.0321 -0.7850 0.6187
vn 0.0251 -0.8220 0.5690
vn 0.1421 -0.8700 0.4721
vn 0.4567 -0.8754 0.1587
vn 0.7661 -0.4984 -0.4058
vn 0.7391 -0.1037 -0.6655
vn 0.6851 0.0268 -0.7280
vn 0.6651 0.0357 -0.7459
vn 0.6618 0.0053 -0.7497
vn 0.6566 0.0081 -0.7542
vn 0.6622 -0.0139 -0.7492
vn 0.6731 -0.0663 -0.7366
vn 0.6835 -0.1730 -0.7092
vn 0.6693 -0.3967 -0.6282
vn 0.6302 -0.5364 -0.5613
vn 0.6373 -0.4708 -0.6101
vn 0.6296 -0.4678 -0.6203
vn 0.6279 -0.4850 -0.6087
vn 0.6496 -0.4476 -0.6146
vn 0.7021 -0.2960 -0.6476
vn 0.7408 0.0810 -0.6668
vn 0.6038 0.5975 -0.5277
vn 0.3860 0.8643 -0.3226
vn 0.2593 0.9440 -0.2042
vn 0.2070 0.9659 -0.1555
vn 0.1978 0.9688 -0.1493
vn 0.2955 0.9188 -0.2617
vn 0.4491 0.7755 -0.4438
vn 0.5389 0.6460 -0.5406
vn 0.5806 0.5762 -0.5752
vn 0.5920 0.5632 -0.5765
vn 0.5920 0.5615 -0.5781
vn 0.5978 0.5205 -0.6097
vn 0.5966 0.5285 -0.6040
vn 0.5825 0.6181 -0.5279
vn 0.4768 0.8551 -0.2037
vn 0.0258 0.8449 0.5343
vn -0.2648 0.5236 0.8098
vn -0.3065 0.4529 0.8372
vn -0.2827 0.4975 0.8201
vn -0.2570 0.5463 0.7972
vn -0.2294 0.5989 0.7673
vn -0.2000 0.6545 0.7291
vn -0.1692 0.7119 0.6816
vn -0.1373 0.7693 0.6239
vn -0.1051 0.8246 0.5558
vn -0.0735 0.8753 0.4779
vn -0.0435 0.9191 0.3916
vn -0.0161 0.9540 0.2993
vn 0.0078 0.9790 0.2039
vn 0.0109 0.9819 0.1890
vn -0.0077 0.9530 0.3027
vn -0.0405 0.8419 0.5381
vn -0.0884 0.4223 0.9021
vn -0.1010 -0.2161 0.9711
vn -0.0862 -0.5227 0.8482
vn -0.0753 -0.6268 0.7755
vn -0.0712 -0.6542 0.7530
vn -0.0737 -0.6432 0.7622
vn -0.0828 -0.6067 0.7906
vn -0.0992 -0.5480 0.8306
vn -0.1239 -0.4672 0.8754
vn 0.8992 0.0789 0.4304
vn 0.8566 0.3649 0.3648
vn 0.6141 -0.1747 0.7696
vn 0.4719 0.1750 0.8641
vn 0.9741 -0.1627 -0.1568
vn 0.9163 0.3453 0.2031
vn 0.6223 -0.2045 0.7556
vn 0.4794 0.1570 0.8634
vn 0.9814 -0.1405 -0.1308
vn 0.9335 0.3319 0.1357
vn 0.6246 -0.2246 0.7480
vn 0.5032 0.1176 0.8561
vn 0.9905 -0.1048 -0.0892
vn 0.9345 0.3312 0.1304
vn 0.6235 -0.2324 0.7465
vn 0.5392 0.0504 0.8407
vn 0.9934 -0.1143 0.0025
vn 0.9275 0.3379 0.1597
vn 0.6233 -0.2221 0.7498
vn 0.5847 -0.0661 0.8085
vn 0.9704 -0.1904 0.1485
vn 0.9518 0.2970 0.0768
vn 0.6293 -0.1901 0.7536
vn 0.8966 -0.3144 0.3118
vn 0.9662 0.2568 -0.0211
vn 0.6476 -0.1115 0.7537
vn 0.7935 -0.4320 0.4287
vn 0.9619 0.2582 -0.0902
vn 0.6743 0.0344 0.7377
vn 0.7461 -0.4970 0.4431
vn 0.9439 0.3131 -0.1045
vn 0.6906 0.2261 0.6870
vn 0.7180 -0.5332 0.4474
vn 0.9007 0.4335 -0.0293
vn 0.6845 0.4004 0.6092
vn 0.6772 -0.5463 0.4929
vn 0.8355 0.5454 0.0665
vn 0.6678 0.5170 0.5354
vn 0.6563 -0.5423 0.5246
vn 0.8245 0.5549 0.1112
vn 0.6542 0.5822 0.4828
vn 0.6734 -0.5298 0.5156
vn 0.8398 0.5250 0.1380
vn 0.6557 0.5739 0.4906
vn 0.7260 -0.5124 0.4587
vn 0.8857 0.4422 0.1413
vn 0.6596 0.5281 0.5348
vn 0.7882 -0.4904 0.3719
vn 0.9444 0.3063 0.1195
vn 0.6577 0.4902 0.5720
vn 0.8356 -0.4664 0.2901
vn 0.9852 0.1524 0.0783
vn 0.6514 0.4587 0.6044
vn 0.8628 -0.4446 0.2405
vn 0.9990 0.0346 0.0284
vn 0.6418 0.4321 0.6336
vn 0.8735 -0.4260 0.2357
vn 0.9995 -0.0196 -0.0234
vn 0.6291 0.4095 0.6607
vn 0.8698 -0.4089 0.2760
vn 0.9971 -0.0151 -0.0746
vn 0.6135 0.3902 0.6866
vn 0.8749 -0.4027 0.2692
vn 0.9926 0.0241 -0.1192
vn 0.5951 0.3734 0.7116
vn 0.8807 -0.3763 0.2876
vn 0.9878 -0.0360 -0.1516
vn 0.5738 0.3587 0.7363
vn 0.8712 -0.2997 0.3889
vn 0.9709 -0.1782 -0.1599
vn 0.5493 0.3458 0.7607
vn 0.8254 -0.1868 0.5327
vn 0.9689 -0.1666 -0.1831
vn 0.5215 0.3342 0.7851
vn 0.7319 -0.0541 0.6792
vn 0.9710 -0.1002 -0.2172
vn 0.4901 0.3236 0.8093
vn 0.6210 0.0611 0.7814
vn 0.9689 -0.0914 -0.2298
vn 0.5429 0.3375 0.7690
vn 0.5351 0.1350 0.8339
vn 0.9685 -0.1037 -0.2263
vn 0.7181 0.3665 0.5915
vn 0.4874 0.1699 0.8565
s 0
usemtl Material.001
f 538//289 537//289 789//289 790//289
f 569//290 570//290 571//290 572//290 573//290 574//290 575//290 576//290 577//290 578//290 579//290 580//290 581//290 582//290 583//290 584//290 585//290 586//290 587//290 588//290 589//290 590//290 591//290 592//290 593//290 594//290 595//290 596//290 597//290 598//290 599//290 600//290 601//290 602//290 603//290 604//290 605//290 606//290 607//290 608//290 609//290 610//290 611//290 612//290 613//290 614//290 615//290 616//290 617//290 618//290 619//290 620//290 621//290 622//290 623//290 624//290 625//290 626//290 627//290 628//290 629//290 630//290 631//290 632//290 633//290 634//290 635//290 636//290 637//290 638//290 639//290 640//290 641//290 642//290 643//290 644//290 645//290 646//290 647//290 648//290 649//290 650//290 651//290 652//290
f 653//291 654//291 570//291 569//291
f 654//292 655//292 571//292 570//292
f 655//293 656//293 572//293 571//293
f 656//294 657//294 573//294 572//294
f 657//295 658//295 574//295 573//295
f 658//296 659//296 575//296 574//296
f 659//297 660//297 576//297 575//297
f 660//298 661//298 577//298 576//298
f 661//299 662//299 578//299 577//299
f 662//300 663//300 579//300 578//300
f 663//301 664//301 580//301 579//301
f 664//302 665//302 581//302 580//302
f 665//303 666//303 582//303 581//303
f 666//304 667//304 583//304 582//304
f 667//305 668//305 584//305 583//305
f 668//306 669//306 585//306 584//306
f 669//307 670//307 586//307 585//307
f 670//308 671//308 587//308 586//308
f 671//309 672//309 588//309 587//309
f 672//310 673//310 589//310 588//310
f 673//311 674//311 590//311 589//311
f 674//312 675//312 591//312 590//312
f 675//313 676//313 592//313 591//313
f 676//314 677//314 593//314 592//314
f 677//315 678//315 594//315 593//315
f 678//316 679//316 595//316 594//316
f 679//317 680//317 596//317 595//317
f 680//318 681//318 597//318 596//318
f 681//319 682//319 598//319 597//319
f 682//320 683//320 599//320 598//320
f 683//321 684//321 600//321 599//321
f 684//322 685//322 601//322 600//322
f 685//323 686//323 602//323 601//323
f 686//324 687//324 603//324 602//324
f 687//325 688//325 604//325 603//325
f 688//326 689//326 605//326 604//326
f 689//327 690//327 606//327 605//327
f 690//328 691//328 607//328 606//328
f 691//329 692//329 608//329 607//329
f 692//330 693//330 609//330 608//330
f 693//331 694//331 610//331 609//331
f 694//332 695//332 611//332 610//332
f 695//333 696//333 612//333 611//333
f 696//334 697//334 613//334 612//334
f 697//335 698//335 614//335 613//335
f 698//336 699//336 615//336 614//336
f 699//337 700//337 616//337 615//337
f 700//338 701//338 617//338 616//338
f 701//339 702//339 618//339 617//339
f 702//340 703//340 619//340 618//340
f 703//341 704//341 620//341 619//341
f 704//342 705//342 621//342 620//342
f 705//343 706//343 622//343 621//343
f 706//344 707//344 623//344 622//344
f 707//345 708//345 624//345 623//345
f 708//346 709//346 625//346 624//346
f 709//347 710//347 626//347 625//347
f 710//348 711//348 627//348 626//348
f 711//349 712//349 628//349 627//349
f 712//350 713//350 629//350 628//350
f 713//351 714//351 630//351 629//351
f 714//352 715//352 631//352 630//352
f 715//353 716//353 632//353 631//353
f 716//354 717//354 633//354 632//354
f 717//355 718//355 634//355 633//355
f 718//356 719//356 635//356 634//356
f 719//357 720//357 636//357 635//357
f 720//358 721//358 637//358 636//358
f 721//359 722//359 638//359 637//359
f 722//360 723//360 639//360 638//360
f 723//361 724//361 640//361 639//361
f 724//362 725//362 641//362 640//362
f 725//363 726//363 642//363 641//363
f 726//364 727//364 643//364 642//364
f 727//365 728//365 644//365 643//365
f 728//366 729//366 645//366 644//366
f 729//367 730//367 646//367 645//367
f 730//368 731//368 647//368 646//368
f 731//369 732//369 648//369 647//369
f 732//370 733//370 649//370 648//370
f 733//371 734//371 650//371 649//371
f 734//372 735//372 651//372 650//372
f 735//373 736//373 652//373 651//373
f 736//374 653//374 569//374 652//374
f 568//375 485//375 653//375 736//375
f 567//376 568//376 736//376 735//376
f 566//377 567//377 735//377 734//377
f 565//378 566//378 734//378 733//378
f 564//379 565//379 733//379 732//379
f 563//380 564//380 732//380 731//380
f 562//381 563//381 731//381 730//381
f 561//382 562//382 730//382 729//382
f 560//383 561//383 729//383 728//383
f 559//384 560//384 728//384 727//384
f 558//385 559//385 727//385 726//385
f 557//386 558//386 726//386 725//386
f 556//387 557//387 725//387 724//387
f 555//388 556//388 724//388 723//388
f 554//389 555//389 723//389 722//389
f 553//390 554//390 722//390 721//390
f 552//391 553//391 721//391 720//391
f 551//392 552//392 720//392 719//392
f 550//393 551//393 719//393 718//393
f 549//394 550//394 718//394 717//394
f 548//395 549//395 717//395 716//395
f 547//396 548//396 716//396 715//396
f 546//397 547//397 715//397 714//397
f 545//398 546//398 714//398 713//398
f 544//399 545//399 713//399 712//399
f 543//400 544//400 712//400 711//400
f 542//401 543//401 711//401 710//401
f 541//402 542//402 710//402 709//402
f 540//403 541//403 709//403 708//403
f 539//404 540//404 708//404 707//404
f 538//405 539//405 707//405 706//405
f 537//406 538//406 706//406 705//406
f 536//407 537//407 705//407 704//407
f 535//408 536//408 704//408 703//408
f 534//409 535//409 703//409 702//409
f 533//410 534//410 702//410 701//410
f 532//411 533//411 701//411 700//411
f 531//412 532//412 700//412 699//412
f 530//413 531//413 699//413 698//413
f 529//414 530//414 698//414 697//414
f 528//415 529//415 697//415 696//415
f 527//416 528//416 696//416 695//416
f 526//417 527//417 695//417 694//417
f 525//418 526//418 694//418 693//418
f 524//419 525//419 693//419 692//419
f 523//420 524//420 692//420 691//420
f 522//421 523//421 691//421 690//421
f 521//422 522//422 690//422 689//422
f 520//423 521//423 689//423 688//423
f 519//424 520//424 688//424 687//424
f 518//425 519//425 687//425 686//425
f 517//426 518//426 686//426 685//426
f 516//427 517//427 685//427 684//427
f 515//428 516//428 684//428 683//428
f 514//429 515//429 683//429 682//429
f 513//430 514//430 682//430 681//430
f 512//431 513//431 681//431 680//431
f 511//432 512//432 680//432 679//432
f 510//433 511//433 679//433 678//433
f 509//434 510//434 678//434 677//434
f 508//435 509//435 677//435 676//435
f 507//436 508//436 676//436 675//436
f 506//437 507//437 675//437 674//437
f 505//438 506//438 674//438 673//438
f 504//439 505//439 673//439 672//439
f 503//440 504//440 672//440 671//440
f 502//441 503//441 671//441 670//441
f 501//442 502//442 670//442 669//442
f 500//443 501//443 669//443 668//443
f 499//444 500//444 668//444 667//444
f 498//445 499//445 667//445 666//445
f 497//446 498//446 666//446 665//446
f 496//447 497//447 665//447 664//447
f 495//448 496//448 664//448 663//448
f 494//449 495//449 663//449 662//449
f 493//450 494//450 662//450 661//450
f 492//451 493//451 661//451 660//451
f 491//452 492//452 660//452 659//452
f 490//453 491//453 659//453 658//453
f 489//454 490//454 658//454 657//454
f 488//455 489//455 657//455 656//455
f 487//456 488//456 656//456 655//456
f 486//457 487//457 655//457 654//457
f 485//458 486//458 654//458 653//458
f 737//459 820//459 819//459 818//459 817//459 816//459 815//459 814//459 813//459 812//459 811//459 810//459 809//459 808//459 807//459 806//459 805//459 804//459 803//459 802//459 801//459 800//459 799//459 798//459 797//459 796//459 795//459 794//459 793//459 792//459 791//459 790//459 789//459 788//459 787//459 786//459 785//459 784//459 783//459 782//459 781//459 780//459 779//459 778//459 777//459 776//459 775//459 774//459 773//459 772//459 771//459 770//459 769//459 768//459 767//459 766//459 765//459 764//459 763//459 762//459 761//459 760//459 759//459 758//459 757//459 756//459 755//459 754//459 753//459 752//459 751//459 750//459 749//459 748//459 747//459 746//459 745//459 744//459 743//459 742//459 741//459 740//459 739//459 738//459
f 512//460 511//460 763//460 764//460
f 486//461 485//461 737//461 738//461
f 565//462 564//462 816//462 817//462
f 539//463 538//463 790//463 791//463
f 513//464 512//464 764//464 765//464
f 487//465 486//465 738//465 739//465
f 566//466 565//466 817//466 818//466
f 540//467 539//467 791//467 792//467
f 514//468 513//468 765//468 766//468
f 488//469 487//469 739//469 740//469
f 567//470 566//470 818//470 819//470
f 541//471 540//471 792//471 793//471
f 515//472 514//472 766//472 767//472
f 489//473 488//473 740//473 741//473
f 568//474 567//474 819//474 820//474
f 542//475 541//475 793//475 794//475
f 516//476 515//476 767//476 768//476
f 490//477 489//477 741//477 742//477
f 485//478 568//478 820//478 737//478
f 543//479 542//479 794//479 795//479
f 517//480 516//480 768//480 769//480
f 491//481 490//481 742//481 743//481
f 544//482 543//482 795//482 796//482
f 518//483 517//483 769//483 770//483
f 492//484 491//484 743//484 744//484
f 545//485 544//485 796//485 797//485
f 519//486 518//486 770//486 771//486
f 493//487 492//487 744//487 745//487
f 546//488 545//488 797//488 798//488
f 520//489 519//489 771//489 772//489
f 494//490 493//490 745//490 746//490
f 547//491 546//491 798//491 799//491
f 521//492 520//492 772//492 773//492
f 495//493 494//493 746//493 747//493
f 548//494 547//494 799//494 800//494
f 522//495 521//495 773//495 774//495
f 496//496 495//496 747//496 748//496
f 549//497 548//497 800//497 801//497
f 523//498 522//498 774//498 775//498
f 497//499 496//499 748//499 749//499
f 550//500 549//500 801//500 802//500
f 524//501 523//501 775//501 776//501
f 498//502 497//502 749//502 750//502
f 551//503 550//503 802//503 803//503
f 525//504 524//504 776//504 777//504
f 499//505 498//505 750//505 751//505
f 552//506 551//506 803//506 804//506
f 526//507 525//507 777//507 778//507
f 500//508 499//508 751//508 752//508
f 553//509 552//509 804//509 805//509
f 527//510 526//510 778//510 779//510
f 501//511 500//511 752//511 753//511
f 554//512 553//512 805//512 806//512
f 528//513 527//513 779//513 780//513
f 502//514 501//514 753//514 754//514
f 555//515 554//515 806//515 807//515
f 529//516 528//516 780//516 781//516
f 503//517 502//517 754//517 755//517
f 556//518 555//518 807//518 808//518
f 530//519 529//519 781//519 782//519
f 504//520 503//520 755//520 756//520
f 557//521 556//521 808//521 809//521
f 531//522 530//522 782//522 783//522
f 505//523 504//523 756//523 757//523
f 558//524 557//524 809//524 810//524
f 532//525 531//525 783//525 784//525
f 506//526 505//526 757//526 758//526
f 559//527 558//527 810//527 811//527
f 533//528 532//528 784//528 785//528
f 507//529 506//529 758//529 759//529
f 560//530 559//530 811//530 812//530
f 534//531 533//531 785//531 786//531
f 508//532 507//532 759//532 760//532
f 561//533 560//533 812//533 813//533
f 535//534 534//534 786//534 787//534
f 509//535 508//535 760//535 761//535
f 562//536 561//536 813//536 814//536
f 536//537 535//537 787//537 788//537
f 510//538 509//538 761//538 762//538
f 563//539 562//539 814//539 815//539
f 537//540 536//540 788//540 789//540
f 511//541 510//541 762//541 763//541
f 564//542 563//542 815//542 816//542
o BézierCurve.002
v 0.254516 0.150891 -0.646665
v 0.286065 0.192450 -0.629063
v 0.319145 0.228869 -0.612020
v 0.352006 0.260369 -0.597065
v 0.382917 0.287289 -0.585180
v 0.410164 0.310104 -0.576690
v 0.432051 0.329427 -0.571264
v 0.446894 0.345973 -0.568078
v 0.453015 0.360490 -0.566171
v 0.448725 0.373645 -0.564938
v 0.432310 0.385918 -0.564694
v 0.402021 0.397520 -0.567020
v 0.356078 0.408420 -0.574660
v 0.320593 0.416879 -0.582988
v 0.287611 0.428090 -0.592092
v 0.257039 0.442091 -0.601321
v 0.228778 0.458887 -0.610190
v 0.202727 0.478459 -0.618313
v 0.178783 0.500780 -0.625356
v 0.156843 0.525822 -0.630988
v 0.136805 0.553563 -0.634844
v 0.118570 0.583996 -0.636494
v 0.102040 0.617132 -0.635416
v 0.087069 0.652619 -0.632819
v 0.073509 0.690076 -0.630062
v 0.061446 0.716336 -0.628147
v 0.048713 0.725320 -0.627555
v 0.034422 0.719804 -0.628080
v 0.017680 0.702563 -0.629518
v -0.002401 0.676374 -0.631662
v -0.026713 0.644014 -0.634308
v -0.056145 0.608259 -0.637250
v -0.091588 0.571886 -0.640283
v -0.133932 0.537670 -0.643203
v -0.183996 0.508930 -0.643221
v -0.242552 0.489352 -0.635794
v -0.310591 0.480941 -0.624392
v -0.341422 0.479795 -0.620131
v -0.367187 0.477932 -0.617562
v -0.387554 0.474565 -0.616332
v -0.402190 0.468932 -0.615937
v -0.410763 0.460256 -0.615968
v -0.412950 0.447699 -0.616297
v -0.408438 0.430334 -0.617227
v -0.396932 0.407108 -0.619649
v -0.378150 0.376860 -0.624983
v -0.351810 0.338436 -0.634608
v -0.317594 0.290953 -0.648616
v -0.275095 0.234210 -0.663837
v -0.265065 0.209954 -0.668065
v -0.264589 0.179275 -0.671477
v -0.271314 0.144055 -0.674227
v -0.282909 0.106020 -0.677213
v -0.297015 0.067083 -0.678862
v -0.311272 0.029111 -0.674923
v -0.323319 -0.005866 -0.669333
v -0.330796 -0.035831 -0.665256
v -0.331343 -0.058820 -0.663259
v -0.322600 -0.072903 -0.662321
v -0.302206 -0.076131 -0.662292
v -0.267803 -0.066494 -0.666118
v -0.215191 -0.043602 -0.677482
v -0.172364 -0.021849 -0.684666
v -0.137474 -0.002252 -0.684406
v -0.108669 0.014371 -0.682927
v -0.084100 0.027102 -0.681777
v -0.061916 0.034995 -0.681012
v -0.040268 0.037102 -0.680693
v -0.017306 0.032477 -0.680878
v 0.008822 0.020171 -0.681625
v 0.039964 -0.000761 -0.682994
v 0.077971 -0.031266 -0.685042
v 0.124693 -0.072521 -0.676752
v 0.176199 -0.115576 -0.643880
v 0.213048 -0.137512 -0.625607
v 0.237415 -0.141333 -0.618881
v 0.251475 -0.130140 -0.615873
v 0.257402 -0.106852 -0.617614
v 0.257372 -0.074320 -0.628416
v 0.253559 -0.035491 -0.647990
v 0.248171 0.006787 -0.667423
v 0.243423 0.049624 -0.672595
v 0.241463 0.089868 -0.664154
v 0.244440 0.124640 -0.655230
v 0.253969 0.145348 -0.581890
v 0.285498 0.186756 -0.565008
v 0.318559 0.223033 -0.548641
v 0.351403 0.254404 -0.534301
v 0.382300 0.281212 -0.522952
v 0.409535 0.303935 -0.514897
v 0.431413 0.323193 -0.509782
v 0.446251 0.339701 -0.506780
v 0.452369 0.354198 -0.504965
v 0.448078 0.367346 -0.503769
v 0.431666 0.379635 -0.503448
v 0.401385 0.391300 -0.505472
v 0.355459 0.402323 -0.512524
v 0.319987 0.410888 -0.520350
v 0.287019 0.422204 -0.528955
v 0.256460 0.436307 -0.537696
v 0.228212 0.453203 -0.546085
v 0.202174 0.472874 -0.553737
v 0.178243 0.495293 -0.560312
v 0.156316 0.520433 -0.565476
v 0.136291 0.548273 -0.568862
v 0.118069 0.578805 -0.570036
v 0.101550 0.612031 -0.568532
v 0.086580 0.647518 -0.565935
v 0.073019 0.684975 -0.563178
v 0.060956 0.711236 -0.561263
v 0.048224 0.720219 -0.560671
v 0.033932 0.714703 -0.561196
v 0.017191 0.697462 -0.562634
v -0.002890 0.671273 -0.564778
v -0.027202 0.638913 -0.567424
v -0.056634 0.603158 -0.570366
v -0.092077 0.566785 -0.573399
v -0.134421 0.532569 -0.576319
v -0.184456 0.504058 -0.575247
v -0.242974 0.484766 -0.566454
v -0.310974 0.476653 -0.553634
v -0.341790 0.475621 -0.548824
v -0.367544 0.473841 -0.545864
v -0.387904 0.470526 -0.544383
v -0.402536 0.464926 -0.543829
v -0.411106 0.456278 -0.543731
v -0.413289 0.443750 -0.543921
v -0.408774 0.426403 -0.544761
v -0.397273 0.403141 -0.547355
v -0.378506 0.372780 -0.553231
v -0.352190 0.334171 -0.563740
v -0.318007 0.286437 -0.578944
v -0.275549 0.229379 -0.595667
v -0.265535 0.205006 -0.600450
v -0.265074 0.174207 -0.604436
v -0.271803 0.138954 -0.607343
v -0.283398 0.100919 -0.610328
v -0.297504 0.061982 -0.611978
v -0.311761 0.024010 -0.608039
v -0.323808 -0.010967 -0.602449
v -0.331285 -0.040932 -0.598372
v -0.331832 -0.063920 -0.596375
v -0.323089 -0.078003 -0.595437
v -0.302696 -0.081232 -0.595408
v -0.268292 -0.071595 -0.599234
v -0.215680 -0.048703 -0.610598
v -0.172854 -0.026950 -0.617782
v -0.137963 -0.007352 -0.617522
v -0.109159 0.009270 -0.616043
v -0.084589 0.022001 -0.614892
v -0.062406 0.029894 -0.614128
v -0.040758 0.032001 -0.613809
v -0.017795 0.027376 -0.613994
v 0.008332 0.015070 -0.614741
v 0.039475 -0.005861 -0.616110
v 0.077482 -0.036367 -0.618158
v 0.124203 -0.077498 -0.615911
v 0.175709 -0.120358 -0.592463
v 0.212558 -0.142194 -0.579040
v 0.236925 -0.145975 -0.574265
v 0.250985 -0.134768 -0.571931
v 0.256913 -0.111504 -0.572540
v 0.256883 -0.079045 -0.579816
v 0.253070 -0.040326 -0.594009
v 0.247671 0.001737 -0.607472
v 0.242909 0.044339 -0.606683
v 0.240937 0.084487 -0.598605
v 0.243903 0.119174 -0.590087
v 0.263407 0.144062 -0.613260
v 0.296101 0.187119 -0.595077
v 0.330375 0.224811 -0.577649
v 0.364417 0.257354 -0.562636
v 0.396431 0.285098 -0.551054
v 0.424643 0.308552 -0.543162
v 0.447299 0.328383 -0.538461
v 0.462661 0.345374 -0.535906
v 0.468993 0.360334 -0.534328
v 0.464549 0.373980 -0.532992
v 0.447555 0.386827 -0.532125
v 0.416196 0.399085 -0.533418
v 0.368621 0.410660 -0.540004
v 0.331866 0.419573 -0.547938
v 0.297697 0.431273 -0.556979
v 0.266019 0.445821 -0.566364
v 0.236732 0.463235 -0.575514
v 0.209734 0.483510 -0.583966
v 0.184919 0.506632 -0.591315
v 0.162182 0.532582 -0.597158
v 0.141419 0.561351 -0.601059
v 0.122529 0.592944 -0.602506
v 0.105409 0.627371 -0.600972
v 0.089895 0.664148 -0.598281
v 0.075842 0.702965 -0.595423
v 0.063341 0.730180 -0.593439
v 0.050146 0.739490 -0.592826
v 0.035335 0.733773 -0.593370
v 0.017986 0.715906 -0.594860
v -0.002825 0.688766 -0.597082
v -0.028020 0.655231 -0.599824
v -0.058521 0.618177 -0.602873
v -0.095252 0.580482 -0.606016
v -0.139134 0.545023 -0.609042
v -0.190988 0.515464 -0.607990
v -0.251634 0.495453 -0.598964
v -0.322126 0.486878 -0.586479
v -0.354082 0.485655 -0.582228
v -0.380793 0.483647 -0.579937
v -0.401911 0.480069 -0.579081
v -0.417087 0.474165 -0.578987
v -0.425975 0.465154 -0.579115
v -0.428236 0.452183 -0.579259
v -0.423546 0.434290 -0.579727
v -0.411604 0.410361 -0.581571
v -0.392126 0.379122 -0.586584
v -0.364827 0.339313 -0.596508
v -0.329387 0.289966 -0.611687
v -0.285384 0.230852 -0.628941
v -0.275008 0.205576 -0.633981
v -0.274533 0.173643 -0.638183
v -0.281506 0.137110 -0.641193
v -0.293523 0.097693 -0.644287
v -0.308141 0.057310 -0.644423
v -0.322916 0.017931 -0.639036
v -0.335401 -0.018319 -0.633110
v -0.343149 -0.049357 -0.629592
v -0.343716 -0.073165 -0.628339
v -0.334656 -0.087757 -0.627484
v -0.313521 -0.091125 -0.626359
v -0.277868 -0.081170 -0.628786
v -0.223345 -0.057445 -0.640615
v -0.178963 -0.034861 -0.650063
v -0.142805 -0.014511 -0.651741
v -0.112954 0.002715 -0.650209
v -0.087492 0.015909 -0.649017
v -0.064503 0.024088 -0.648225
v -0.042068 0.026272 -0.647894
v -0.018271 0.021479 -0.648085
v 0.008805 0.008726 -0.648860
v 0.041079 -0.012966 -0.650278
v 0.080466 -0.044580 -0.652401
v 0.128885 -0.087368 -0.642130
v 0.182262 -0.131915 -0.611521
v 0.220450 -0.154527 -0.598461
v 0.245702 -0.158417 -0.594887
v 0.260273 -0.146819 -0.591680
v 0.266416 -0.122757 -0.590011
v 0.266384 -0.089144 -0.596316
v 0.262433 -0.048978 -0.613005
v 0.256837 -0.005274 -0.632652
v 0.251909 0.039096 -0.639897
v 0.249877 0.080800 -0.631491
v 0.252964 0.116848 -0.622179
v 0.214537 0.170360 -0.668904
v 0.241041 0.205119 -0.654994
v 0.268847 0.235673 -0.640992
v 0.296492 0.262265 -0.627918
v 0.322522 0.285187 -0.616559
v 0.345489 0.304797 -0.607389
v 0.363955 0.321523 -0.600545
v 0.376490 0.335849 -0.595899
v 0.381666 0.348279 -0.593231
v 0.378050 0.359280 -0.592484
v 0.364200 0.369232 -0.594030
v 0.338653 0.378391 -0.598833
v 0.299938 0.386917 -0.608303
v 0.270064 0.393758 -0.616605
v 0.242320 0.403100 -0.624666
v 0.216619 0.414917 -0.632213
v 0.192872 0.429167 -0.639062
v 0.170989 0.445795 -0.645079
v 0.150879 0.464741 -0.650157
v 0.132450 0.485947 -0.654183
v 0.115612 0.509357 -0.657025
v 0.100276 0.534926 -0.658512
v 0.086354 0.562619 -0.658416
v 0.073756 0.592384 -0.656588
v 0.062354 0.623879 -0.654270
v 0.052211 0.645961 -0.652660
v 0.041505 0.653515 -0.652162
v 0.029487 0.648876 -0.652604
v 0.015410 0.634379 -0.653812
v -0.001475 0.612359 -0.655615
v -0.021918 0.585148 -0.657840
v -0.046666 0.555083 -0.660314
v -0.076469 0.524498 -0.662865
v -0.112074 0.495728 -0.665320
v -0.154213 0.471240 -0.666870
v -0.203522 0.454230 -0.663234
v -0.260759 0.446965 -0.654565
v -0.286662 0.446165 -0.650204
v -0.308292 0.444859 -0.646804
v -0.325382 0.442299 -0.644469
v -0.337662 0.437768 -0.643161
v -0.344861 0.430547 -0.642831
v -0.346712 0.419898 -0.643543
v -0.342952 0.405036 -0.645561
v -0.333326 0.385136 -0.649368
v -0.317579 0.359347 -0.655541
v -0.295451 0.326883 -0.664374
v -0.266653 0.287168 -0.675144
v -0.230833 0.240093 -0.684905
v -0.222363 0.219976 -0.687128
v -0.221938 0.194366 -0.689107
v -0.227593 0.164754 -0.691407
v -0.237343 0.132771 -0.693917
v -0.249204 0.100056 -0.696499
v -0.261192 0.068239 -0.698668
v -0.271322 0.038897 -0.697282
v -0.277609 0.013707 -0.694152
v -0.278069 -0.005642 -0.691580
v -0.270717 -0.017483 -0.690824
v -0.253569 -0.020158 -0.692714
v -0.224640 -0.012019 -0.697666
v -0.180401 0.007136 -0.702675
v -0.144390 0.025277 -0.701435
v -0.115053 0.041730 -0.699965
v -0.090832 0.055708 -0.698722
v -0.070173 0.066413 -0.697755
v -0.051519 0.073049 -0.697112
v -0.033316 0.074821 -0.696844
v -0.014008 0.070932 -0.696999
v 0.007962 0.060585 -0.697627
v 0.034148 0.042984 -0.698778
v 0.066106 0.017333 -0.700501
v 0.105392 -0.017164 -0.702844
v 0.148702 -0.053080 -0.689177
v 0.179687 -0.071606 -0.669889
v 0.200176 -0.074913 -0.659637
v 0.211998 -0.065464 -0.658926
v 0.216983 -0.045758 -0.666406
v 0.216957 -0.018322 -0.679469
v 0.213761 0.014334 -0.692134
v 0.209257 0.049822 -0.694679
v 0.205265 0.085640 -0.688737
v 0.203601 0.119356 -0.682145
v 0.206083 0.148426 -0.675441
vn -0.4558 0.2162 -0.8634
vn -0.0471 -0.0748 0.9961
vn 0.7202 -0.6492 0.2447
vn 0.6663 -0.7103 0.2271
vn 0.6261 -0.7512 0.2091
vn 0.6010 -0.7751 0.1952
vn 0.5952 -0.7806 0.1910
vn 0.6193 -0.7575 0.2066
vn 0.6947 -0.6698 0.2623
vn 0.8314 -0.3963 0.3895
vn 0.8277 0.2211 0.5157
vn 0.5415 0.6975 0.4692
vn 0.3133 0.8623 0.3979
vn 0.1707 0.9197 0.3536
vn 0.1468 0.9243 0.3524
vn 0.2113 0.9030 0.3740
vn 0.2890 0.8744 0.3898
vn 0.3770 0.8360 0.3986
vn 0.4711 0.7865 0.3994
vn 0.5658 0.7254 0.3919
vn 0.6558 0.6544 0.3764
vn 0.7365 0.5762 0.3543
vn 0.8050 0.4947 0.3276
vn 0.8599 0.4142 0.2983
vn 0.8929 0.3566 0.2748
vn 0.9152 0.3126 0.2545
vn 0.8775 0.3820 0.2899
vn 0.5261 0.7152 0.4601
vn -0.3328 0.8175 0.4700
vn -0.6869 0.6379 0.3482
vn -0.7679 0.5639 0.3038
vn -0.7743 0.5572 0.3001
vn -0.7454 0.5877 0.3148
vn -0.6882 0.6425 0.3368
vn -0.6016 0.7139 0.3584
vn -0.4536 0.8094 0.3729
vn -0.2429 0.9002 0.3614
vn -0.0556 0.9459 0.3195
vn 0.0075 0.9570 0.2900
vn -0.0393 0.9545 0.2955
vn -0.1379 0.9378 0.3185
vn -0.3278 0.8702 0.3680
vn -0.6422 0.6341 0.4307
vn -0.8971 0.1509 0.4152
vn -0.9113 -0.2501 0.3271
vn -0.8544 -0.4490 0.2614
vn -0.8092 -0.5423 0.2259
vn -0.7813 -0.5884 0.2081
vn -0.7656 -0.6116 0.1997
vn -0.7582 -0.6217 0.1965
vn -0.8798 -0.4092 0.2418
vn -0.9614 -0.0497 0.2705
vn -0.9512 0.1598 0.2640
vn -0.9309 0.2640 0.2525
vn -0.9129 0.3251 0.2468
vn -0.8973 0.3664 0.2461
vn -0.9006 0.3515 0.2557
vn -0.9221 0.2652 0.2819
vn -0.9392 0.0460 0.3402
vn -0.7816 -0.4589 0.4225
vn -0.1566 -0.9257 0.3444
vn 0.2806 -0.9372 0.2070
vn 0.4219 -0.8937 0.1527
vn 0.4689 -0.8736 0.1299
vn 0.4886 -0.8648 0.1155
vn 0.4925 -0.8632 0.1109
vn 0.4524 -0.8838 0.1193
vn 0.3277 -0.9345 0.1390
vn 0.0932 -0.9824 0.1615
vn -0.1933 -0.9663 0.1699
vn -0.4168 -0.8947 0.1606
vn -0.5475 -0.8240 0.1456
vn -0.6161 -0.7765 0.1325
vn -0.6654 -0.7342 0.1352
vn -0.6808 -0.7128 0.1684
vn -0.5600 -0.7815 0.2750
vn -0.2099 -0.8681 0.4498
vn 0.4237 -0.6779 0.6008
vn 0.8092 -0.2186 0.5454
vn 0.8925 0.0916 0.4417
vn 0.9045 0.2297 0.3593
vn 0.9232 0.2356 0.3037
vn 0.9544 0.1264 0.2704
vn 0.9649 -0.0057 0.2626
vn 0.9490 -0.1510 0.2769
vn 0.8643 -0.4205 0.2759
vn 0.9199 -0.2558 -0.2973
vn 0.9671 -0.0175 -0.2538
vn 0.9704 0.0931 -0.2230
vn 0.9721 0.0763 -0.2216
vn 0.9710 0.0157 -0.2384
vn 0.9628 -0.0288 -0.2688
vn 0.9412 -0.0838 -0.3273
vn 0.8704 -0.2225 -0.4393
vn 0.5752 -0.5600 -0.5963
vn -0.0151 -0.8340 -0.5515
vn -0.3382 -0.8515 -0.4008
vn -0.4963 -0.8136 -0.3028
vn -0.6124 -0.7491 -0.2527
vn -0.6132 -0.7467 -0.2577
vn -0.5444 -0.7918 -0.2769
vn -0.4134 -0.8595 -0.3005
vn -0.1897 -0.9292 -0.3172
vn 0.0967 -0.9467 -0.3073
vn 0.3307 -0.9030 -0.2743
vn 0.4550 -0.8560 -0.2454
vn 0.4950 -0.8370 -0.2334
vn 0.4728 -0.8492 -0.2352
vn 0.4009 -0.8818 -0.2486
vn 0.3359 -0.9039 -0.2649
vn 0.2309 -0.9234 -0.3066
vn -0.1308 -0.8973 -0.4216
vn -0.7396 -0.4882 -0.4633
vn -0.9437 -0.0005 -0.3308
vn -0.9468 0.2055 -0.2476
vn -0.9339 0.2872 -0.2132
vn -0.9245 0.3225 -0.2033
vn -0.9186 0.3373 -0.2058
vn -0.9274 0.3002 -0.2230
vn -0.9473 0.2009 -0.2495
vn -0.9597 0.0195 -0.2804
vn -0.9006 -0.3150 -0.2995
vn -0.8053 -0.5230 -0.2792
vn -0.8182 -0.5068 -0.2713
vn -0.8242 -0.4975 -0.2704
vn -0.8357 -0.4731 -0.2789
vn -0.8642 -0.4024 -0.3021
vn -0.9111 -0.2240 -0.3461
vn -0.9042 0.1648 -0.3941
vn -0.6622 0.6570 -0.3604
vn -0.3515 0.8969 -0.2684
vn -0.1717 0.9629 -0.2084
vn -0.0890 0.9794 -0.1810
vn -0.0605 0.9832 -0.1723
vn -0.1529 0.9682 -0.1981
vn -0.3354 0.9123 -0.2348
vn -0.4824 0.8388 -0.2526
vn -0.5971 0.7607 -0.2547
vn -0.6840 0.6870 -0.2455
vn -0.7414 0.6294 -0.2328
vn -0.7704 0.5971 -0.2234
vn -0.7640 0.6043 -0.2259
vn -0.6824 0.6841 -0.2574
vn -0.3269 0.8797 -0.3454
vn 0.5319 0.7762 -0.3386
vn 0.8812 0.4205 -0.2158
vn 0.9184 0.3465 -0.1908
vn 0.8964 0.3931 -0.2046
vn 0.8704 0.4419 -0.2171
vn 0.8405 0.4917 -0.2277
vn 0.8030 0.5473 -0.2360
vn 0.7562 0.6084 -0.2409
vn 0.6988 0.6733 -0.2417
vn 0.6297 0.7397 -0.2372
vn 0.5492 0.8043 -0.2269
vn 0.4588 0.8634 -0.2100
vn 0.3621 0.9133 -0.1867
vn 0.2643 0.9515 -0.1576
vn 0.2528 0.9555 -0.1522
vn 0.3639 0.9106 -0.1959
vn 0.5692 0.7698 -0.2889
vn 0.8484 0.3171 -0.4239
vn 0.8506 -0.3091 -0.4255
vn 0.7230 -0.5896 -0.3600
vn 0.6650 -0.6727 -0.3244
vn 0.6613 -0.6824 -0.3114
vn 0.6868 -0.6576 -0.3097
vn 0.7262 -0.6124 -0.3125
vn 0.7707 -0.5535 -0.3158
vn 0.8152 -0.4851 -0.3165
vn 0.0594 0.0802 -0.9950
vn -0.0933 0.3311 -0.9390
vn 0.4895 -0.0123 -0.8719
vn 0.5522 -0.1609 -0.8180
vn -0.4816 0.1593 -0.8618
vn -0.2637 0.3315 -0.9058
vn 0.4918 -0.0441 -0.8696
vn 0.5419 0.0684 -0.8377
vn -0.5016 0.0795 -0.8614
vn -0.3312 0.3265 -0.8853
vn 0.4851 -0.0853 -0.8703
vn 0.5357 0.1933 -0.8220
vn -0.4788 0.0048 -0.8779
vn -0.3373 0.3256 -0.8833
vn 0.4693 -0.1287 -0.8736
vn 0.5289 0.1588 -0.8337
vn -0.4038 -0.0887 -0.9105
vn -0.3125 0.3305 -0.8905
vn 0.4464 -0.1620 -0.8800
vn 0.5066 0.0744 -0.8590
vn -0.2696 -0.2285 -0.9355
vn -0.2733 0.3413 -0.8993
vn 0.4197 -0.1660 -0.8924
vn -0.1064 -0.3882 -0.9154
vn -0.2275 0.3588 -0.9053
vn 0.3914 -0.1155 -0.9129
vn 0.0213 -0.5026 -0.8642
vn -0.2062 0.3836 -0.9002
vn 0.3600 0.0075 -0.9329
vn 0.0816 -0.5193 -0.8507
vn -0.2283 0.4053 -0.8852
vn 0.3231 0.1818 -0.9287
vn 0.1797 -0.4827 -0.8571
vn -0.1965 0.4664 -0.8625
vn 0.2898 0.3422 -0.8938
vn 0.2776 -0.4540 -0.8467
vn -0.1456 0.5231 -0.8397
vn 0.2746 0.4461 -0.8518
vn 0.3037 -0.4516 -0.8389
vn -0.1409 0.5129 -0.8468
vn 0.2801 0.4981 -0.8206
vn 0.2696 -0.4430 -0.8550
vn -0.1572 0.4711 -0.8680
vn 0.3197 0.4732 -0.8209
vn 0.1817 -0.4248 -0.8868
vn -0.2018 0.3835 -0.9012
vn 0.3731 0.4052 -0.8346
vn 0.0525 -0.4012 -0.9145
vn -0.2692 0.2497 -0.9302
vn 0.4112 0.3490 -0.8421
vn -0.0838 -0.3791 -0.9215
vn -0.3391 0.1009 -0.9353
vn 0.4370 0.3033 -0.8468
vn -0.1977 -0.3645 -0.9100
vn -0.3946 -0.0172 -0.9187
vn 0.4529 0.2675 -0.8505
vn -0.2801 -0.3586 -0.8905
vn -0.4338 -0.0830 -0.8972
vn 0.4608 0.2411 -0.8541
vn -0.3350 -0.3589 -0.8712
vn -0.4606 -0.1028 -0.8816
vn 0.4621 0.2242 -0.8580
vn -0.3234 -0.4332 -0.8413
vn -0.4753 -0.0973 -0.8744
vn 0.4578 0.2171 -0.8622
vn -0.0174 -0.5231 -0.8521
vn -0.4730 -0.0928 -0.8762
vn 0.4487 0.2205 -0.8661
vn 0.1618 -0.5119 -0.8437
vn -0.4419 -0.1194 -0.8891
vn 0.4355 0.2348 -0.8690
vn 0.2625 -0.4186 -0.8694
vn -0.4127 -0.0398 -0.9100
vn 0.4360 0.2430 -0.8665
vn 0.3847 -0.3268 -0.8633
vn -0.4135 0.0803 -0.9070
vn 0.4691 0.2325 -0.8520
vn 0.4789 -0.2986 -0.8255
vn -0.4225 0.1503 -0.8938
vn 0.4090 0.2518 -0.8771
vn 0.5226 -0.3148 -0.7923
vn -0.4398 0.2027 -0.8749
vn 0.1709 0.3040 -0.9372
vn 0.5358 -0.3029 -0.7882
s 0
usemtl Material.002
f 874//543 873//543 1125//543 1126//543
f 905//544 906//544 907//544 908//544 909//544 910//544 911//544 912//544 913//544 914//544 915//544 916//544 917//544 918//544 919//544 920//544 921//544 922//544 923//544 924//544 925//544 926//544 927//544 928//544 929//544 930//544 931//544 932//544 933//544 934//544 935//544 936//544 937//544 938//544 939//544 940//544 941//544 942//544 943//544 944//544 945//544 946//544 947//544 948//544 949//544 950//544 951//544 952//544 953//544 954//544 955//544 956//544 957//544 958//544 959//544 960//544 961//544 962//544 963//544 964//544 965//544 966//544 967//544 968//544 969//544 970//544 971//544 972//544 973//544 974//544 975//544 976//544 977//544 978//544 979//544 980//544 981//544 982//544 983//544 984//544 985//544 986//544 987//544 988//544
f 989//545 990//545 906//545 905//545
f 990//546 991//546 907//546 906//546
f 991//547 992//547 908//547 907//547
f 992//548 993//548 909//548 908//548
f 993//549 994//549 910//549 909//549
f 994//550 995//550 911//550 910//550
f 995//551 996//551 912//551 911//551
f 996//552 997//552 913//552 912//552
f 997//553 998//553 914//553 913//553
f 998//554 999//554 915//554 914//554
f 999//555 1000//555 916//555 915//555
f 1000//556 1001//556 917//556 916//556
f 1001//557 1002//557 918//557 917//557
f 1002//558 1003//558 919//558 918//558
f 1003//559 1004//559 920//559 919//559
f 1004//560 1005//560 921//560 920//560
f 1005//561 1006//561 922//561 921//561
f 1006//562 1007//562 923//562 922//562
f 1007//563 1008//563 924//563 923//563
f 1008//564 1009//564 925//564 924//564
f 1009//565 1010//565 926//565 925//565
f 1010//566 1011//566 927//566 926//566
f 1011//567 1012//567 928//567 927//567
f 1012//568 1013//568 929//568 928//568
f 1013//569 1014//569 930//569 929//569
f 1014//570 1015//570 931//570 930//570
f 1015//571 1016//571 932//571 931//571
f 1016//572 1017//572 933//572 932//572
f 1017//573 1018//573 934//573 933//573
f 1018//574 1019//574 935//574 934//574
f 1019//575 1020//575 936//575 935//575
f 1020//576 1021//576 937//576 936//576
f 1021//577 1022//577 938//577 937//577
f 1022//578 1023//578 939//578 938//578
f 1023//579 1024//579 940//579 939//579
f 1024//580 1025//580 941//580 940//580
f 1025//581 1026//581 942//581 941//581
f 1026//582 1027//582 943//582 942//582
f 1027//583 1028//583 944//583 943//583
f 1028//584 1029//584 945//584 944//584
f 1029//585 1030//585 946//585 945//585
f 1030//586 1031//586 947//586 946//586
f 1031//587 1032//587 948//587 947//587
f 1032//588 1033//588 949//588 948//588
f 1033//589 1034//589 950//589 949//589
f 1034//590 1035//590 951//590 950//590
f 1035//591 1036//591 952//591 951//591
f 1036//592 1037//592 953//592 952//592
f 1037//593 1038//593 954//593 953//593
f 1038//594 1039//594 955//594 954//594
f 1039//595 1040//595 956//595 955//595
f 1040//596 1041//596 957//596 956//596
f 1041//597 1042//597 958//597 957//597
f 1042//598 1043//598 959//598 958//598
f 1043//599 1044//599 960//599 959//599
f 1044//600 1045//600 961//600 960//600
f 1045//601 1046//601 962//601 961//601
f 1046//602 1047//602 963//602 962//602
f 1047//603 1048//603 964//603 963//603
f 1048//604 1049//604 965//604 964//604
f 1049//605 1050//605 966//605 965//605
f 1050//606 1051//606 967//606 966//606
f 1051//607 1052//607 968//607 967//607
f 1052//608 1053//608 969//608 968//608
f 1053//609 1054//609 970//609 969//609
f 1054//610 1055//610 971//610 970//610
f 1055//611 1056//611 972//611 971//611
f 1056//612 1057//612 973//612 972//612
f 1057//613 1058//613 974//613 973//613
f 1058//614 1059//614 975//614 974//614
f 1059//615 1060//615 976//615 975//615
f 1060//616 1061//616 977//616 976//616
f 1061//617 1062//617 978//617 977//617
f 1062//618 1063//618 979//618 978//618
f 1063//619 1064//619 980//619 979//619
f 1064//620 1065//620 981//620 980//620
f 1065//621 1066//621 982//621 981//621
f 1066//622 1067//622 983//622 982//622
f 1067//623 1068//623 984//623 983//623
f 1068//624 1069//624 985//624 984//624
f 1069//625 1070//625 986//625 985//625
f 1070//626 1071//626 987//626 986//626
f 1071//627 1072//627 988//627 987//627
f 1072//628 989//628 905//628 988//628
f 904//629 821//629 989//629 1072//629
f 903//630 904//630 1072//630 1071//630
f 902//631 903//631 1071//631 1070//631
f 901//632 902//632 1070//632 1069//632
f 900//633 901//633 1069//633 1068//633
f 899//634 900//634 1068//634 1067//634
f 898//635 899//635 1067//635 1066//635
f 897//636 898//636 1066//636 1065//636
f 896//637 897//637 1065//637 1064//637
f 895//638 896//638 1064//638 1063//638
f 894//639 895//639 1063//639 1062//639
f 893//640 894//640 1062//640 1061//640
f 892//641 893//641 1061//641 1060//641
f 891//642 892//642 1060//642 1059//642
f 890//643 891//643 1059//643 1058//643
f 889//644 890//644 1058//644 1057//644
f 888//645 889//645 1057//645 1056//645
f 887//646 888//646 1056//646 1055//646
f 886//647 887//647 1055//647 1054//647
f 885//648 886//648 1054//648 1053//648
f 884//649 885//649 1053//649 1052//649
f 883//650 884//650 1052//650 1051//650
f 882//651 883//651 1051//651 1050//651
f 881//652 882//652 1050//652 1049//652
f 880//653 881//653 1049//653 1048//653
f 879//654 880//654 1048//654 1047//654
f 878//655 879//655 1047//655 1046//655
f 877//656 878//656 1046//656 1045//656
f 876//657 877//657 1045//657 1044//657
f 875//658 876//658 1044//658 1043//658
f 874//659 875//659 1043//659 1042//659
f 873//660 874//660 1042//660 1041//660
f 872//661 873//661 1041//661 1040//661
f 871//662 872//662 1040//662 1039//662
f 870//663 871//663 1039//663 1038//663
f 869//664 870//664 1038//664 1037//664
f 868//665 869//665 1037//665 1036//665
f 867//666 868//666 1036//666 1035//666
f 866//667 867//667 1035//667 1034//667
f 865//668 866//668 1034//668 1033//668
f 864//669 865//669 1033//669 1032//669
f 863//670 864//670 1032//670 1031//670
f 862//671 863//671 1031//671 1030//671
f 861//672 862//672 1030//672 1029//672
f 860//673 861//673 1029//673 1028//673
f 859//674 860//674 1028//674 1027//674
f 858//675 859//675 1027//675 1026//675
f 857//676 858//676 1026//676 1025//676
f 856//677 857//677 1025//677 1024//677
f 855//678 856//678 1024//678 1023//678
f 854//679 855//679 1023//679 1022//679
f 853//680 854//680 1022//680 1021//680
f 852//681 853//681 1021//681 1020//681
f 851//682 852//682 1020//682 1019//682
f 850//683 851//683 1019//683 1018//683
f 849//684 850//684 1018//684 1017//684
f 848//685 849//685 1017//685 1016//685
f 847//686 848//686 1016//686 1015//686
f 846//687 847//687 1015//687 1014//687
f 845//688 846//688 1014//688 1013//688
f 844//689 845//689 1013//689 1012//689
f 843//690 844//690 1012//690 1011//690
f 842//691 843//691 1011//691 1010//691
f 841//692 842//692 1010//692 1009//692
f 840//693 841//693 1009//693 1008//693
f 839//694 840//694 1008//694 1007//694
f 838//695 839//695 1007//695 1006//695
f 837//696 838//696 1006//696 1005//696
f 836//697 837//697 1005//697 1004//697
f 835//698 836//698 1004//698 1003//698
f 834//699 835//699 1003//699 1002//699
f 833//700 834//700 1002//700 1001//700
f 832//701 833//701 1001//701 1000//701
f 831//702 832//702 1000//702 999//702
f 830//703 831//703 999//703 998//703
f 829//704 830//704 998//704 997//704
f 828//705 829//705 997//705 996//705
f 827//706 828//706 996//706 995//706
f 826//707 827//707 995//707 994//707
f 825//708 826//708 994//708 993//708
f 824//709 825//709 993//709 992//709
f 823//710 824//710 992//710 991//710
f 822//711 823//711 991//711 990//711
f 821//712 822//712 990//712 989//712
f 1073//713 1156//713 1155//713 1154//713 1153//713 1152//713 1151//713 1150//713 1149//713 1148//713 1147//713 1146//713 1145//713 1144//713 1143//713 1142//713 1141//713 1140//713 1139//713 1138//713 1137//713 1136//713 1135//713 1134//713 1133//713 1132//713 1131//713 1130//713 1129//713 1128//713 1127//713 1126//713 1125//713 1124//713 1123//713 1122//713 1121//713 1120//713 1119//713 1118//713 1117//713 1116//713 1115//713 1114//713 1113//713 1112//713 1111//713 1110//713 1109//713 1108//713 1107//713 1106//713 1105//713 1104//713 1103//713 1102//713 1101//713 1100//713 1099//713 1098//713 1097//713 1096//713 1095//713 1094//713 1093//713 1092//713 1091//713 1090//713 1089//713 1088//713 1087//713 1086//713 1085//713 1084//713 1083//713 1082//713 1081//713 1080//713 1079//713 1078//713 1077//713 1076//713 1075//713 1074//713
f 848//714 847//714 1099//714 1100//714
f 822//715 821//715 1073//715 1074//715
f 901//716 900//716 1152//716 1153//716
f 875//717 874//717 1126//717 1127//717
f 849//718 848//718 1100//718 1101//718
f 823//719 822//719 1074//719 1075//719
f 902//720 901//720 1153//720 1154//720
f 876//721 875//721 1127//721 1128//721
f 850//722 849//722 1101//722 1102//722
f 824//723 823//723 1075//723 1076//723
f 903//724 902//724 1154//724 1155//724
f 877//725 876//725 1128//725 1129//725
f 851//726 850//726 1102//726 1103//726
f 825//727 824//727 1076//727 1077//727
f 904//728 903//728 1155//728 1156//728
f 878//729 877//729 1129//729 1130//729
f 852//730 851//730 1103//730 1104//730
f 826//731 825//731 1077//731 1078//731
f 821//732 904//732 1156//732 1073//732
f 879//733 878//733 1130//733 1131//733
f 853//734 852//734 1104//734 1105//734
f 827//735 826//735 1078//735 1079//735
f 880//736 879//736 1131//736 1132//736
f 854//737 853//737 1105//737 1106//737
f 828//738 827//738 1079//738 1080//738
f 881//739 880//739 1132//739 1133//739
f 855//740 854//740 1106//740 1107//740
f 829//741 828//741 1080//741 1081//741
f 882//742 881//742 1133//742 1134//742
f 856//743 855//743 1107//743 1108//743
f 830//744 829//744 1081//744 1082//744
f 883//745 882//745 1134//745 1135//745
f 857//746 856//746 1108//746 1109//746
f 831//747 830//747 1082//747 1083//747
f 884//748 883//748 1135//748 1136//748
f 858//749 857//749 1109//749 1110//749
f 832//750 831//750 1083//750 1084//750
f 885//751 884//751 1136//751 1137//751
f 859//752 858//752 1110//752 1111//752
f 833//753 832//753 1084//753 1085//753
f 886//754 885//754 1137//754 1138//754
f 860//755 859//755 1111//755 1112//755
f 834//756 833//756 1085//756 1086//756
f 887//757 886//757 1138//757 1139//757
f 861//758 860//758 1112//758 1113//758
f 835//759 834//759 1086//759 1087//759
f 888//760 887//760 1139//760 1140//760
f 862//761 861//761 1113//761 1114//761
f 836//762 835//762 1087//762 1088//762
f 889//763 888//763 1140//763 1141//763
f 863//764 862//764 1114//764 1115//764
f 837//765 836//765 1088//765 1089//765
f 890//766 889//766 1141//766 1142//766
f 864//767 863//767 1115//767 1116//767
f 838//768 837//768 1089//768 1090//768
f 891//769 890//769 1142//769 1143//769
f 865//770 864//770 1116//770 1117//770
f 839//771 838//771 1090//771 1091//771
f 892//772 891//772 1143//772 1144//772
f 866//773 865//773 1117//773 1118//773
f 840//774 839//774 1091//774 1092//774
f 893//775 892//775 1144//775 1145//775
f 867//776 866//776 1118//776 1119//776
f 841//777 840//777 1092//777 1093//777
f 894//778 893//778 1145//778 1146//778
f 868//779 867//779 1119//779 1120//779
f 842//780 841//780 1093//780 1094//780
f 895//781 894//781 1146//781 1147//781
f 869//782 868//782 1120//782 1121//782
f 843//783 842//783 1094//783 1095//783
f 896//784 895//784 1147//784 1148//784
f 870//785 869//785 1121//785 1122//785
f 844//786 843//786 1095//786 1096//786
f 897//787 896//787 1148//787 1149//787
f 871//788 870//788 1122//788 1123//788
f 845//789 844//789 1096//789 1097//789
f 898//790 897//790 1149//790 1150//790
f 872//791 871//791 1123//791 1124//791
f 846//792 845//792 1097//792 1098//792
f 899//793 898//793 1150//793 1151//793
f 873//794 872//794 1124//794 1125//794
f 847//795 846//795 1098//795 1099//795
f 900//796 899//796 1151//796 1152//796
o BézierCurve.003
v -0.704469 -0.131871 -0.176361
v -0.698632 -0.109860 -0.181130
v -0.690602 -0.089622 -0.187570
v -0.682187 -0.071276 -0.194875
v -0.674734 -0.054941 -0.202238
v -0.669032 -0.040739 -0.208854
v -0.665279 -0.028788 -0.213916
v -0.663200 -0.019208 -0.216619
v -0.662314 -0.012120 -0.216156
v -0.662321 -0.007643 -0.211721
v -0.663484 -0.005897 -0.202508
v -0.666840 -0.007003 -0.187712
v -0.673862 -0.011079 -0.166525
v -0.680212 -0.013985 -0.150073
v -0.686298 -0.015171 -0.134043
v -0.691551 -0.014699 -0.118409
v -0.695527 -0.012632 -0.103147
v -0.697840 -0.009035 -0.088231
v -0.698416 -0.003969 -0.073635
v -0.698618 0.002501 -0.059336
v -0.698675 0.010313 -0.045307
v -0.698596 0.019402 -0.031523
v -0.698388 0.029706 -0.017960
v -0.698057 0.041162 -0.004592
v -0.697613 0.053705 0.008606
v -0.697410 0.061983 0.018900
v -0.697709 0.063078 0.025921
v -0.698472 0.057941 0.030603
v -0.699661 0.047527 0.033877
v -0.701238 0.032788 0.036674
v -0.703165 0.014677 0.039926
v -0.705404 -0.005852 0.044565
v -0.707917 -0.027848 0.051522
v -0.710667 -0.050357 0.061728
v -0.709686 -0.072426 0.076116
v -0.702002 -0.093102 0.095617
v -0.690992 -0.111432 0.121162
v -0.687006 -0.118548 0.133320
v -0.684681 -0.124779 0.143325
v -0.683659 -0.130416 0.150866
v -0.683408 -0.135756 0.155634
v -0.683465 -0.141091 0.157319
v -0.683676 -0.146715 0.155612
v -0.684407 -0.152922 0.150204
v -0.686555 -0.160006 0.140783
v -0.691363 -0.168261 0.127042
v -0.699841 -0.177981 0.108670
v -0.711535 -0.189460 0.085357
v -0.722458 -0.202991 0.056794
v -0.724665 -0.210635 0.047819
v -0.724377 -0.222956 0.041367
v -0.721373 -0.238681 0.036880
v -0.716212 -0.256540 0.033795
v -0.709936 -0.275261 0.031553
v -0.704069 -0.293573 0.029593
v -0.699861 -0.310206 0.027355
v -0.697688 -0.323886 0.024278
v -0.696940 -0.333344 0.019801
v -0.696599 -0.337308 0.013364
v -0.696354 -0.334507 0.004407
v -0.697619 -0.323669 -0.007631
v -0.703532 -0.303820 -0.024393
v -0.710256 -0.286375 -0.037391
v -0.715623 -0.271347 -0.047570
v -0.719081 -0.258750 -0.055878
v -0.720782 -0.248595 -0.063260
v -0.721084 -0.240896 -0.070665
v -0.720358 -0.235666 -0.079039
v -0.719501 -0.232916 -0.089328
v -0.718719 -0.232661 -0.102480
v -0.717452 -0.234913 -0.119441
v -0.714324 -0.239685 -0.141158
v -0.708986 -0.246989 -0.168577
v -0.703124 -0.253855 -0.198208
v -0.699876 -0.255199 -0.217614
v -0.698136 -0.251781 -0.228280
v -0.697105 -0.244358 -0.231695
v -0.696745 -0.233690 -0.229345
v -0.697349 -0.220536 -0.222716
v -0.699004 -0.205653 -0.213296
v -0.701337 -0.189801 -0.202571
v -0.703621 -0.173738 -0.192029
v -0.705122 -0.158223 -0.183155
v -0.705461 -0.144014 -0.177437
v -0.674271 -0.134791 -0.174610
v -0.669155 -0.112781 -0.179379
v -0.661803 -0.092543 -0.185819
v -0.654010 -0.074196 -0.193124
v -0.647102 -0.057862 -0.200487
v -0.641842 -0.043659 -0.207103
v -0.638402 -0.031708 -0.212165
v -0.636491 -0.022128 -0.214868
v -0.635652 -0.015040 -0.214405
v -0.635622 -0.010563 -0.209970
v -0.636647 -0.008818 -0.200757
v -0.639671 -0.009923 -0.185960
v -0.646098 -0.013999 -0.164773
v -0.651943 -0.016906 -0.148322
v -0.657523 -0.018092 -0.132292
v -0.662281 -0.017619 -0.116658
v -0.665770 -0.015553 -0.101396
v -0.667602 -0.011955 -0.086480
v -0.668009 -0.006889 -0.071884
v -0.668211 -0.000419 -0.057585
v -0.668268 0.007392 -0.043556
v -0.668189 0.016482 -0.029772
v -0.667981 0.026786 -0.016209
v -0.667650 0.038241 -0.002841
v -0.667206 0.050785 0.010358
v -0.667003 0.059063 0.020651
v -0.667303 0.060157 0.027672
v -0.668066 0.055021 0.032354
v -0.669254 0.044607 0.035628
v -0.670831 0.029868 0.038425
v -0.672758 0.011757 0.041677
v -0.674997 -0.008773 0.046316
v -0.677510 -0.030769 0.053273
v -0.680242 -0.053277 0.063479
v -0.679741 -0.075346 0.077867
v -0.673009 -0.096022 0.097368
v -0.663551 -0.114352 0.122913
v -0.660306 -0.121469 0.135071
v -0.658547 -0.127699 0.145076
v -0.657899 -0.133337 0.152617
v -0.657870 -0.138676 0.157385
v -0.658060 -0.144011 0.159070
v -0.658334 -0.149635 0.157363
v -0.658961 -0.155842 0.151955
v -0.660702 -0.162927 0.142535
v -0.664718 -0.171182 0.128793
v -0.672067 -0.180902 0.110421
v -0.682520 -0.192381 0.087108
v -0.692443 -0.205912 0.058545
v -0.694479 -0.213556 0.049570
v -0.694636 -0.225876 0.043119
v -0.692343 -0.241601 0.038631
v -0.687963 -0.259460 0.035546
v -0.682482 -0.278182 0.033304
v -0.677361 -0.296494 0.031345
v -0.673781 -0.313126 0.029106
v -0.672050 -0.326807 0.026029
v -0.671535 -0.336265 0.021552
v -0.671265 -0.340229 0.015116
v -0.670915 -0.337427 0.006158
v -0.671731 -0.326589 -0.005880
v -0.676662 -0.306740 -0.022642
v -0.682486 -0.289295 -0.035640
v -0.687084 -0.274268 -0.045819
v -0.689894 -0.261670 -0.054127
v -0.691048 -0.251516 -0.061509
v -0.690884 -0.243817 -0.068914
v -0.689951 -0.238586 -0.077288
v -0.689094 -0.235837 -0.087577
v -0.688313 -0.235582 -0.100729
v -0.687045 -0.237834 -0.117690
v -0.683917 -0.242605 -0.139407
v -0.678580 -0.249910 -0.166826
v -0.672717 -0.256775 -0.196457
v -0.669469 -0.258120 -0.215862
v -0.667729 -0.254701 -0.226529
v -0.666698 -0.247279 -0.229944
v -0.666338 -0.236611 -0.227594
v -0.666942 -0.223456 -0.220965
v -0.668597 -0.208573 -0.211545
v -0.670930 -0.192721 -0.200820
v -0.673214 -0.176658 -0.190277
v -0.674716 -0.161143 -0.181404
v -0.675054 -0.146934 -0.175685
v -0.688902 -0.133252 -0.180086
v -0.682790 -0.110442 -0.185029
v -0.674434 -0.089469 -0.191702
v -0.665866 -0.070456 -0.199273
v -0.658517 -0.053529 -0.206903
v -0.653158 -0.038810 -0.213760
v -0.649885 -0.026425 -0.219006
v -0.648247 -0.016497 -0.221807
v -0.647592 -0.009152 -0.221327
v -0.647528 -0.004512 -0.216731
v -0.648304 -0.002703 -0.207184
v -0.651057 -0.003848 -0.191849
v -0.657555 -0.008073 -0.169893
v -0.663805 -0.011085 -0.152843
v -0.669992 -0.012314 -0.136231
v -0.675448 -0.011824 -0.120030
v -0.679638 -0.009683 -0.104213
v -0.682100 -0.005954 -0.088755
v -0.682708 -0.000705 -0.073629
v -0.682918 0.006001 -0.058810
v -0.682977 0.014096 -0.044272
v -0.682895 0.023515 -0.029987
v -0.682679 0.034194 -0.015931
v -0.682337 0.046065 -0.002077
v -0.681876 0.059064 0.011600
v -0.681666 0.067643 0.022267
v -0.681976 0.068778 0.029544
v -0.682767 0.063455 0.034396
v -0.683999 0.052662 0.037789
v -0.685633 0.037388 0.040688
v -0.687630 0.018619 0.044058
v -0.689950 -0.002656 0.048865
v -0.692555 -0.025451 0.056074
v -0.695386 -0.048778 0.066652
v -0.693992 -0.071648 0.081562
v -0.685850 -0.093075 0.101771
v -0.675266 -0.112071 0.128245
v -0.671939 -0.119446 0.140844
v -0.670366 -0.125903 0.151212
v -0.670032 -0.131745 0.159027
v -0.670279 -0.137279 0.163968
v -0.670568 -0.142807 0.165715
v -0.670696 -0.148636 0.163946
v -0.670966 -0.155068 0.158341
v -0.672325 -0.162410 0.148579
v -0.676230 -0.170965 0.134338
v -0.684024 -0.181038 0.115298
v -0.695625 -0.192934 0.091139
v -0.707200 -0.206956 0.061538
v -0.709703 -0.214878 0.052237
v -0.709418 -0.227646 0.045551
v -0.706146 -0.243943 0.040901
v -0.700768 -0.262450 0.037704
v -0.694499 -0.281852 0.035381
v -0.688991 -0.300829 0.033350
v -0.685493 -0.318065 0.031030
v -0.684186 -0.332243 0.027841
v -0.684120 -0.342045 0.023202
v -0.683957 -0.346152 0.016531
v -0.683191 -0.343249 0.007249
v -0.683313 -0.332018 -0.005227
v -0.688101 -0.311448 -0.022598
v -0.694543 -0.293369 -0.036068
v -0.699996 -0.277796 -0.046617
v -0.703666 -0.264741 -0.055226
v -0.705590 -0.254217 -0.062877
v -0.706081 -0.246238 -0.070551
v -0.705448 -0.240818 -0.079229
v -0.704560 -0.237969 -0.089892
v -0.703749 -0.237704 -0.103521
v -0.702165 -0.240038 -0.121098
v -0.698607 -0.244983 -0.143604
v -0.692878 -0.252553 -0.172020
v -0.686971 -0.259668 -0.202727
v -0.683937 -0.261061 -0.222837
v -0.682324 -0.257518 -0.233892
v -0.681198 -0.249826 -0.237430
v -0.680597 -0.238771 -0.234995
v -0.680962 -0.225138 -0.228125
v -0.682507 -0.209715 -0.218363
v -0.684910 -0.193287 -0.207249
v -0.687412 -0.176640 -0.196323
v -0.689192 -0.160562 -0.187127
v -0.689778 -0.145837 -0.181201
v -0.714601 -0.131387 -0.156701
v -0.711185 -0.112879 -0.160711
v -0.705718 -0.095861 -0.166127
v -0.699339 -0.080435 -0.172269
v -0.693020 -0.066700 -0.178460
v -0.687489 -0.054757 -0.184023
v -0.683188 -0.044708 -0.188280
v -0.680306 -0.036653 -0.190553
v -0.678890 -0.030693 -0.190164
v -0.679018 -0.026929 -0.186434
v -0.680962 -0.025461 -0.178688
v -0.685218 -0.026390 -0.166246
v -0.692219 -0.029818 -0.148430
v -0.697561 -0.032262 -0.134597
v -0.702097 -0.033259 -0.121118
v -0.705611 -0.032862 -0.107972
v -0.707940 -0.031124 -0.095139
v -0.708948 -0.028099 -0.082596
v -0.709246 -0.023839 -0.070324
v -0.709416 -0.018399 -0.058300
v -0.709464 -0.011830 -0.046503
v -0.709397 -0.004188 -0.034913
v -0.709222 0.004477 -0.023509
v -0.708944 0.014109 -0.012268
v -0.708570 0.024656 -0.001170
v -0.708400 0.031617 0.007485
v -0.708652 0.032537 0.013389
v -0.709293 0.028218 0.017326
v -0.710293 0.019462 0.020079
v -0.711619 0.007068 0.022431
v -0.713239 -0.008160 0.025166
v -0.715122 -0.025423 0.029066
v -0.717235 -0.043918 0.034916
v -0.719547 -0.062845 0.043498
v -0.720615 -0.081402 0.055596
v -0.716624 -0.098787 0.071994
v -0.708029 -0.114200 0.093473
v -0.703727 -0.120184 0.103697
v -0.700348 -0.125423 0.112109
v -0.698005 -0.130164 0.118450
v -0.696665 -0.134653 0.122459
v -0.696281 -0.139139 0.123876
v -0.696913 -0.143868 0.122441
v -0.698810 -0.149088 0.117893
v -0.702396 -0.155045 0.109972
v -0.708104 -0.161986 0.098418
v -0.715955 -0.170159 0.082969
v -0.724782 -0.179811 0.063366
v -0.731075 -0.191189 0.039349
v -0.731812 -0.197616 0.031802
v -0.732338 -0.207976 0.026377
v -0.731540 -0.221199 0.022604
v -0.728765 -0.236216 0.020010
v -0.724374 -0.251958 0.018125
v -0.719285 -0.267356 0.016477
v -0.714545 -0.281341 0.014595
v -0.710920 -0.292844 0.012008
v -0.708737 -0.300797 0.008243
v -0.708057 -0.304130 0.002831
v -0.709105 -0.301775 -0.004701
v -0.712606 -0.292662 -0.014823
v -0.719404 -0.275971 -0.028918
v -0.724760 -0.261303 -0.039847
v -0.728059 -0.248667 -0.048406
v -0.729467 -0.238074 -0.055392
v -0.729418 -0.229535 -0.061600
v -0.728524 -0.223061 -0.067826
v -0.727696 -0.218663 -0.074867
v -0.726976 -0.216352 -0.083519
v -0.726318 -0.216137 -0.094578
v -0.725679 -0.218031 -0.108840
v -0.724236 -0.222043 -0.127100
v -0.720715 -0.228185 -0.150156
v -0.715731 -0.233958 -0.175072
v -0.712285 -0.235088 -0.191389
v -0.710363 -0.232214 -0.200358
v -0.709627 -0.225973 -0.203230
v -0.709881 -0.217003 -0.201253
v -0.710980 -0.205941 -0.195680
v -0.712640 -0.193427 -0.187759
v -0.714387 -0.180097 -0.178741
v -0.715665 -0.166591 -0.169876
v -0.716068 -0.153545 -0.162414
v -0.715529 -0.141597 -0.157606
vn -0.8764 -0.3149 0.3644
vn 0.9966 -0.0711 0.0417
vn 0.3189 -0.2763 -0.9066
vn 0.3011 -0.3915 -0.8695
vn 0.2853 -0.4598 -0.8410
vn 0.2759 -0.4908 -0.8264
vn 0.2788 -0.4877 -0.8273
vn 0.3037 -0.4414 -0.8443
vn 0.3708 -0.3140 -0.8740
vn 0.5063 0.0039 -0.8623
vn 0.6052 0.5571 -0.5687
vn 0.5053 0.8555 -0.1136
vn 0.4012 0.9045 0.1445
vn 0.3400 0.8993 0.2749
vn 0.3369 0.8988 0.2804
vn 0.3646 0.9097 0.1987
vn 0.3866 0.9172 0.0963
vn 0.4009 0.9158 -0.0250
vn 0.4054 0.9001 -0.1598
vn 0.4023 0.8691 -0.2879
vn 0.3971 0.8383 -0.3737
vn 0.3889 0.8056 -0.4470
vn 0.3769 0.7723 -0.5114
vn 0.3620 0.7396 -0.5674
vn 0.3454 0.7084 -0.6156
vn 0.3278 0.6793 -0.6566
vn 0.3587 0.7239 -0.5893
vn 0.4924 0.8629 -0.1135
vn 0.4264 0.5740 0.6991
vn 0.2772 0.2592 0.9252
vn 0.2272 0.1581 0.9609
vn 0.2230 0.1493 0.9633
vn 0.2396 0.1890 0.9523
vn 0.2657 0.2630 0.9275
vn 0.2935 0.3650 0.8835
vn 0.3298 0.5253 0.7844
vn 0.3563 0.7046 0.6137
vn 0.3535 0.8192 0.4516
vn 0.3478 0.8465 0.4031
vn 0.3613 0.8169 0.4496
vn 0.3870 0.7502 0.5361
vn 0.4312 0.5961 0.6773
vn 0.4744 0.2461 0.8452
vn 0.4322 -0.2757 0.8586
vn 0.3269 -0.6339 0.7009
vn 0.2492 -0.7929 0.5560
vn 0.2036 -0.8636 0.4612
vn 0.1762 -0.8978 0.4037
vn 0.1587 -0.9130 0.3758
vn 0.1478 -0.9138 0.3783
vn 0.1765 -0.7706 0.6124
vn 0.1946 -0.4542 0.8694
vn 0.1910 -0.2385 0.9522
vn 0.1861 -0.1185 0.9754
vn 0.1837 -0.0609 0.9811
vn 0.1868 -0.0517 0.9810
vn 0.1998 -0.0896 0.9757
vn 0.2318 -0.1893 0.9541
vn 0.3027 -0.4003 0.8649
vn 0.4149 -0.7685 0.4870
vn 0.3909 -0.8850 -0.2529
vn 0.2860 -0.7067 -0.6472
vn 0.2377 -0.5927 -0.7695
vn 0.2134 -0.5352 -0.8173
vn 0.1951 -0.5053 -0.8406
vn 0.1854 -0.5079 -0.8412
vn 0.1845 -0.5598 -0.8078
vn 0.1886 -0.6787 -0.7098
vn 0.1867 -0.8408 -0.5081
vn 0.1679 -0.9558 -0.2414
vn 0.1382 -0.9903 -0.0110
vn 0.1110 -0.9839 0.1398
vn 0.0912 -0.9697 0.2268
vn 0.0783 -0.9594 0.2711
vn 0.0903 -0.9662 0.2415
vn 0.1568 -0.9832 0.0930
vn 0.3045 -0.9197 -0.2478
vn 0.4726 -0.4231 -0.7731
vn 0.4296 0.1761 -0.8857
vn 0.3667 0.4292 -0.8254
vn 0.3365 0.5287 -0.7792
vn 0.3265 0.5620 -0.7599
vn 0.3287 0.5514 -0.7668
vn 0.3391 0.4934 -0.8010
vn 0.3532 0.3590 -0.8640
vn 0.3547 0.0588 -0.9331
vn -0.2219 0.1027 -0.9697
vn -0.1762 0.3627 -0.9151
vn -0.1443 0.4799 -0.8653
vn -0.1263 0.5313 -0.8377
vn -0.1210 0.5440 -0.8303
vn -0.1318 0.5202 -0.8438
vn -0.1695 0.4386 -0.8826
vn -0.2619 0.2187 -0.9400
vn -0.4191 -0.3295 -0.8461
vn -0.4221 -0.8423 -0.3351
vn -0.3388 -0.9408 0.0113
vn -0.2926 -0.9425 0.1613
vn -0.2846 -0.9389 0.1937
vn -0.2951 -0.9416 0.1623
vn -0.3089 -0.9458 0.1001
vn -0.3214 -0.9462 -0.0375
vn -0.3176 -0.9092 -0.2694
vn -0.2831 -0.8031 -0.5242
vn -0.2354 -0.6799 -0.6945
vn -0.2010 -0.5988 -0.7752
vn -0.1900 -0.5768 -0.7945
vn -0.1996 -0.5969 -0.7771
vn -0.2237 -0.6343 -0.7400
vn -0.2565 -0.6624 -0.7039
vn -0.3242 -0.7121 -0.6228
vn -0.4938 -0.8217 -0.2844
vn -0.5870 -0.6992 0.4080
vn -0.4653 -0.3947 0.7923
vn -0.3761 -0.2478 0.8928
vn -0.3351 -0.2001 0.9207
vn -0.3196 -0.1967 0.9269
vn -0.3184 -0.2153 0.9232
vn -0.3273 -0.2521 0.9107
vn -0.3452 -0.3195 0.8825
vn -0.3667 -0.4381 0.8207
vn -0.3765 -0.6551 0.6550
vn -0.3587 -0.7822 0.5093
vn -0.3693 -0.7490 0.5500
vn -0.3874 -0.7346 0.5571
vn -0.4128 -0.7183 0.5600
vn -0.4492 -0.6727 0.5880
vn -0.5024 -0.5451 0.6712
vn -0.5510 -0.2273 0.8029
vn -0.4952 0.2761 0.8238
vn -0.3625 0.6207 0.6952
vn -0.2731 0.7588 0.5914
vn -0.2309 0.8055 0.5458
vn -0.2155 0.8137 0.5399
vn -0.2477 0.7355 0.6306
vn -0.2877 0.5977 0.7483
vn -0.3080 0.5081 0.8043
vn -0.3174 0.4234 0.8485
vn -0.3147 0.3187 0.8941
vn -0.3062 0.2415 0.9208
vn -0.2988 0.1994 0.9333
vn -0.3009 0.2088 0.9305
vn -0.3264 0.3172 0.8904
vn -0.3864 0.6520 0.6523
vn -0.3036 0.9394 -0.1594
vn -0.1454 0.7724 -0.6183
vn -0.1161 0.7219 -0.6822
vn -0.1324 0.7543 -0.6431
vn -0.1482 0.7886 -0.5968
vn -0.1628 0.8241 -0.5425
vn -0.1756 0.8598 -0.4795
vn -0.1857 0.8942 -0.4072
vn -0.1920 0.9248 -0.3286
vn -0.1934 0.9464 -0.2587
vn -0.1908 0.9648 -0.1808
vn -0.1838 0.9787 -0.0914
vn -0.1722 0.9850 0.0081
vn -0.1556 0.9811 0.1148
vn -0.1551 0.9780 0.1396
vn -0.1913 0.9809 0.0345
vn -0.2653 0.9419 -0.2059
vn -0.3636 0.6567 -0.6607
vn -0.3446 0.0978 -0.9336
vn -0.2818 -0.2104 -0.9361
vn -0.2493 -0.3158 -0.9155
vn -0.2372 -0.3342 -0.9122
vn -0.2352 -0.3105 -0.9210
vn -0.2375 -0.2642 -0.9348
vn -0.2407 -0.2061 -0.9485
vn -0.2419 -0.1434 -0.9596
vn -0.9964 0.0743 -0.0398
vn -0.9487 0.2781 0.1505
vn -0.8690 0.0932 -0.4859
vn -0.7975 0.2576 -0.5455
vn -0.8708 -0.3227 0.3708
vn -0.9304 0.2023 0.3055
vn -0.8400 0.1373 -0.5249
vn -0.8074 0.2527 -0.5332
vn -0.8794 -0.3061 0.3646
vn -0.9157 0.1673 0.3653
vn -0.8214 0.1397 -0.5529
vn -0.8280 0.2358 -0.5088
vn -0.9008 -0.2817 0.3304
vn -0.9143 0.1638 0.3705
vn -0.8138 0.1160 -0.5695
vn -0.8556 0.1989 -0.4779
vn -0.9297 -0.2734 0.2470
vn -0.9194 0.1794 0.3500
vn -0.8158 0.0840 -0.5721
vn -0.8808 0.1163 -0.4591
vn -0.9481 -0.3007 0.1034
vn -0.9249 0.2066 0.3191
vn -0.8280 0.0673 -0.5567
vn -0.9298 -0.3617 -0.0679
vn -0.9272 0.2427 0.2854
vn -0.8514 0.0939 -0.5160
vn -0.8782 -0.4337 -0.2016
vn -0.9124 0.2249 0.3419
vn -0.8784 0.1838 -0.4412
vn -0.8422 -0.4875 -0.2303
vn -0.8764 0.1596 0.4543
vn -0.8851 0.3202 -0.3379
vn -0.8208 -0.5061 -0.2649
vn -0.8490 0.1925 0.4921
vn -0.8597 0.4495 -0.2427
vn -0.8108 -0.4805 -0.3343
vn -0.8372 0.2765 0.4719
vn -0.8223 0.5364 -0.1897
vn -0.8118 -0.4305 -0.3945
vn -0.8501 0.2866 0.4418
vn -0.7927 0.5848 -0.1725
vn -0.8293 -0.3746 -0.4145
vn -0.8726 0.2655 0.4100
vn -0.7902 0.5782 -0.2029
vn -0.8639 -0.3300 -0.3806
vn -0.9022 0.1967 0.3838
vn -0.8048 0.5385 -0.2498
vn -0.9001 -0.3229 -0.2925
vn -0.9265 0.0850 0.3665
vn -0.8211 0.5053 -0.2654
vn -0.9192 -0.3547 -0.1713
vn -0.9316 -0.0339 0.3619
vn -0.8403 0.4793 -0.2535
vn -0.9177 -0.3923 -0.0622
vn -0.9192 -0.1164 0.3761
vn -0.8609 0.4610 -0.2153
vn -0.9033 -0.4289 0.0018
vn -0.8996 -0.1499 0.4102
vn -0.8738 0.4499 -0.1845
vn -0.8849 -0.4657 0.0012
vn -0.8788 -0.1474 0.4539
vn -0.8726 0.4403 -0.2116
vn -0.8673 -0.4974 -0.0197
vn -0.8630 -0.1335 0.4873
vn -0.8661 0.4353 -0.2459
vn -0.8735 -0.4829 -0.0618
vn -0.8652 -0.1385 0.4819
vn -0.8569 0.4326 -0.2804
vn -0.9089 -0.3916 -0.1432
vn -0.8990 -0.2005 0.3893
vn -0.8449 0.4322 -0.3153
vn -0.9379 -0.2391 -0.2515
vn -0.9342 -0.1717 0.3127
vn -0.8299 0.4336 -0.3510
vn -0.9267 -0.0514 -0.3722
vn -0.9360 -0.1555 0.3157
vn -0.8118 0.4367 -0.3877
vn -0.8787 0.1072 -0.4652
vn -0.9189 -0.2150 0.3307
vn -0.8423 0.4280 -0.3277
vn -0.8307 0.2028 -0.5184
vn -0.8944 -0.2766 0.3515
vn -0.9236 0.3708 -0.0972
vn -0.8035 0.2459 -0.5422
s 0
usemtl Material.005
f 1210//797 1209//797 1461//797 1462//797
f 1241//798 1242//798 1243//798 1244//798 1245//798 1246//798 1247//798 1248//798 1249//798 1250//798 1251//798 1252//798 1253//798 1254//798 1255//798 1256//798 1257//798 1258//798 1259//798 1260//798 1261//798 1262//798 1263//798 1264//798 1265//798 1266//798 1267//798 1268//798 1269//798 1270//798 1271//798 1272//798 1273//798 1274//798 1275//798 1276//798 1277//798 1278//798 1279//798 1280//798 1281//798 1282//798 1283//798 1284//798 1285//798 1286//798 1287//798 1288//798 1289//798 1290//798 1291//798 1292//798 1293//798 1294//798 1295//798 1296//798 1297//798 1298//798 1299//798 1300//798 1301//798 1302//798 1303//798 1304//798 1305//798 1306//798 1307//798 1308//798 1309//798 1310//798 1311//798 1312//798 1313//798 1314//798 1315//798 1316//798 1317//798 1318//798 1319//798 1320//798 1321//798 1322//798 1323//798 1324//798
f 1325//799 1326//799 1242//799 1241//799
f 1326//800 1327//800 1243//800 1242//800
f 1327//801 1328//801 1244//801 1243//801
f 1328//802 1329//802 1245//802 1244//802
f 1329//803 1330//803 1246//803 1245//803
f 1330//804 1331//804 1247//804 1246//804
f 1331//805 1332//805 1248//805 1247//805
f 1332//806 1333//806 1249//806 1248//806
f 1333//807 1334//807 1250//807 1249//807
f 1334//808 1335//808 1251//808 1250//808
f 1335//809 1336//809 1252//809 1251//809
f 1336//810 1337//810 1253//810 1252//810
f 1337//811 1338//811 1254//811 1253//811
f 1338//812 1339//812 1255//812 1254//812
f 1339//813 1340//813 1256//813 1255//813
f 1340//814 1341//814 1257//814 1256//814
f 1341//815 1342//815 1258//815 1257//815
f 1342//816 1343//816 1259//816 1258//816
f 1343//817 1344//817 1260//817 1259//817
f 1344//818 1345//818 1261//818 1260//818
f 1345//819 1346//819 1262//819 1261//819
f 1346//820 1347//820 1263//820 1262//820
f 1347//821 1348//821 1264//821 1263//821
f 1348//822 1349//822 1265//822 1264//822
f 1349//823 1350//823 1266//823 1265//823
f 1350//824 1351//824 1267//824 1266//824
f 1351//825 1352//825 1268//825 1267//825
f 1352//826 1353//826 1269//826 1268//826
f 1353//827 1354//827 1270//827 1269//827
f 1354//828 1355//828 1271//828 1270//828
f 1355//829 1356//829 1272//829 1271//829
f 1356//830 1357//830 1273//830 1272//830
f 1357//831 1358//831 1274//831 1273//831
f 1358//832 1359//832 1275//832 1274//832
f 1359//833 1360//833 1276//833 1275//833
f 1360//834 1361//834 1277//834 1276//834
f 1361//835 1362//835 1278//835 1277//835
f 1362//836 1363//836 1279//836 1278//836
f 1363//837 1364//837 1280//837 1279//837
f 1364//838 1365//838 1281//838 1280//838
f 1365//839 1366//839 1282//839 1281//839
f 1366//840 1367//840 1283//840 1282//840
f 1367//841 1368//841 1284//841 1283//841
f 1368//842 1369//842 1285//842 1284//842
f 1369//843 1370//843 1286//843 1285//843
f 1370//844 1371//844 1287//844 1286//844
f 1371//845 1372//845 1288//845 1287//845
f 1372//846 1373//846 1289//846 1288//846
f 1373//847 1374//847 1290//847 1289//847
f 1374//848 1375//848 1291//848 1290//848
f 1375//849 1376//849 1292//849 1291//849
f 1376//850 1377//850 1293//850 1292//850
f 1377//851 1378//851 1294//851 1293//851
f 1378//852 1379//852 1295//852 1294//852
f 1379//853 1380//853 1296//853 1295//853
f 1380//854 1381//854 1297//854 1296//854
f 1381//855 1382//855 1298//855 1297//855
f 1382//856 1383//856 1299//856 1298//856
f 1383//857 1384//857 1300//857 1299//857
f 1384//858 1385//858 1301//858 1300//858
f 1385//859 1386//859 1302//859 1301//859
f 1386//860 1387//860 1303//860 1302//860
f 1387//861 1388//861 1304//861 1303//861
f 1388//862 1389//862 1305//862 1304//862
f 1389//863 1390//863 1306//863 1305//863
f 1390//864 1391//864 1307//864 1306//864
f 1391//865 1392//865 1308//865 1307//865
f 1392//866 1393//866 1309//866 1308//866
f 1393//867 1394//867 1310//867 1309//867
f 1394//868 1395//868 1311//868 1310//868
f 1395//869 1396//869 1312//869 1311//869
f 1396//870 1397//870 1313//870 1312//870
f 1397//871 1398//871 1314//871 1313//871
f 1398//872 1399//872 1315//872 1314//872
f 1399//873 1400//873 1316//873 1315//873
f 1400//874 1401//874 1317//874 1316//874
f 1401//875 1402//875 1318//875 1317//875
f 1402//876 1403//876 1319//876 1318//876
f 1403//877 1404//877 1320//877 1319//877
f 1404//878 1405//878 1321//878 1320//878
f 1405//879 1406//879 1322//879 1321//879
f 1406//880 1407//880 1323//880 1322//880
f 1407//881 1408//881 1324//881 1323//881
f 1408//882 1325//882 1241//882 1324//882
f 1240//883 1157//883 1325//883 1408//883
f 1239//884 1240//884 1408//884 1407//884
f 1238//885 1239//885 1407//885 1406//885
f 1237//886 1238//886 1406//886 1405//886
f 1236//887 1237//887 1405//887 1404//887
f 1235//888 1236//888 1404//888 1403//888
f 1234//889 1235//889 1403//889 1402//889
f 1233//890 1234//890 1402//890 1401//890
f 1232//891 1233//891 1401//891 1400//891
f 1231//892 1232//892 1400//892 1399//892
f 1230//893 1231//893 1399//893 1398//893
f 1229//894 1230//894 1398//894 1397//894
f 1228//895 1229//895 1397//895 1396//895
f 1227//896 1228//896 1396//896 1395//896
f 1226//897 1227//897 1395//897 1394//897
f 1225//898 1226//898 1394//898 1393//898
f 1224//899 1225//899 1393//899 1392//899
f 1223//900 1224//900 1392//900 1391//900
f 1222//901 1223//901 1391//901 1390//901
f 1221//902 1222//902 1390//902 1389//902
f 1220//903 1221//903 1389//903 1388//903
f 1219//904 1220//904 1388//904 1387//904
f 1218//905 1219//905 1387//905 1386//905
f 1217//906 1218//906 1386//906 1385//906
f 1216//907 1217//907 1385//907 1384//907
f 1215//908 1216//908 1384//908 1383//908
f 1214//909 1215//909 1383//909 1382//909
f 1213//910 1214//910 1382//910 1381//910
f 1212//911 1213//911 1381//911 1380//911
f 1211//912 1212//912 1380//912 1379//912
f 1210//913 1211//913 1379//913 1378//913
f 1209//914 1210//914 1378//914 1377//914
f 1208//915 1209//915 1377//915 1376//915
f 1207//916 1208//916 1376//916 1375//916
f 1206//917 1207//917 1375//917 1374//917
f 1205//918 1206//918 1374//918 1373//918
f 1204//919 1205//919 1373//919 1372//919
f 1203//920 1204//920 1372//920 1371//920
f 1202//921 1203//921 1371//921 1370//921
f 1201//922 1202//922 1370//922 1369//922
f 1200//923 1201//923 1369//923 1368//923
f 1199//924 1200//924 1368//924 1367//924
f 1198//925 1199//925 1367//925 1366//925
f 1197//926 1198//926 1366//926 1365//926
f 1196//927 1197//927 1365//927 1364//927
f 1195//928 1196//928 1364//928 1363//928
f 1194//929 1195//929 1363//929 1362//929
f 1193//930 1194//930 1362//930 1361//930
f 1192//931 1193//931 1361//931 1360//931
f 1191//932 1192//932 1360//932 1359//932
f 1190//933 1191//933 1359//933 1358//933
f 1189//934 1190//934 1358//934 1357//934
f 1188//935 1189//935 1357//935 1356//935
f 1187//936 1188//936 1356//936 1355//936
f 1186//937 1187//937 1355//937 1354//937
f 1185//938 1186//938 1354//938 1353//938
f 1184//939 1185//939 1353//939 1352//939
f 1183//940 1184//940 1352//940 1351//940
f 1182//941 1183//941 1351//941 1350//941
f 1181//942 1182//942 1350//942 1349//942
f 1180//943 1181//943 1349//943 1348//943
f 1179//944 1180//944 1348//944 1347//944
f 1178//945 1179//945 1347//945 1346//945
f 1177//946 1178//946 1346//946 1345//946
f 1176//947 1177//947 1345//947 1344//947
f 1175//948 1176//948 1344//948 1343//948
f 1174//949 1175//949 1343//949 1342//949
f 1173//950 1174//950 1342//950 1341//950
f 1172//951 1173//951 1341//951 1340//951
f 1171//952 1172//952 1340//952 1339//952
f 1170//953 1171//953 1339//953 1338//953
f 1169//954 1170//954 1338//954 1337//954
f 1168//955 1169//955 1337//955 1336//955
f 1167//956 1168//956 1336//956 1335//956
f 1166//957 1167//957 1335//957 1334//957
f 1165//958 1166//958 1334//958 1333//958
f 1164//959 1165//959 1333//959 1332//959
f 1163//960 1164//960 1332//960 1331//960
f 1162//961 1163//961 1331//961 1330//961
f 1161//962 1162//962 1330//962 1329//962
f 1160//963 1161//963 1329//963 1328//963
f 1159//964 1160//964 1328//964 1327//964
f 1158//965 1159//965 1327//965 1326//965
f 1157//966 1158//966 1326//966 1325//966
f 1409//967 1492//967 1491//967 1490//967 1489//967 1488//967 1487//967 1486//967 1485//967 1484//967 1483//967 1482//967 1481//967 1480//967 1479//967 1478//967 1477//967 1476//967 1475//967 1474//967 1473//967 1472//967 1471//967 1470//967 1469//967 1468//967 1467//967 1466//967 1465//967 1464//967 1463//967 1462//967 1461//967 1460//967 1459//967 1458//967 1457//967 1456//967 1455//967 1454//967 1453//967 1452//967 1451//967 1450//967 1449//967 1448//967 1447//967 1446//967 1445//967 1444//967 1443//967 1442//967 1441//967 1440//967 1439//967 1438//967 1437//967 1436//967 1435//967 1434//967 1433//967 1432//967 1431//967 1430//967 1429//967 1428//967 1427//967 1426//967 1425//967 1424//967 1423//967 1422//967 1421//967 1420//967 1419//967 1418//967 1417//967 1416//967 1415//967 1414//967 1413//967 1412//967 1411//967 1410//967
f 1184//968 1183//968 1435//968 1436//968
f 1158//969 1157//969 1409//969 1410//969
f 1237//970 1236//970 1488//970 1489//970
f 1211//971 1210//971 1462//971 1463//971
f 1185//972 1184//972 1436//972 1437//972
f 1159//973 1158//973 1410//973 1411//973
f 1238//974 1237//974 1489//974 1490//974
f 1212//975 1211//975 1463//975 1464//975
f 1186//976 1185//976 1437//976 1438//976
f 1160//977 1159//977 1411//977 1412//977
f 1239//978 1238//978 1490//978 1491//978
f 1213//979 1212//979 1464//979 1465//979
f 1187//980 1186//980 1438//980 1439//980
f 1161//981 1160//981 1412//981 1413//981
f 1240//982 1239//982 1491//982 1492//982
f 1214//983 1213//983 1465//983 1466//983
f 1188//984 1187//984 1439//984 1440//984
f 1162//985 1161//985 1413//985 1414//985
f 1157//986 1240//986 1492//986 1409//986
f 1215//987 1214//987 1466//987 1467//987
f 1189//988 1188//988 1440//988 1441//988
f 1163//989 1162//989 1414//989 1415//989
f 1216//990 1215//990 1467//990 1468//990
f 1190//991 1189//991 1441//991 1442//991
f 1164//992 1163//992 1415//992 1416//992
f 1217//993 1216//993 1468//993 1469//993
f 1191//994 1190//994 1442//994 1443//994
f 1165//995 1164//995 1416//995 1417//995
f 1218//996 1217//996 1469//996 1470//996
f 1192//997 1191//997 1443//997 1444//997
f 1166//998 1165//998 1417//998 1418//998
f 1219//999 1218//999 1470//999 1471//999
f 1193//1000 1192//1000 1444//1000 1445//1000
f 1167//1001 1166//1001 1418//1001 1419//1001
f 1220//1002 1219//1002 1471//1002 1472//1002
f 1194//1003 1193//1003 1445//1003 1446//1003
f 1168//1004 1167//1004 1419//1004 1420//1004
f 1221//1005 1220//1005 1472//1005 1473//1005
f 1195//1006 1194//1006 1446//1006 1447//1006
f 1169//1007 1168//1007 1420//1007 1421//1007
f 1222//1008 1221//1008 1473//1008 1474//1008
f 1196//1009 1195//1009 1447//1009 1448//1009
f 1170//1010 1169//1010 1421//1010 1422//1010
f 1223//1011 1222//1011 1474//1011 1475//1011
f 1197//1012 1196//1012 1448//1012 1449//1012
f 1171//1013 1170//1013 1422//1013 1423//1013
f 1224//1014 1223//1014 1475//1014 1476//1014
f 1198//1015 1197//1015 1449//1015 1450//1015
f 1172//1016 1171//1016 1423//1016 1424//1016
f 1225//1017 1224//1017 1476//1017 1477//1017
f 1199//1018 1198//1018 1450//1018 1451//1018
f 1173//1019 1172//1019 1424//1019 1425//1019
f 1226//1020 1225//1020 1477//1020 1478//1020
f 1200//1021 1199//1021 1451//1021 1452//1021
f 1174//1022 1173//1022 1425//1022 1426//1022
f 1227//1023 1226//1023 1478//1023 1479//1023
f 1201//1024 1200//1024 1452//1024 1453//1024
f 1175//1025 1174//1025 1426//1025 1427//1025
f 1228//1026 1227//1026 1479//1026 1480//1026
f 1202//1027 1201//1027 1453//1027 1454//1027
f 1176//1028 1175//1028 1427//1028 1428//1028
f 1229//1029 1228//1029 1480//1029 1481//1029
f 1203//1030 1202//1030 1454//1030 1455//1030
f 1177//1031 1176//1031 1428//1031 1429//1031
f 1230//1032 1229//1032 1481//1032 1482//1032
f 1204//1033 1203//1033 1455//1033 1456//1033
f 1178//1034 1177//1034 1429//1034 1430//1034
f 1231//1035 1230//1035 1482//1035 1483//1035
f 1205//1036 1204//1036 1456//1036 1457//1036
f 1179//1037 1178//1037 1430//1037 1431//1037
f 1232//1038 1231//1038 1483//1038 1484//1038
f 1206//1039 1205//1039 1457//1039 1458//1039
f 1180//1040 1179//1040 1431//1040 1432//1040
f 1233//1041 1232//1041 1484//1041 1485//1041
f 1207//1042 1206//1042 1458//1042 1459//1042
f 1181//1043 1180//1043 1432//1043 1433//1043
f 1234//1044 1233//1044 1485//1044 1486//1044
f 1208//1045 1207//1045 1459//1045 1460//1045
f 1182//1046 1181//1046 1433//1046 1434//1046
f 1235//1047 1234//1047 1486//1047 1487//1047
f 1209//1048 1208//1048 1460//1048 1461//1048
f 1183//1049 1182//1049 1434//1049 1435//1049
f 1236//1050 1235//1050 1487//1050 1488//1050
o BézierCurve.004
v -0.406356 1.273414 -0.365088
v -0.399124 1.295425 -0.367211
v -0.389221 1.315663 -0.370022
v -0.378627 1.334009 -0.373479
v -0.368898 1.350344 -0.377365
v -0.361072 1.364546 -0.381242
v -0.355645 1.376497 -0.384447
v -0.352679 1.386077 -0.386128
v -0.352043 1.393165 -0.385358
v -0.353774 1.397642 -0.381274
v -0.358429 1.399388 -0.373239
v -0.367274 1.398282 -0.360912
v -0.381983 1.394206 -0.344123
v -0.394231 1.391299 -0.331436
v -0.406071 1.390114 -0.319034
v -0.416990 1.390586 -0.306674
v -0.426589 1.392653 -0.294159
v -0.434520 1.396250 -0.281316
v -0.440726 1.401316 -0.268094
v -0.446473 1.407786 -0.254998
v -0.451982 1.415598 -0.242096
v -0.457269 1.424687 -0.229366
v -0.462351 1.434991 -0.216789
v -0.467245 1.446446 -0.204345
v -0.471968 1.458990 -0.192013
v -0.475784 1.467268 -0.182451
v -0.478791 1.468363 -0.176098
v -0.481314 1.463226 -0.172082
v -0.483683 1.452812 -0.169528
v -0.486223 1.438073 -0.167564
v -0.489263 1.419962 -0.165317
v -0.493129 1.399433 -0.161914
v -0.498150 1.377437 -0.156482
v -0.504653 1.354928 -0.148148
v -0.509344 1.332859 -0.134512
v -0.509848 1.312183 -0.113558
v -0.509639 1.293853 -0.085742
v -0.510695 1.286736 -0.072991
v -0.512443 1.280506 -0.062869
v -0.514434 1.274868 -0.055524
v -0.516057 1.269529 -0.051034
v -0.516765 1.264194 -0.049504
v -0.516296 1.258570 -0.051158
v -0.514866 1.252363 -0.056425
v -0.513182 1.245279 -0.065939
v -0.512267 1.237023 -0.080469
v -0.512934 1.227304 -0.100692
v -0.514641 1.215825 -0.126717
v -0.513597 1.202294 -0.157280
v -0.512140 1.194649 -0.166407
v -0.509366 1.182329 -0.172238
v -0.504853 1.166604 -0.175205
v -0.498899 1.148745 -0.176039
v -0.492245 1.130024 -0.175664
v -0.486077 1.111712 -0.175188
v -0.481330 1.095079 -0.175614
v -0.478131 1.081399 -0.177604
v -0.475702 1.071941 -0.181438
v -0.472885 1.067977 -0.187235
v -0.469176 1.070778 -0.195392
v -0.465660 1.081616 -0.206974
v -0.464588 1.101465 -0.224717
v -0.465729 1.118910 -0.239306
v -0.466715 1.133937 -0.250771
v -0.466671 1.146535 -0.259770
v -0.465366 1.156690 -0.267233
v -0.462766 1.164389 -0.274173
v -0.458840 1.169619 -0.281605
v -0.454050 1.172369 -0.290751
v -0.448215 1.172624 -0.302563
v -0.440452 1.170372 -0.317696
v -0.429125 1.165600 -0.336488
v -0.413544 1.158296 -0.359673
v -0.396620 1.151430 -0.384692
v -0.386082 1.150086 -0.401307
v -0.380330 1.153504 -0.410457
v -0.378053 1.160926 -0.413203
v -0.378635 1.171594 -0.410897
v -0.381769 1.184749 -0.405025
v -0.386958 1.199632 -0.396990
v -0.393277 1.215484 -0.388017
v -0.399481 1.231547 -0.379192
v -0.404315 1.247062 -0.371601
v -0.406851 1.261271 -0.366464
v -0.379215 1.270494 -0.351731
v -0.372647 1.292504 -0.354135
v -0.363370 1.312742 -0.357209
v -0.353349 1.331089 -0.360908
v -0.344122 1.347423 -0.365006
v -0.336703 1.361626 -0.369056
v -0.331565 1.373577 -0.372382
v -0.328754 1.383156 -0.374129
v -0.328161 1.390245 -0.373376
v -0.329858 1.394722 -0.369278
v -0.334384 1.396467 -0.361189
v -0.342925 1.395362 -0.348733
v -0.357085 1.391286 -0.331713
v -0.368867 1.388379 -0.318829
v -0.380242 1.387193 -0.306231
v -0.390705 1.387666 -0.293678
v -0.399854 1.389732 -0.280974
v -0.407343 1.393330 -0.267944
v -0.413393 1.398396 -0.254656
v -0.419140 1.404866 -0.241560
v -0.424649 1.412677 -0.228658
v -0.429936 1.421767 -0.215928
v -0.435018 1.432071 -0.203352
v -0.439913 1.443526 -0.190907
v -0.444636 1.456069 -0.178575
v -0.448452 1.464348 -0.169013
v -0.451458 1.465442 -0.162661
v -0.453982 1.460306 -0.158644
v -0.456350 1.449892 -0.156090
v -0.458890 1.435153 -0.154126
v -0.461930 1.417042 -0.151879
v -0.465797 1.396512 -0.148476
v -0.470818 1.374516 -0.143044
v -0.477304 1.352008 -0.134704
v -0.482437 1.329939 -0.121253
v -0.483818 1.309263 -0.100670
v -0.485039 1.290932 -0.073457
v -0.486778 1.283816 -0.060994
v -0.489047 1.277586 -0.051093
v -0.491382 1.271948 -0.043894
v -0.493210 1.266609 -0.039490
v -0.494041 1.261274 -0.038011
v -0.493630 1.255650 -0.039690
v -0.492104 1.249442 -0.044917
v -0.490045 1.242358 -0.054272
v -0.488401 1.234103 -0.068494
v -0.488026 1.224383 -0.088278
v -0.488591 1.212904 -0.113821
v -0.486626 1.199373 -0.143994
v -0.485011 1.191729 -0.153055
v -0.482647 1.179409 -0.159059
v -0.478789 1.163683 -0.162302
v -0.473555 1.145825 -0.163441
v -0.467633 1.127103 -0.163375
v -0.462153 1.108791 -0.163189
v -0.457984 1.092159 -0.163859
v -0.455193 1.078478 -0.166021
v -0.452978 1.069020 -0.169945
v -0.450225 1.065056 -0.175770
v -0.446420 1.067858 -0.183886
v -0.442490 1.078696 -0.195294
v -0.440515 1.098545 -0.212655
v -0.440826 1.115989 -0.226894
v -0.441103 1.131017 -0.238060
v -0.440462 1.143615 -0.246806
v -0.438654 1.153769 -0.254057
v -0.435623 1.161468 -0.260815
v -0.431507 1.166699 -0.268167
v -0.426717 1.169448 -0.277313
v -0.420882 1.169703 -0.289126
v -0.413119 1.167451 -0.304259
v -0.401792 1.162680 -0.323050
v -0.386211 1.155375 -0.346236
v -0.369288 1.148510 -0.371254
v -0.358749 1.147165 -0.387869
v -0.352998 1.150584 -0.397020
v -0.350720 1.158006 -0.399765
v -0.351302 1.168674 -0.397459
v -0.354437 1.181829 -0.391588
v -0.359625 1.196712 -0.383553
v -0.365945 1.212564 -0.374579
v -0.372149 1.228627 -0.365754
v -0.376983 1.244142 -0.358163
v -0.379519 1.258350 -0.353026
v -0.390565 1.272032 -0.362466
v -0.383012 1.294842 -0.364642
v -0.372719 1.315816 -0.367542
v -0.361881 1.334829 -0.371184
v -0.352143 1.351756 -0.375356
v -0.344540 1.366475 -0.379589
v -0.339484 1.378860 -0.383149
v -0.336886 1.388788 -0.385093
v -0.336469 1.396133 -0.384396
v -0.338197 1.400773 -0.380137
v -0.342625 1.402582 -0.371643
v -0.351125 1.401437 -0.358586
v -0.365650 1.397212 -0.340885
v -0.378037 1.394200 -0.327608
v -0.390198 1.392971 -0.314709
v -0.401525 1.393461 -0.301904
v -0.411536 1.395602 -0.288962
v -0.419815 1.399331 -0.275678
v -0.426257 1.404580 -0.261980
v -0.432213 1.411286 -0.248408
v -0.437922 1.419381 -0.235037
v -0.443401 1.428800 -0.221846
v -0.448668 1.439479 -0.208812
v -0.453740 1.451350 -0.195915
v -0.458634 1.464349 -0.183135
v -0.462589 1.472928 -0.173226
v -0.465705 1.474062 -0.166643
v -0.468320 1.468740 -0.162480
v -0.470775 1.457947 -0.159833
v -0.473407 1.442673 -0.157798
v -0.476557 1.423904 -0.155470
v -0.480564 1.402629 -0.151943
v -0.485768 1.379834 -0.146314
v -0.492490 1.356507 -0.137670
v -0.497004 1.333637 -0.123391
v -0.497361 1.312210 -0.101606
v -0.497905 1.293214 -0.073101
v -0.499740 1.285839 -0.060199
v -0.502322 1.279382 -0.050036
v -0.505053 1.273540 -0.042706
v -0.507202 1.268006 -0.038250
v -0.508148 1.262478 -0.036753
v -0.507578 1.256649 -0.038433
v -0.505648 1.250216 -0.043702
v -0.503103 1.242875 -0.053224
v -0.501163 1.234320 -0.067862
v -0.500939 1.224247 -0.088434
v -0.502232 1.212351 -0.115204
v -0.501385 1.198328 -0.146975
v -0.500074 1.190407 -0.156518
v -0.497211 1.177639 -0.162566
v -0.492388 1.161342 -0.165579
v -0.486190 1.142835 -0.166432
v -0.479511 1.123433 -0.166135
v -0.473647 1.104456 -0.165864
v -0.469523 1.087219 -0.166641
v -0.467078 1.073042 -0.169071
v -0.465213 1.063240 -0.173319
v -0.462469 1.059132 -0.179401
v -0.458154 1.062036 -0.187655
v -0.453415 1.073267 -0.199196
v -0.451071 1.093837 -0.217063
v -0.451767 1.111916 -0.231977
v -0.452689 1.127489 -0.243816
v -0.452722 1.140544 -0.253175
v -0.451519 1.151068 -0.260972
v -0.448987 1.159047 -0.268233
v -0.445030 1.164467 -0.275981
v -0.440065 1.167316 -0.285460
v -0.434018 1.167581 -0.297701
v -0.425723 1.165247 -0.313279
v -0.413693 1.160302 -0.332630
v -0.397365 1.152732 -0.356581
v -0.379982 1.145617 -0.382574
v -0.369366 1.144224 -0.399921
v -0.363581 1.147766 -0.409478
v -0.361168 1.155459 -0.412301
v -0.361561 1.166514 -0.409823
v -0.364569 1.180147 -0.403636
v -0.369788 1.195570 -0.395243
v -0.376325 1.211998 -0.385938
v -0.382878 1.228645 -0.376845
v -0.388095 1.244723 -0.369065
v -0.390939 1.259448 -0.363834
v -0.423335 1.273898 -0.350915
v -0.418628 1.292406 -0.353281
v -0.411486 1.309423 -0.356144
v -0.403221 1.324850 -0.359323
v -0.394991 1.338585 -0.362570
v -0.387733 1.350528 -0.365544
v -0.382115 1.360577 -0.367793
v -0.378575 1.368632 -0.368766
v -0.377422 1.374592 -0.367857
v -0.378991 1.378356 -0.364471
v -0.383794 1.379824 -0.358090
v -0.392553 1.378895 -0.348282
v -0.405932 1.375467 -0.334592
v -0.416232 1.373023 -0.323924
v -0.425653 1.372026 -0.313270
v -0.434002 1.372423 -0.302526
v -0.441139 1.374161 -0.291608
v -0.446945 1.377186 -0.280445
v -0.451991 1.381446 -0.269254
v -0.456824 1.386886 -0.258243
v -0.461456 1.393454 -0.247394
v -0.465902 1.401097 -0.236690
v -0.470175 1.409762 -0.226115
v -0.474290 1.419394 -0.215651
v -0.478262 1.429941 -0.205281
v -0.481471 1.436902 -0.197241
v -0.483999 1.437822 -0.191899
v -0.486121 1.433503 -0.188522
v -0.488112 1.424747 -0.186374
v -0.490248 1.412353 -0.184723
v -0.492804 1.397125 -0.182834
v -0.496055 1.379862 -0.179972
v -0.500277 1.361367 -0.175405
v -0.505745 1.342440 -0.168397
v -0.511433 1.323883 -0.157666
v -0.514133 1.306498 -0.141008
v -0.514567 1.291084 -0.117876
v -0.514580 1.285101 -0.106785
v -0.514738 1.279862 -0.097721
v -0.515045 1.275121 -0.090968
v -0.515370 1.270632 -0.086753
v -0.515567 1.266146 -0.085298
v -0.515592 1.261417 -0.086866
v -0.515570 1.256197 -0.091793
v -0.515794 1.250240 -0.100486
v -0.516559 1.243299 -0.113350
v -0.517785 1.235126 -0.130636
v -0.518294 1.225474 -0.152129
v -0.514751 1.214096 -0.176702
v -0.512496 1.207668 -0.183942
v -0.510871 1.197309 -0.189144
v -0.508668 1.184086 -0.192310
v -0.505103 1.169069 -0.193621
v -0.500325 1.153327 -0.193650
v -0.494996 1.137929 -0.193190
v -0.489896 1.123944 -0.193080
v -0.485551 1.112440 -0.194054
v -0.482076 1.104488 -0.196673
v -0.479344 1.101155 -0.201395
v -0.477381 1.103510 -0.208742
v -0.476670 1.112623 -0.219429
v -0.477452 1.129314 -0.235058
v -0.478136 1.143982 -0.247209
v -0.477847 1.156618 -0.256378
v -0.476428 1.167211 -0.263361
v -0.473969 1.175750 -0.269061
v -0.470724 1.182223 -0.274450
v -0.467223 1.186622 -0.280615
v -0.463195 1.188933 -0.288306
v -0.458289 1.189148 -0.298238
v -0.452153 1.187254 -0.311129
v -0.443723 1.183242 -0.327391
v -0.431513 1.177100 -0.347263
v -0.417232 1.171327 -0.368279
v -0.407712 1.170197 -0.381972
v -0.402454 1.173071 -0.389488
v -0.400659 1.179312 -0.391847
v -0.401662 1.188282 -0.390125
v -0.404841 1.199344 -0.385417
v -0.409451 1.211858 -0.378766
v -0.414567 1.225187 -0.371137
v -0.419192 1.238694 -0.363467
v -0.422465 1.251740 -0.356749
v -0.423839 1.263688 -0.352110
vn -0.9491 -0.3149 -0.0051
vn 0.9019 -0.0711 0.4260
vn 0.6464 -0.2763 -0.7112
vn 0.6156 -0.3915 -0.6840
vn 0.5899 -0.4598 -0.6638
vn 0.5756 -0.4908 -0.6541
vn 0.5785 -0.4877 -0.6538
vn 0.6081 -0.4414 -0.6598
vn 0.6815 -0.3140 -0.6610
vn 0.8018 0.0039 -0.5976
vn 0.7787 0.5571 -0.2885
vn 0.5097 0.8555 0.0918
vn 0.3135 0.9045 0.2892
vn 0.2064 0.8993 0.3855
vn 0.2013 0.8988 0.3893
vn 0.2586 0.9097 0.3249
vn 0.3187 0.9172 0.2391
vn 0.3790 0.9158 0.1329
vn 0.4356 0.9001 0.0104
vn 0.4826 0.8691 -0.1088
vn 0.5111 0.8383 -0.1899
vn 0.5321 0.8056 -0.2605
vn 0.5461 0.7723 -0.3246
vn 0.5542 0.7396 -0.3820
vn 0.5576 0.7084 -0.4328
vn 0.5573 0.6793 -0.4775
vn 0.5596 0.7239 -0.4034
vn 0.4978 0.8629 0.0869
vn 0.1209 0.5740 0.8099
vn -0.1044 0.2592 0.9602
vn -0.1644 0.1581 0.9736
vn -0.1691 0.1493 0.9742
vn -0.1495 0.1890 0.9705
vn -0.1159 0.2630 0.9578
vn -0.0732 0.3650 0.9281
vn -0.0012 0.5253 0.8509
vn 0.0896 0.7046 0.7039
vn 0.1500 0.8192 0.5535
vn 0.1636 0.8465 0.5067
vn 0.1581 0.8169 0.5547
vn 0.1480 0.7502 0.6444
vn 0.1339 0.5961 0.7916
vn 0.1084 0.2461 0.9632
vn 0.0643 -0.2757 0.9591
vn 0.0286 -0.6339 0.7729
vn 0.0134 -0.7929 0.6092
vn 0.0083 -0.8636 0.5041
vn 0.0053 -0.8978 0.4404
vn 0.0001 -0.9130 0.4079
vn -0.0110 -0.9138 0.4060
vn -0.0756 -0.7706 0.6329
vn -0.1588 -0.4542 0.8766
vn -0.1944 -0.2385 0.9515
vn -0.2079 -0.1185 0.9709
vn -0.2123 -0.0609 0.9753
vn -0.2094 -0.0517 0.9765
vn -0.1954 -0.0896 0.9766
vn -0.1575 -0.1893 0.9692
vn -0.0575 -0.4003 0.9146
vn 0.1928 -0.7685 0.6100
vn 0.4585 -0.8850 -0.0809
vn 0.5151 -0.7067 -0.4850
vn 0.5182 -0.5927 -0.6165
vn 0.5144 -0.5352 -0.6700
vn 0.5066 -0.5053 -0.6986
vn 0.4980 -0.5079 -0.7029
vn 0.4841 -0.5598 -0.6725
vn 0.4498 -0.6787 -0.5805
vn 0.3696 -0.8408 -0.3955
vn 0.2485 -0.9558 -0.1571
vn 0.1316 -0.9903 0.0436
vn 0.0479 -0.9839 0.1719
vn -0.0042 -0.9697 0.2444
vn -0.0333 -0.9594 0.2802
vn -0.0107 -0.9662 0.2576
vn 0.1083 -0.9832 0.1467
vn 0.3768 -0.9197 -0.1099
vn 0.7360 -0.4231 -0.5285
vn 0.7402 0.1761 -0.6489
vn 0.6588 0.4292 -0.6178
vn 0.6131 0.5287 -0.5870
vn 0.5964 0.5620 -0.5731
vn 0.6010 0.5514 -0.5786
vn 0.6239 0.4934 -0.6061
vn 0.6613 0.3590 -0.6586
vn 0.6896 0.0588 -0.7218
vn 0.1727 0.1027 -0.9796
vn 0.1935 0.3627 -0.9116
vn 0.2036 0.4799 -0.8534
vn 0.2094 0.5313 -0.8209
vn 0.2114 0.5440 -0.8120
vn 0.2068 0.5202 -0.8286
vn 0.1871 0.4386 -0.8790
vn 0.1242 0.2187 -0.9679
vn -0.0571 -0.3295 -0.9424
vn -0.2585 -0.8423 -0.4729
vn -0.3165 -0.9408 -0.1213
vn -0.3323 -0.9425 0.0349
vn -0.3375 -0.9389 0.0678
vn -0.3349 -0.9416 0.0348
vn -0.3235 -0.9458 -0.0279
vn -0.2815 -0.9462 -0.1595
vn -0.1878 -0.9092 -0.3717
vn -0.0569 -0.8031 -0.5931
vn 0.0532 -0.6799 -0.7314
vn 0.1163 -0.5988 -0.7924
vn 0.1339 -0.5768 -0.8059
vn 0.1183 -0.5969 -0.7935
vn 0.0817 -0.6343 -0.7688
vn 0.0374 -0.6624 -0.7482
vn -0.0565 -0.7121 -0.6998
vn -0.3444 -0.8217 -0.4540
vn -0.6995 -0.6992 0.1476
vn -0.7368 -0.3947 0.5490
vn -0.6937 -0.2478 0.6763
vn -0.6667 -0.2001 0.7179
vn -0.6549 -0.1967 0.7297
vn -0.6524 -0.2153 0.7267
vn -0.6557 -0.2521 0.7117
vn -0.6612 -0.3195 0.6788
vn -0.6570 -0.4381 0.6135
vn -0.6016 -0.6551 0.4570
vn -0.5285 -0.7822 0.3297
vn -0.5542 -0.7490 0.3631
vn -0.5735 -0.7346 0.3626
vn -0.5981 -0.7183 0.3554
vn -0.6425 -0.6727 0.3670
vn -0.7238 -0.5451 0.4230
vn -0.8199 -0.2273 0.5254
vn -0.7765 0.2761 0.5664
vn -0.6043 0.6207 0.4995
vn -0.4815 0.7588 0.4386
vn -0.4249 0.8055 0.4131
vn -0.4085 0.8137 0.4136
vn -0.4734 0.7355 0.4846
vn -0.5561 0.5977 0.5776
vn -0.5965 0.5081 0.6213
vn -0.6223 0.4234 0.6583
vn -0.6376 0.3187 0.7013
vn -0.6402 0.2415 0.7293
vn -0.6382 0.1994 0.7436
vn -0.6390 0.2088 0.7403
vn -0.6470 0.3172 0.6934
vn -0.6097 0.6520 0.4507
vn -0.2178 0.9394 -0.2649
vn 0.1065 0.7724 -0.6262
vn 0.1583 0.7219 -0.6736
vn 0.1281 0.7543 -0.6440
vn 0.0955 0.7886 -0.6075
vn 0.0610 0.8241 -0.5631
vn 0.0247 0.8598 -0.5100
vn -0.0127 0.8942 -0.4474
vn -0.0491 0.9248 -0.3774
vn -0.0776 0.9464 -0.3135
vn -0.1055 0.9648 -0.2408
vn -0.1338 0.9787 -0.1557
vn -0.1618 0.9850 -0.0595
vn -0.1880 0.9811 0.0453
vn -0.1972 0.9780 0.0683
vn -0.1897 0.9809 -0.0426
vn -0.1644 0.9419 -0.2929
vn -0.0781 0.6567 -0.7501
vn 0.0456 0.0978 -0.9942
vn 0.1044 -0.2104 -0.9720
vn 0.1263 -0.3158 -0.9404
vn 0.1361 -0.3342 -0.9326
vn 0.1414 -0.3105 -0.9400
vn 0.1447 -0.2642 -0.9536
vn 0.1471 -0.2061 -0.9674
vn 0.1503 -0.1434 -0.9782
vn -0.9025 0.0743 -0.4242
vn -0.9325 0.2781 -0.2302
vn -0.6116 0.0932 -0.7856
vn -0.5226 0.2576 -0.8127
vn -0.9465 -0.3227 0.0030
vn -0.9760 0.2023 -0.0803
vn -0.5698 0.1373 -0.8102
vn -0.5365 0.2527 -0.8052
vn -0.9520 -0.3061 -0.0061
vn -0.9857 0.1673 -0.0195
vn -0.5418 0.1397 -0.8288
vn -0.5650 0.2358 -0.7907
vn -0.9584 -0.2817 -0.0459
vn -0.9864 0.1638 -0.0142
vn -0.5283 0.1160 -0.8411
vn -0.6024 0.1989 -0.7730
vn -0.9525 -0.2734 -0.1340
vn -0.9832 0.1794 -0.0351
vn -0.5291 0.0840 -0.8444
vn -0.6329 0.1163 -0.7654
vn -0.9137 -0.3007 -0.2734
vn -0.9762 0.2066 -0.0657
vn -0.5463 0.0673 -0.8349
vn -0.8302 -0.3617 -0.4241
vn -0.9652 0.2427 -0.0976
vn -0.5837 0.0939 -0.8065
vn -0.7307 -0.4337 -0.5273
vn -0.9736 0.2249 -0.0399
vn -0.6377 0.1838 -0.7480
vn -0.6864 -0.4875 -0.5397
vn -0.9841 0.1596 0.0777
vn -0.6840 0.3202 -0.6555
vn -0.6532 -0.5061 -0.5632
vn -0.9735 0.1925 0.1232
vn -0.6976 0.4495 -0.5579
vn -0.6170 -0.4805 -0.6233
vn -0.9548 0.2765 0.1092
vn -0.6838 0.5364 -0.4946
vn -0.5945 -0.4305 -0.6791
vn -0.9550 0.2866 0.0764
vn -0.6632 0.5848 -0.4672
vn -0.6029 -0.3746 -0.7044
vn -0.9634 0.2655 0.0384
vn -0.6491 0.5782 -0.4942
vn -0.6479 -0.3300 -0.6866
vn -0.9805 0.1967 0.0027
vn -0.6443 0.5385 -0.5431
vn -0.7155 -0.3229 -0.6195
vn -0.9961 0.0850 -0.0226
vn -0.6533 0.5053 -0.5638
vn -0.7802 -0.3547 -0.5153
vn -0.9990 -0.0339 -0.0289
vn -0.6756 0.4793 -0.5603
vn -0.8213 -0.3923 -0.4142
vn -0.9931 -0.1164 -0.0109
vn -0.7094 0.4610 -0.5331
vn -0.8329 -0.4289 -0.3496
vn -0.9883 -0.1499 0.0280
vn -0.7332 0.4499 -0.5098
vn -0.8157 -0.4657 -0.3431
vn -0.9861 -0.1474 0.0764
vn -0.7216 0.4403 -0.5342
vn -0.7914 -0.4974 -0.3554
vn -0.9846 -0.1335 0.1133
vn -0.7023 0.4353 -0.5634
vn -0.7807 -0.4829 -0.3966
vn -0.9845 -0.1385 0.1075
vn -0.6804 0.4326 -0.5915
vn -0.7817 -0.3916 -0.4854
vn -0.9796 -0.2005 0.0091
vn -0.6557 0.4322 -0.6191
vn -0.7662 -0.2391 -0.5964
vn -0.9823 -0.1717 -0.0752
vn -0.6281 0.4336 -0.6462
vn -0.7091 -0.0514 -0.7033
vn -0.9851 -0.1555 -0.0732
vn -0.5971 0.4367 -0.6729
vn -0.6287 0.1072 -0.7703
vn -0.9752 -0.2150 -0.0527
vn -0.6486 0.4280 -0.6294
vn -0.5637 0.2028 -0.8007
vn -0.9607 -0.2766 -0.0240
vn -0.8131 0.3708 -0.4487
vn -0.5294 0.2459 -0.8119
s 0
usemtl Material.004
f 1546//1051 1545//1051 1797//1051 1798//1051
f 1577//1052 1578//1052 1579//1052 1580//1052 1581//1052 1582//1052 1583//1052 1584//1052 1585//1052 1586//1052 1587//1052 1588//1052 1589//1052 1590//1052 1591//1052 1592//1052 1593//1052 1594//1052 1595//1052 1596//1052 1597//1052 1598//1052 1599//1052 1600//1052 1601//1052 1602//1052 1603//1052 1604//1052 1605//1052 1606//1052 1607//1052 1608//1052 1609//1052 1610//1052 1611//1052 1612//1052 1613//1052 1614//1052 1615//1052 1616//1052 1617//1052 1618//1052 1619//1052 1620//1052 1621//1052 1622//1052 1623//1052 1624//1052 1625//1052 1626//1052 1627//1052 1628//1052 1629//1052 1630//1052 1631//1052 1632//1052 1633//1052 1634//1052 1635//1052 1636//1052 1637//1052 1638//1052 1639//1052 1640//1052 1641//1052 1642//1052 1643//1052 1644//1052 1645//1052 1646//1052 1647//1052 1648//1052 1649//1052 1650//1052 1651//1052 1652//1052 1653//1052 1654//1052 1655//1052 1656//1052 1657//1052 1658//1052 1659//1052 1660//1052
f 1661//1053 1662//1053 1578//1053 1577//1053
f 1662//1054 1663//1054 1579//1054 1578//1054
f 1663//1055 1664//1055 1580//1055 1579//1055
f 1664//1056 1665//1056 1581//1056 1580//1056
f 1665//1057 1666//1057 1582//1057 1581//1057
f 1666//1058 1667//1058 1583//1058 1582//1058
f 1667//1059 1668//1059 1584//1059 1583//1059
f 1668//1060 1669//1060 1585//1060 1584//1060
f 1669//1061 1670//1061 1586//1061 1585//1061
f 1670//1062 1671//1062 1587//1062 1586//1062
f 1671//1063 1672//1063 1588//1063 1587//1063
f 1672//1064 1673//1064 1589//1064 1588//1064
f 1673//1065 1674//1065 1590//1065 1589//1065
f 1674//1066 1675//1066 1591//1066 1590//1066
f 1675//1067 1676//1067 1592//1067 1591//1067
f 1676//1068 1677//1068 1593//1068 1592//1068
f 1677//1069 1678//1069 1594//1069 1593//1069
f 1678//1070 1679//1070 1595//1070 1594//1070
f 1679//1071 1680//1071 1596//1071 1595//1071
f 1680//1072 1681//1072 1597//1072 1596//1072
f 1681//1073 1682//1073 1598//1073 1597//1073
f 1682//1074 1683//1074 1599//1074 1598//1074
f 1683//1075 1684//1075 1600//1075 1599//1075
f 1684//1076 1685//1076 1601//1076 1600//1076
f 1685//1077 1686//1077 1602//1077 1601//1077
f 1686//1078 1687//1078 1603//1078 1602//1078
f 1687//1079 1688//1079 1604//1079 1603//1079
f 1688//1080 1689//1080 1605//1080 1604//1080
f 1689//1081 1690//1081 1606//1081 1605//1081
f 1690//1082 1691//1082 1607//1082 1606//1082
f 1691//1083 1692//1083 1608//1083 1607//1083
f 1692//1084 1693//1084 1609//1084 1608//1084
f 1693//1085 1694//1085 1610//1085 1609//1085
f 1694//1086 1695//1086 1611//1086 1610//1086
f 1695//1087 1696//1087 1612//1087 1611//1087
f 1696//1088 1697//1088 1613//1088 1612//1088
f 1697//1089 1698//1089 1614//1089 1613//1089
f 1698//1090 1699//1090 1615//1090 1614//1090
f 1699//1091 1700//1091 1616//1091 1615//1091
f 1700//1092 1701//1092 1617//1092 1616//1092
f 1701//1093 1702//1093 1618//1093 1617//1093
f 1702//1094 1703//1094 1619//1094 1618//1094
f 1703//1095 1704//1095 1620//1095 1619//1095
f 1704//1096 1705//1096 1621//1096 1620//1096
f 1705//1097 1706//1097 1622//1097 1621//1097
f 1706//1098 1707//1098 1623//1098 1622//1098
f 1707//1099 1708//1099 1624//1099 1623//1099
f 1708//1100 1709//1100 1625//1100 1624//1100
f 1709//1101 1710//1101 1626//1101 1625//1101
f 1710//1102 1711//1102 1627//1102 1626//1102
f 1711//1103 1712//1103 1628//1103 1627//1103
f 1712//1104 1713//1104 1629//1104 1628//1104
f 1713//1105 1714//1105 1630//1105 1629//1105
f 1714//1106 1715//1106 1631//1106 1630//1106
f 1715//1107 1716//1107 1632//1107 1631//1107
f 1716//1108 1717//1108 1633//1108 1632//1108
f 1717//1109 1718//1109 1634//1109 1633//1109
f 1718//1110 1719//1110 1635//1110 1634//1110
f 1719//1111 1720//1111 1636//1111 1635//1111
f 1720//1112 1721//1112 1637//1112 1636//1112
f 1721//1113 1722//1113 1638//1113 1637//1113
f 1722//1114 1723//1114 1639//1114 1638//1114
f 1723//1115 1724//1115 1640//1115 1639//1115
f 1724//1116 1725//1116 1641//1116 1640//1116
f 1725//1117 1726//1117 1642//1117 1641//1117
f 1726//1118 1727//1118 1643//1118 1642//1118
f 1727//1119 1728//1119 1644//1119 1643//1119
f 1728//1120 1729//1120 1645//1120 1644//1120
f 1729//1121 1730//1121 1646//1121 1645//1121
f 1730//1122 1731//1122 1647//1122 1646//1122
f 1731//1123 1732//1123 1648//1123 1647//1123
f 1732//1124 1733//1124 1649//1124 1648//1124
f 1733//1125 1734//1125 1650//1125 1649//1125
f 1734//1126 1735//1126 1651//1126 1650//1126
f 1735//1127 1736//1127 1652//1127 1651//1127
f 1736//1128 1737//1128 1653//1128 1652//1128
f 1737//1129 1738//1129 1654//1129 1653//1129
f 1738//1130 1739//1130 1655//1130 1654//1130
f 1739//1131 1740//1131 1656//1131 1655//1131
f 1740//1132 1741//1132 1657//1132 1656//1132
f 1741//1133 1742//1133 1658//1133 1657//1133
f 1742//1134 1743//1134 1659//1134 1658//1134
f 1743//1135 1744//1135 1660//1135 1659//1135
f 1744//1136 1661//1136 1577//1136 1660//1136
f 1576//1137 1493//1137 1661//1137 1744//1137
f 1575//1138 1576//1138 1744//1138 1743//1138
f 1574//1139 1575//1139 1743//1139 1742//1139
f 1573//1140 1574//1140 1742//1140 1741//1140
f 1572//1141 1573//1141 1741//1141 1740//1141
f 1571//1142 1572//1142 1740//1142 1739//1142
f 1570//1143 1571//1143 1739//1143 1738//1143
f 1569//1144 1570//1144 1738//1144 1737//1144
f 1568//1145 1569//1145 1737//1145 1736//1145
f 1567//1146 1568//1146 1736//1146 1735//1146
f 1566//1147 1567//1147 1735//1147 1734//1147
f 1565//1148 1566//1148 1734//1148 1733//1148
f 1564//1149 1565//1149 1733//1149 1732//1149
f 1563//1150 1564//1150 1732//1150 1731//1150
f 1562//1151 1563//1151 1731//1151 1730//1151
f 1561//1152 1562//1152 1730//1152 1729//1152
f 1560//1153 1561//1153 1729//1153 1728//1153
f 1559//1154 1560//1154 1728//1154 1727//1154
f 1558//1155 1559//1155 1727//1155 1726//1155
f 1557//1156 1558//1156 1726//1156 1725//1156
f 1556//1157 1557//1157 1725//1157 1724//1157
f 1555//1158 1556//1158 1724//1158 1723//1158
f 1554//1159 1555//1159 1723//1159 1722//1159
f 1553//1160 1554//1160 1722//1160 1721//1160
f 1552//1161 1553//1161 1721//1161 1720//1161
f 1551//1162 1552//1162 1720//1162 1719//1162
f 1550//1163 1551//1163 1719//1163 1718//1163
f 1549//1164 1550//1164 1718//1164 1717//1164
f 1548//1165 1549//1165 1717//1165 1716//1165
f 1547//1166 1548//1166 1716//1166 1715//1166
f 1546//1167 1547//1167 1715//1167 1714//1167
f 1545//1168 1546//1168 1714//1168 1713//1168
f 1544//1169 1545//1169 1713//1169 1712//1169
f 1543//1170 1544//1170 1712//1170 1711//1170
f 1542//1171 1543//1171 1711//1171 1710//1171
f 1541//1172 1542//1172 1710//1172 1709//1172
f 1540//1173 1541//1173 1709//1173 1708//1173
f 1539//1174 1540//1174 1708//1174 1707//1174
f 1538//1175 1539//1175 1707//1175 1706//1175
f 1537//1176 1538//1176 1706//1176 1705//1176
f 1536//1177 1537//1177 1705//1177 1704//1177
f 1535//1178 1536//1178 1704//1178 1703//1178
f 1534//1179 1535//1179 1703//1179 1702//1179
f 1533//1180 1534//1180 1702//1180 1701//1180
f 1532//1181 1533//1181 1701//1181 1700//1181
f 1531//1182 1532//1182 1700//1182 1699//1182
f 1530//1183 1531//1183 1699//1183 1698//1183
f 1529//1184 1530//1184 1698//1184 1697//1184
f 1528//1185 1529//1185 1697//1185 1696//1185
f 1527//1186 1528//1186 1696//1186 1695//1186
f 1526//1187 1527//1187 1695//1187 1694//1187
f 1525//1188 1526//1188 1694//1188 1693//1188
f 1524//1189 1525//1189 1693//1189 1692//1189
f 1523//1190 1524//1190 1692//1190 1691//1190
f 1522//1191 1523//1191 1691//1191 1690//1191
f 1521//1192 1522//1192 1690//1192 1689//1192
f 1520//1193 1521//1193 1689//1193 1688//1193
f 1519//1194 1520//1194 1688//1194 1687//1194
f 1518//1195 1519//1195 1687//1195 1686//1195
f 1517//1196 1518//1196 1686//1196 1685//1196
f 1516//1197 1517//1197 1685//1197 1684//1197
f 1515//1198 1516//1198 1684//1198 1683//1198
f 1514//1199 1515//1199 1683//1199 1682//1199
f 1513//1200 1514//1200 1682//1200 1681//1200
f 1512//1201 1513//1201 1681//1201 1680//1201
f 1511//1202 1512//1202 1680//1202 1679//1202
f 1510//1203 1511//1203 1679//1203 1678//1203
f 1509//1204 1510//1204 1678//1204 1677//1204
f 1508//1205 1509//1205 1677//1205 1676//1205
f 1507//1206 1508//1206 1676//1206 1675//1206
f 1506//1207 1507//1207 1675//1207 1674//1207
f 1505//1208 1506//1208 1674//1208 1673//1208
f 1504//1209 1505//1209 1673//1209 1672//1209
f 1503//1210 1504//1210 1672//1210 1671//1210
f 1502//1211 1503//1211 1671//1211 1670//1211
f 1501//1212 1502//1212 1670//1212 1669//1212
f 1500//1213 1501//1213 1669//1213 1668//1213
f 1499//1214 1500//1214 1668//1214 1667//1214
f 1498//1215 1499//1215 1667//1215 1666//1215
f 1497//1216 1498//1216 1666//1216 1665//1216
f 1496//1217 1497//1217 1665//1217 1664//1217
f 1495//1218 1496//1218 1664//1218 1663//1218
f 1494//1219 1495//1219 1663//1219 1662//1219
f 1493//1220 1494//1220 1662//1220 1661//1220
f 1745//1221 1828//1221 1827//1221 1826//1221 1825//1221 1824//1221 1823//1221 1822//1221 1821//1221 1820//1221 1819//1221 1818//1221 1817//1221 1816//1221 1815//1221 1814//1221 1813//1221 1812//1221 1811//1221 1810//1221 1809//1221 1808//1221 1807//1221 1806//1221 1805//1221 1804//1221 1803//1221 1802//1221 1801//1221 1800//1221 1799//1221 1798//1221 1797//1221 1796//1221 1795//1221 1794//1221 1793//1221 1792//1221 1791//1221 1790//1221 1789//1221 1788//1221 1787//1221 1786//1221 1785//1221 1784//1221 1783//1221 1782//1221 1781//1221 1780//1221 1779//1221 1778//1221 1777//1221 1776//1221 1775//1221 1774//1221 1773//1221 1772//1221 1771//1221 1770//1221 1769//1221 1768//1221 1767//1221 1766//1221 1765//1221 1764//1221 1763//1221 1762//1221 1761//1221 1760//1221 1759//1221 1758//1221 1757//1221 1756//1221 1755//1221 1754//1221 1753//1221 1752//1221 1751//1221 1750//1221 1749//1221 1748//1221 1747//1221 1746//1221
f 1520//1222 1519//1222 1771//1222 1772//1222
f 1494//1223 1493//1223 1745//1223 1746//1223
f 1573//1224 1572//1224 1824//1224 1825//1224
f 1547//1225 1546//1225 1798//1225 1799//1225
f 1521//1226 1520//1226 1772//1226 1773//1226
f 1495//1227 1494//1227 1746//1227 1747//1227
f 1574//1228 1573//1228 1825//1228 1826//1228
f 1548//1229 1547//1229 1799//1229 1800//1229
f 1522//1230 1521//1230 1773//1230 1774//1230
f 1496//1231 1495//1231 1747//1231 1748//1231
f 1575//1232 1574//1232 1826//1232 1827//1232
f 1549//1233 1548//1233 1800//1233 1801//1233
f 1523//1234 1522//1234 1774//1234 1775//1234
f 1497//1235 1496//1235 1748//1235 1749//1235
f 1576//1236 1575//1236 1827//1236 1828//1236
f 1550//1237 1549//1237 1801//1237 1802//1237
f 1524//1238 1523//1238 1775//1238 1776//1238
f 1498//1239 1497//1239 1749//1239 1750//1239
f 1493//1240 1576//1240 1828//1240 1745//1240
f 1551//1241 1550//1241 1802//1241 1803//1241
f 1525//1242 1524//1242 1776//1242 1777//1242
f 1499//1243 1498//1243 1750//1243 1751//1243
f 1552//1244 1551//1244 1803//1244 1804//1244
f 1526//1245 1525//1245 1777//1245 1778//1245
f 1500//1246 1499//1246 1751//1246 1752//1246
f 1553//1247 1552//1247 1804//1247 1805//1247
f 1527//1248 1526//1248 1778//1248 1779//1248
f 1501//1249 1500//1249 1752//1249 1753//1249
f 1554//1250 1553//1250 1805//1250 1806//1250
f 1528//1251 1527//1251 1779//1251 1780//1251
f 1502//1252 1501//1252 1753//1252 1754//1252
f 1555//1253 1554//1253 1806//1253 1807//1253
f 1529//1254 1528//1254 1780//1254 1781//1254
f 1503//1255 1502//1255 1754//1255 1755//1255
f 1556//1256 1555//1256 1807//1256 1808//1256
f 1530//1257 1529//1257 1781//1257 1782//1257
f 1504//1258 1503//1258 1755//1258 1756//1258
f 1557//1259 1556//1259 1808//1259 1809//1259
f 1531//1260 1530//1260 1782//1260 1783//1260
f 1505//1261 1504//1261 1756//1261 1757//1261
f 1558//1262 1557//1262 1809//1262 1810//1262
f 1532//1263 1531//1263 1783//1263 1784//1263
f 1506//1264 1505//1264 1757//1264 1758//1264
f 1559//1265 1558//1265 1810//1265 1811//1265
f 1533//1266 1532//1266 1784//1266 1785//1266
f 1507//1267 1506//1267 1758//1267 1759//1267
f 1560//1268 1559//1268 1811//1268 1812//1268
f 1534//1269 1533//1269 1785//1269 1786//1269
f 1508//1270 1507//1270 1759//1270 1760//1270
f 1561//1271 1560//1271 1812//1271 1813//1271
f 1535//1272 1534//1272 1786//1272 1787//1272
f 1509//1273 1508//1273 1760//1273 1761//1273
f 1562//1274 1561//1274 1813//1274 1814//1274
f 1536//1275 1535//1275 1787//1275 1788//1275
f 1510//1276 1509//1276 1761//1276 1762//1276
f 1563//1277 1562//1277 1814//1277 1815//1277
f 1537//1278 1536//1278 1788//1278 1789//1278
f 1511//1279 1510//1279 1762//1279 1763//1279
f 1564//1280 1563//1280 1815//1280 1816//1280
f 1538//1281 1537//1281 1789//1281 1790//1281
f 1512//1282 1511//1282 1763//1282 1764//1282
f 1565//1283 1564//1283 1816//1283 1817//1283
f 1539//1284 1538//1284 1790//1284 1791//1284
f 1513//1285 1512//1285 1764//1285 1765//1285
f 1566//1286 1565//1286 1817//1286 1818//1286
f 1540//1287 1539//1287 1791//1287 1792//1287
f 1514//1288 1513//1288 1765//1288 1766//1288
f 1567//1289 1566//1289 1818//1289 1819//1289
f 1541//1290 1540//1290 1792//1290 1793//1290
f 1515//1291 1514//1291 1766//1291 1767//1291
f 1568//1292 1567//1292 1819//1292 1820//1292
f 1542//1293 1541//1293 1793//1293 1794//1293
f 1516//1294 1515//1294 1767//1294 1768//1294
f 1569//1295 1568//1295 1820//1295 1821//1295
f 1543//1296 1542//1296 1794//1296 1795//1296
f 1517//1297 1516//1297 1768//1297 1769//1297
f 1570//1298 1569//1298 1821//1298 1822//1298
f 1544//1299 1543//1299 1795//1299 1796//1299
f 1518//1300 1517//1300 1769//1300 1770//1300
f 1571//1301 1570//1301 1822//1301 1823//1301
f 1545//1302 1544//1302 1796//1302 1797//1302
f 1519//1303 1518//1303 1770//1303 1771//1303
f 1572//1304 1571//1304 1823//1304 1824//1304
o Cylinder.001
v -0.015501 -0.496711 -0.625276
v -0.015501 0.496711 -0.625276
v 0.106673 -0.496711 -0.613243
v 0.106673 0.496711 -0.613243
v 0.224153 -0.496711 -0.577605
v 0.224153 0.496711 -0.577605
v 0.332423 -0.496711 -0.519734
v 0.332423 0.496711 -0.519734
v 0.427322 -0.496711 -0.441852
v 0.427322 0.496711 -0.441852
v 0.505204 -0.496711 -0.346953
v 0.505204 0.496711 -0.346953
v 0.563076 -0.496711 -0.238683
v 0.563076 0.496711 -0.238683
v 0.598713 -0.496711 -0.121203
v 0.598713 0.496711 -0.121203
v 0.610746 -0.496711 0.000972
v 0.610746 0.496711 0.000972
v 0.598713 -0.496711 0.123146
v 0.598713 0.496711 0.123146
v 0.563076 -0.496711 0.240626
v 0.563076 0.496711 0.240626
v 0.505204 -0.496711 0.348896
v 0.505204 0.496711 0.348896
v 0.427322 -0.496711 0.443795
v 0.427322 0.496711 0.443795
v 0.332423 -0.496711 0.521677
v 0.332423 0.496711 0.521677
v 0.224153 -0.496711 0.579548
v 0.224153 0.496711 0.579548
v 0.106673 -0.496711 0.615186
v 0.106673 0.496711 0.615186
v -0.015501 -0.496711 0.627219
v -0.015501 0.496711 0.627219
v -0.137676 -0.496711 0.615186
v -0.137676 0.496711 0.615186
v -0.255156 -0.496711 0.579548
v -0.255156 0.496711 0.579548
v -0.363426 -0.496711 0.521677
v -0.363426 0.496711 0.521677
v -0.458325 -0.496711 0.443795
v -0.458325 0.496711 0.443795
v -0.536207 -0.496711 0.348896
v -0.536207 0.496711 0.348896
v -0.594078 -0.496711 0.240626
v -0.594078 0.496711 0.240626
v -0.629715 -0.496711 0.123146
v -0.629715 0.496711 0.123146
v -0.641749 -0.496711 0.000972
v -0.641749 0.496711 0.000972
v -0.629715 -0.496711 -0.121203
v -0.629715 0.496711 -0.121203
v -0.594078 -0.496711 -0.238683
v -0.594078 0.496711 -0.238683
v -0.536207 -0.496711 -0.346953
v -0.536207 0.496711 -0.346953
v -0.458325 -0.496711 -0.441852
v -0.458325 0.496711 -0.441852
v -0.363426 -0.496711 -0.519734
v -0.363426 0.496711 -0.519734
v -0.255156 -0.496711 -0.577605
v -0.255156 0.496711 -0.577605
v -0.137676 -0.496711 -0.613243
v -0.137676 0.496711 -0.613243
vn 0.0980 -0.0000 -0.9952
vn 0.2903 -0.0000 -0.9569
vn 0.4714 -0.0000 -0.8819
vn 0.6344 -0.0000 -0.7730
vn 0.7730 -0.0000 -0.6344
vn 0.8819 -0.0000 -0.4714
vn 0.9569 -0.0000 -0.2903
vn 0.9952 -0.0000 -0.0980
vn 0.9952 -0.0000 0.0980
vn 0.9569 -0.0000 0.2903
vn 0.8819 -0.0000 0.4714
vn 0.7730 -0.0000 0.6344
vn 0.6344 -0.0000 0.7730
vn 0.4714 -0.0000 0.8819
vn 0.2903 -0.0000 0.9569
vn 0.0980 -0.0000 0.9952
vn -0.0980 -0.0000 0.9952
vn -0.2903 -0.0000 0.9569
vn -0.4714 -0.0000 0.8819
vn -0.6344 -0.0000 0.7730
vn -0.7730 -0.0000 0.6344
vn -0.8819 -0.0000 0.4714
vn -0.9569 -0.0000 0.2903
vn -0.9952 -0.0000 0.0980
vn -0.9952 -0.0000 -0.0980
vn -0.9569 -0.0000 -0.2903
vn -0.8819 -0.0000 -0.4714
vn -0.7730 -0.0000 -0.6344
vn -0.6344 -0.0000 -0.7730
vn -0.4714 -0.0000 -0.8819
vn -0.0000 1.0000 -0.0000
vn -0.2903 -0.0000 -0.9569
vn -0.0980 -0.0000 -0.9952
vn -0.0000 -1.0000 -0.0000
vt 1.000000 0.500000
vt 1.000000 1.000000
vt 0.968750 1.000000
vt 0.968750 0.500000
vt 0.937500 1.000000
vt 0.937500 0.500000
vt 0.906250 1.000000
vt 0.906250 0.500000
vt 0.875000 1.000000
vt 0.875000 0.500000
vt 0.843750 1.000000
vt 0.843750 0.500000
vt 0.812500 1.000000
vt 0.812500 0.500000
vt 0.781250 1.000000
vt 0.781250 0.500000
vt 0.750000 1.000000
vt 0.750000 0.500000
vt 0.718750 1.000000
vt 0.718750 0.500000
vt 0.687500 1.000000
vt 0.687500 0.500000
vt 0.656250 1.000000
vt 0.656250 0.500000
vt 0.625000 1.000000
vt 0.625000 0.500000
vt 0.593750 1.000000
vt 0.593750 0.500000
vt 0.562500 1.000000
vt 0.562500 0.500000
vt 0.531250 1.000000
vt 0.531250 0.500000
vt 0.500000 1.000000
vt 0.500000 0.500000
vt 0.468750 1.000000
vt 0.468750 0.500000
vt 0.437500 1.000000
vt 0.437500 0.500000
vt 0.406250 1.000000
vt 0.406250 0.500000
vt 0.375000 1.000000
vt 0.375000 0.500000
vt 0.343750 1.000000
vt 0.343750 0.500000
vt 0.312500 1.000000
vt 0.312500 0.500000
vt 0.281250 1.000000
vt 0.281250 0.500000
vt 0.250000 1.000000
vt 0.250000 0.500000
vt 0.218750 1.000000
vt 0.218750 0.500000
vt 0.187500 1.000000
vt 0.187500 0.500000
vt 0.156250 1.000000
vt 0.156250 0.500000
vt 0.125000 1.000000
vt 0.125000 0.500000
vt 0.093750 1.000000
vt 0.093750 0.500000
vt 0.062500 1.000000
vt 0.062500 0.500000
vt 0.296822 0.485388
vt 0.250000 0.490000
vt 0.203178 0.485388
vt 0.158156 0.471731
vt 0.116663 0.449553
vt 0.080294 0.419706
vt 0.050447 0.383337
vt 0.028269 0.341844
vt 0.014612 0.296822
vt 0.010000 0.250000
vt 0.014612 0.203178
vt 0.028269 0.158156
vt 0.050447 0.116663
vt 0.080294 0.080294
vt 0.116663 0.050447
vt 0.158156 0.028269
vt 0.203178 0.014612
vt 0.250000 0.010000
vt 0.296822 0.014612
vt 0.341844 0.028269
vt 0.383337 0.050447
vt 0.419706 0.080294
vt 0.449553 0.116663
vt 0.471731 0.158156
vt 0.485388 0.203178
vt 0.490000 0.250000
vt 0.485388 0.296822
vt 0.471731 0.341844
vt 0.449553 0.383337
vt 0.419706 0.419706
vt 0.383337 0.449553
vt 0.341844 0.471731
vt 0.031250 1.000000
vt 0.031250 0.500000
vt 0.000000 1.000000
vt 0.000000 0.500000
vt 0.750000 0.490000
vt 0.796822 0.485388
vt 0.841844 0.471731
vt 0.883337 0.449553
vt 0.919706 0.419706
vt 0.949553 0.383337
vt 0.971731 0.341844
vt 0.985388 0.296822
vt 0.990000 0.250000
vt 0.985388 0.203178
vt 0.971731 0.158156
vt 0.949553 0.116663
vt 0.919706 0.080294
vt 0.883337 0.050447
vt 0.841844 0.028269
vt 0.796822 0.014612
vt 0.750000 0.010000
vt 0.703178 0.014612
vt 0.658156 0.028269
vt 0.616663 0.050447
vt 0.580294 0.080294
vt 0.550447 0.116663
vt 0.528269 0.158156
vt 0.514612 0.203178
vt 0.510000 0.250000
vt 0.514612 0.296822
vt 0.528269 0.341844
vt 0.550447 0.383337
vt 0.580294 0.419706
vt 0.616663 0.449553
vt 0.658156 0.471731
vt 0.703178 0.485388
s 0
f 1829/131/1305 1830/132/1305 1832/133/1305 1831/134/1305
f 1831/134/1306 1832/133/1306 1834/135/1306 1833/136/1306
f 1833/136/1307 1834/135/1307 1836/137/1307 1835/138/1307
f 1835/138/1308 1836/137/1308 1838/139/1308 1837/140/1308
f 1837/140/1309 1838/139/1309 1840/141/1309 1839/142/1309
f 1839/142/1310 1840/141/1310 1842/143/1310 1841/144/1310
f 1841/144/1311 1842/143/1311 1844/145/1311 1843/146/1311
f 1843/146/1312 1844/145/1312 1846/147/1312 1845/148/1312
f 1845/148/1313 1846/147/1313 1848/149/1313 1847/150/1313
f 1847/150/1314 1848/149/1314 1850/151/1314 1849/152/1314
f 1849/152/1315 1850/151/1315 1852/153/1315 1851/154/1315
f 1851/154/1316 1852/153/1316 1854/155/1316 1853/156/1316
f 1853/156/1317 1854/155/1317 1856/157/1317 1855/158/1317
f 1855/158/1318 1856/157/1318 1858/159/1318 1857/160/1318
f 1857/160/1319 1858/159/1319 1860/161/1319 1859/162/1319
f 1859/162/1320 1860/161/1320 1862/163/1320 1861/164/1320
f 1861/164/1321 1862/163/1321 1864/165/1321 1863/166/1321
f 1863/166/1322 1864/165/1322 1866/167/1322 1865/168/1322
f 1865/168/1323 1866/167/1323 1868/169/1323 1867/170/1323
f 1867/170/1324 1868/169/1324 1870/171/1324 1869/172/1324
f 1869/172/1325 1870/171/1325 1872/173/1325 1871/174/1325
f 1871/174/1326 1872/173/1326 1874/175/1326 1873/176/1326
f 1873/176/1327 1874/175/1327 1876/177/1327 1875/178/1327
f 1875/178/1328 1876/177/1328 1878/179/1328 1877/180/1328
f 1877/180/1329 1878/179/1329 1880/181/1329 1879/182/1329
f 1879/182/1330 1880/181/1330 1882/183/1330 1881/184/1330
f 1881/184/1331 1882/183/1331 1884/185/1331 1883/186/1331
f 1883/186/1332 1884/185/1332 1886/187/1332 1885/188/1332
f 1885/188/1333 1886/187/1333 1888/189/1333 1887/190/1333
f 1887/190/1334 1888/189/1334 1890/191/1334 1889/192/1334
f 1832/193/1335 1830/194/1335 1892/195/1335 1890/196/1335 1888/197/1335 1886/198/1335 1884/199/1335 1882/200/1335 1880/201/1335 1878/202/1335 1876/203/1335 1874/204/1335 1872/205/1335 1870/206/1335 1868/207/1335 1866/208/1335 1864/209/1335 1862/210/1335 1860/211/1335 1858/212/1335 1856/213/1335 1854/214/1335 1852/215/1335 1850/216/1335 1848/217/1335 1846/218/1335 1844/219/1335 1842/220/1335 1840/221/1335 1838/222/1335 1836/223/1335 1834/224/1335
f 1889/192/1336 1890/191/1336 1892/225/1336 1891/226/1336
f 1891/226/1337 1892/225/1337 1830/227/1337 1829/228/1337
f 1829/229/1338 1831/230/1338 1833/231/1338 1835/232/1338 1837/233/1338 1839/234/1338 1841/235/1338 1843/236/1338 1845/237/1338 1847/238/1338 1849/239/1338 1851/240/1338 1853/241/1338 1855/242/1338 1857/243/1338 1859/244/1338 1861/245/1338 1863/246/1338 1865/247/1338 1867/248/1338 1869/249/1338 1871/250/1338 1873/251/1338 1875/252/1338 1877/253/1338 1879/254/1338 1881/255/1338 1883/256/1338 1885/257/1338 1887/258/1338 1889/259/1338 1891/260/1338
