<?xml version="1.0" encoding="utf-8"?>
<COLLADA xmlns="http://www.collada.org/2005/11/COLLADASchema" version="1.4.1" xmlns:xsi="http://www.w3.org/2001/XMLSchema-instance">
  <asset>
    <contributor>
      <author>Blender User</author>
      <authoring_tool>Blender 4.5.2 LTS commit date:2025-08-19, commit time:15:00, hash:ab25eae04993</authoring_tool>
    </contributor>
    <created>2025-08-24T12:48:19</created>
    <modified>2025-08-24T12:48:19</modified>
    <unit name="meter" meter="1"/>
    <up_axis>Z_UP</up_axis>
  </asset>
  <library_cameras>
    <camera id="Camera-camera" name="Camera">
      <optics>
        <technique_common>
          <perspective>
            <xfov sid="xfov">39.59775</xfov>
            <aspect_ratio>1.777778</aspect_ratio>
            <znear sid="znear">0.1</znear>
            <zfar sid="zfar">100</zfar>
          </perspective>
        </technique_common>
      </optics>
      <extra>
        <technique profile="blender">
          <shiftx sid="shiftx" type="float">0</shiftx>
          <shifty sid="shifty" type="float">0</shifty>
          <dof_distance sid="dof_distance" type="float">10</dof_distance>
        </technique>
      </extra>
    </camera>
  </library_cameras>
  <library_lights>
    <light id="Light-light" name="Light">
      <technique_common>
        <point>
          <color sid="color">1000 1000 1000</color>
          <constant_attenuation>1</constant_attenuation>
          <linear_attenuation>0</linear_attenuation>
          <quadratic_attenuation>0</quadratic_attenuation>
        </point>
      </technique_common>
      <extra>
        <technique profile="blender">
          <type sid="type" type="int">0</type>
          <flag sid="flag" type="int">0</flag>
          <mode sid="mode" type="int">2097153</mode>
          <red sid="red" type="float">1</red>
          <green sid="green" type="float">1</green>
          <blue sid="blue" type="float">1</blue>
          <energy sid="blender_energy" type="float">1000</energy>
          <spotsize sid="spotsize" type="float">75</spotsize>
          <spotblend sid="spotblend" type="float">0.15</spotblend>
          <clipsta sid="clipsta" type="float">0.04999995</clipsta>
          <clipend sid="clipend" type="float">40</clipend>
          <radius sid="radius" type="float">0.1</radius>
          <area_shape sid="area_shape" type="int">1</area_shape>
          <area_size sid="area_size" type="float">0.1</area_size>
          <area_sizey sid="area_sizey" type="float">0.1</area_sizey>
          <area_sizez sid="area_sizez" type="float">1</area_sizez>
        </technique>
      </extra>
    </light>
  </library_lights>
  <library_effects>
    <effect id="Material_004-effect">
      <profile_COMMON>
        <technique sid="common">
          <lambert>
            <emission>
              <color sid="emission">0 0 0 1</color>
            </emission>
            <diffuse>
              <color sid="diffuse">1 0.1159683 0.2573827 1</color>
            </diffuse>
            <index_of_refraction>
              <float sid="ior">1.5</float>
            </index_of_refraction>
          </lambert>
        </technique>
      </profile_COMMON>
    </effect>
    <effect id="Material_005-effect">
      <profile_COMMON>
        <technique sid="common">
          <lambert>
            <emission>
              <color sid="emission">0 0 0 1</color>
            </emission>
            <diffuse>
              <color sid="diffuse">0.6546839 0.2848804 0.01529223 1</color>
            </diffuse>
            <index_of_refraction>
              <float sid="ior">1.5</float>
            </index_of_refraction>
          </lambert>
        </technique>
      </profile_COMMON>
    </effect>
    <effect id="Material_002-effect">
      <profile_COMMON>
        <technique sid="common">
          <lambert>
            <emission>
              <color sid="emission">0 0 0 1</color>
            </emission>
            <diffuse>
              <color sid="diffuse">0.7388521 0.5021424 0.07456883 1</color>
            </diffuse>
            <index_of_refraction>
              <float sid="ior">1.5</float>
            </index_of_refraction>
          </lambert>
        </technique>
      </profile_COMMON>
    </effect>
    <effect id="Material_001-effect">
      <profile_COMMON>
        <technique sid="common">
          <lambert>
            <emission>
              <color sid="emission">0 0 0 1</color>
            </emission>
            <diffuse>
              <color sid="diffuse">0.4246095 0.2632124 0.03186064 1</color>
            </diffuse>
            <index_of_refraction>
              <float sid="ior">1.5</float>
            </index_of_refraction>
          </lambert>
        </technique>
      </profile_COMMON>
    </effect>
    <effect id="Material_006-effect">
      <profile_COMMON>
        <technique sid="common">
          <lambert>
            <emission>
              <color sid="emission">0 0 0 1</color>
            </emission>
            <diffuse>
              <color sid="diffuse">0.1672794 0.02092886 0.024477 1</color>
            </diffuse>
            <index_of_refraction>
              <float sid="ior">1.5</float>
            </index_of_refraction>
          </lambert>
        </technique>
      </profile_COMMON>
    </effect>
    <effect id="Material_003-effect">
      <profile_COMMON>
        <technique sid="common">
          <lambert>
            <emission>
              <color sid="emission">0 0 0 1</color>
            </emission>
            <diffuse>
              <color sid="diffuse">0.8723788 0.1938904 0.2211278 1</color>
            </diffuse>
            <index_of_refraction>
              <float sid="ior">1.5</float>
            </index_of_refraction>
          </lambert>
        </technique>
      </profile_COMMON>
    </effect>
  </library_effects>
  <library_images/>
  <library_materials>
    <material id="Material_004-material" name="Material.004">
      <instance_effect url="#Material_004-effect"/>
    </material>
    <material id="Material_005-material" name="Material.005">
      <instance_effect url="#Material_005-effect"/>
    </material>
    <material id="Material_002-material" name="Material.002">
      <instance_effect url="#Material_002-effect"/>
    </material>
    <material id="Material_001-material" name="Material.001">
      <instance_effect url="#Material_001-effect"/>
    </material>
    <material id="Material_006-material" name="Material.006">
      <instance_effect url="#Material_006-effect"/>
    </material>
    <material id="Material_003-material" name="Material.003">
      <instance_effect url="#Material_003-effect"/>
    </material>
  </library_materials>
  <library_geometries>
    <geometry id="Mesh_004-mesh" name="Mesh.004">
      <mesh>
        <source id="Mesh_004-mesh-positions">
          <float_array id="Mesh_004-mesh-positions-array" count="1008">-0.6976125 -0.6579352 -0.001839697 -0.7701315 -0.5436224 -0.02200055 -0.8495085 -0.4415183 -0.05541712 -0.9301402 -0.3514222 -0.09185379 -1.006657 -0.272942 -0.1237722 -1.073973 -0.2054532 -0.1469097 -1.127301 -0.148088 -0.1604365 -1.162092 -0.09978139 -0.1663002 -1.173904 -0.05938297 -0.1676525 -1.158201 -0.02581721 -0.1665919 -1.110165 0.001757204 -0.1619133 -1.024581 0.02386152 -0.1478976 -0.896018 0.04083502 -0.1162657 -0.7962422 0.05506902 -0.08631163 -0.7023087 0.07806468 -0.05679833 -0.6142411 0.109758 -0.03108114 -0.5320023 0.1500353 -0.0118134 -0.4555243 0.1987574 -0.001293003 -0.3845816 0.2556565 0 -0.3182196 0.3198677 0 -0.2560589 0.3909972 0 -0.1978325 0.4687431 0 -0.1432734 0.5528034 0 -0.09211444 0.642876 0 -0.04408836 0.7386589 0 -0.003606677 0.8049994 0 0.03317147 0.8249568 0 0.0694999 0.8056676 0 0.1086325 0.7542681 0 0.1538229 0.6778943 0 0.2083251 0.5836827 0 0.2753929 0.4787696 0 0.3582801 0.3702912 0 0.4602404 0.2653838 0 0.5825374 0.1728129 -0.02296876 0.7269374 0.1009324 -0.08606952 0.8984248 0.05546164 -0.1693301 0.9775207 0.0421698 -0.2007227 1.043824 0.02877128 -0.2211861 1.096022 0.0131734 -0.2328661 1.132711 -0.006643533 -0.2389369 1.152525 -0.03272831 -0.2421643 1.154251 -0.06725746 -0.2435123 1.136943 -0.1126231 -0.2409043 1.099923 -0.1714381 -0.2291536 1.042687 -0.2464585 -0.2010547 0.9646146 -0.340344 -0.1507583 0.8643423 -0.4551464 -0.08098727 0.7387178 -0.5914529 -0.01510882 0.7052828 -0.6524915 -0.003479063 0.6937064 -0.7332457 -0.009907901 0.6982843 -0.827731 -0.03478902 0.7137078 -0.9302867 -0.07395118 0.7349131 -1.035452 -0.1204004 0.75708 -1.137967 -0.1643267 0.7752507 -1.232458 -0.1975119 0.7840229 -1.313187 -0.2168644 0.7774965 -1.374009 -0.225038 0.7495632 -1.40861 -0.2270904 0.6944736 -1.410968 -0.2239351 0.6073526 -1.375776 -0.2063998 0.4787998 -1.302247 -0.1550431 0.3761721 -1.234789 -0.1015587 0.2931674 -1.174466 -0.05831629 0.2243033 -1.123016 -0.028225 0.1644526 -1.082463 -0.01009595 0.1085947 -1.054923 -0.00150913 0.05171293 -1.042512 0 -0.01094037 -1.047568 0 -0.08446472 -1.07214 0 -0.1743472 -1.11796 -0.002962768 -0.2864878 -1.186422 -0.01661807 -0.4262664 -1.279346 -0.04269438 -0.579383 -1.374055 -0.07084727 -0.6855502 -1.418936 -0.08405709 -0.7520496 -1.420688 -0.08872079 -0.7860061 -1.38614 -0.08943068 -0.7941598 -1.322436 -0.08633673 -0.7830826 -1.236855 -0.0776478 -0.7594512 -1.136594 -0.0627855 -0.7301756 -1.028655 -0.0438587 -0.7023438 -0.9198974 -0.02503526 -0.6830484 -0.8171759 -0.01053178 -0.6792027 -0.7274917 -0.00249809 -0.6975071 -0.6580214 -0.1806235 -0.7696607 -0.5440077 -0.196568 -0.8486937 -0.4421852 -0.2260153 -0.9290105 -0.3523469 -0.2588174 -1.005251 -0.2740926 -0.2875509 -1.072343 -0.2067874 -0.3081004 -1.125512 -0.1495519 -0.3197988 -1.160218 -0.101315 -0.3246791 -1.172006 -0.06093597 -0.3257591 -1.156323 -0.02735483 -0.3249149 -1.108356 2.77052e-4 -0.3210458 -1.022941 0.02251869 -0.3089664 -0.8946791 0.03973907 -0.2808157 -0.7951593 0.05418264 -0.253816 -0.7014814 0.07738757 -0.2272521 -0.6136652 0.1092867 -0.2044364 -0.5316734 0.1497661 -0.1880185 -0.4554389 0.1986876 -0.1803078 -0.3845816 0.2556565 -0.18 -0.3182196 0.3198677 -0.18 -0.2560589 0.3909972 -0.18 -0.1978325 0.4687431 -0.18 -0.1432734 0.5528034 -0.18 -0.09211444 0.642876 -0.18 -0.04408836 0.7386589 -0.18 -0.003606677 0.8049994 -0.18 0.03317147 0.8249568 -0.18 0.0694999 0.8056676 -0.18 0.1086325 0.7542681 -0.18 0.1538229 0.6778943 -0.18 0.2083251 0.5836827 -0.18 0.2753929 0.4787696 -0.18 0.3582801 0.3702912 -0.18 0.4602317 0.265391 -0.1801008 0.5827711 0.1726216 -0.200271 0.7276536 0.1003461 -0.2578039 0.8999274 0.0542317 -0.3319905 0.9793989 0.04063248 -0.3590497 1.045989 0.02699935 -0.3762058 1.098376 0.01124626 -0.3856979 1.135178 -0.00866276 -0.3904699 1.155059 -0.03480261 -0.3929214 1.156817 -0.06935793 -0.3939007 1.139457 -0.1146805 -0.3918992 1.10223 -0.1733267 -0.3825286 1.044593 -0.2480188 -0.3590571 0.9659482 -0.3414356 -0.3153691 0.8650473 -0.4557235 -0.2528515 0.7389165 -0.5916156 -0.1928155 0.705395 -0.6525833 -0.1821849 0.6940439 -0.7335219 -0.1860135 0.698982 -0.828302 -0.2067384 0.7148013 -0.9311817 -0.2413329 0.7364094 -1.036677 -0.2831341 0.7589542 -1.139501 -0.3226995 0.7774429 -1.234252 -0.3522149 0.7864394 -1.315165 -0.3689787 0.7800309 -1.376084 -0.3757931 0.7521331 -1.410714 -0.377435 0.6969904 -1.413028 -0.3748927 0.6096419 -1.37765 -0.3599827 0.4805919 -1.303714 -0.3143625 0.3775084 -1.235883 -0.266139 0.2941138 -1.175241 -0.2273957 0.2249212 -1.123521 -0.2010942 0.1647938 -1.082742 -0.1861587 0.1086991 -1.055008 -0.1803042 0.05171293 -1.042512 -0.18 -0.01094037 -1.047568 -0.18 -0.08446472 -1.07214 -0.18 -0.1743472 -1.11796 -0.1829628 -0.2864878 -1.186422 -0.1966181 -0.4262664 -1.279346 -0.2226944 -0.579383 -1.374055 -0.2508473 -0.6855502 -1.418936 -0.2640571 -0.7520496 -1.420688 -0.2687208 -0.7860061 -1.38614 -0.2694307 -0.7941598 -1.322436 -0.2663368 -0.7830826 -1.236855 -0.2576478 -0.7594512 -1.136594 -0.2427855 -0.7301756 -1.028655 -0.2238587 -0.7023438 -0.9198974 -0.2050352 -0.6830484 -0.8171759 -0.1905317 -0.6792027 -0.7274917 -0.1824981 -0.7233584 -0.6665525 -0.09237712 -0.7985435 -0.5480612 -0.113637 -0.8808208 -0.4422343 -0.1484623 -0.964304 -0.3489289 -0.1853279 -1.043411 -0.2677526 -0.2162237 -1.112893 -0.1980409 -0.2369784 -1.167846 -0.1388474 -0.2473953 -1.203639 -0.08900016 -0.2504526 -1.215747 -0.04724335 -0.2503163 -1.19951 -0.01242876 -0.2496333 -1.149946 0.01632535 -0.2472946 -1.061621 0.03953307 -0.2370052 -0.9287822 0.05744624 -0.2087798 -0.8255499 0.07233476 -0.1796752 -0.7282643 0.09621495 -0.1497831 -0.6369919 0.129055 -0.1230666 -0.5517305 0.1707664 -0.1026918 -0.4724416 0.2212315 -0.09140998 -0.3989158 0.2801925 -0.08999997 -0.330143 0.3467362 -0.08999997 -0.2657244 0.4204495 -0.08999997 -0.2053829 0.5010196 -0.08999997 -0.1488419 0.5881335 -0.08999997 -0.09582453 0.681478 -0.08999997 -0.04605388 0.7807403 -0.08999997 -0.004101634 0.8494905 -0.08999997 0.03401243 0.8701731 -0.08999997 0.07166051 0.8501831 -0.08999997 0.1122146 0.7969164 -0.08999997 0.1590466 0.7177684 -0.08999997 0.2155287 0.6201345 -0.08999997 0.2850327 0.5114104 -0.08999997 0.3709308 0.3989914 -0.08999997 0.4765859 0.2902805 -0.09010434 0.6031339 0.1945037 -0.1161166 0.7526884 0.1200865 -0.1825582 0.9308238 0.0726214 -0.2640141 1.0132 0.05851346 -0.2918484 1.082336 0.0442813 -0.3081638 1.136797 0.02781599 -0.3160278 1.175076 0.007068932 -0.3193557 1.195726 -0.02005869 -0.321356 1.197469 -0.05580443 -0.3232845 1.179286 -0.1026161 -0.3234289 1.140481 -0.163208 -0.31632 1.08062 -0.2405068 -0.2934982 0.9992091 -0.337391 -0.2471791 0.8950321 -0.4561491 -0.1778988 0.7649734 -0.5975127 -0.108137 0.7304332 -0.6608582 -0.09482169 0.7184429 -0.7445513 -0.1014074 0.7231066 -0.8424028 -0.128122 0.7390755 -0.9486718 -0.1688789 0.7611699 -1.057755 -0.2156433 0.7844325 -1.164232 -0.2578138 0.8037001 -1.262512 -0.2871633 0.8132698 -1.346566 -0.3016931 0.8068656 -1.409892 -0.3060184 0.778014 -1.445828 -0.3070324 0.7206638 -1.448059 -0.3067564 0.6297757 -1.411096 -0.2955359 0.4958747 -1.334341 -0.2501424 0.3892521 -1.264214 -0.1977937 0.303177 -1.201655 -0.1536184 0.2318549 -1.14837 -0.1219325 0.1699121 -1.106412 -0.1021978 0.1121147 -1.077945 -0.09226518 0.05322742 -1.065133 -0.08999997 -0.01170176 -1.070372 -0.08999997 -0.0878973 -1.095836 -0.09000402 -0.1811819 -1.143209 -0.09465658 -0.2975564 -1.214027 -0.110657 -0.4425123 -1.310245 -0.1388323 -0.6011057 -1.408463 -0.1670255 -0.7109615 -1.455112 -0.1787762 -0.7797801 -1.457007 -0.1824963 -0.8149991 -1.421181 -0.1835651 -0.8235645 -1.355067 -0.1816932 -0.8122172 -1.26627 -0.1742161 -0.7878137 -1.162295 -0.1598095 -0.7574818 -1.05043 -0.1402777 -0.7285706 -0.9377778 -0.1199817 -0.7084608 -0.8314178 -0.1036412 -0.7043564 -0.7385731 -0.0939427 -0.5848646 -0.6201462 0.05104386 -0.6450868 -0.5246441 0.04281497 -0.71118 -0.4393224 0.02223509 -0.7786269 -0.3638533 -0.004328906 -0.8429933 -0.2978408 -0.03147381 -0.8999693 -0.2407872 -0.05523073 -0.9453904 -0.1920763 -0.07329934 -0.9752196 -0.1509869 -0.08486282 -0.9854919 -0.116739 -0.0899263 -0.9722265 -0.08856582 -0.08831733 -0.931345 -0.0657801 -0.07873624 -0.8586549 -0.04778832 -0.05856597 -0.7499957 -0.03397077 -0.02555716 -0.6660974 -0.02200287 -3.57922e-4 -0.5874066 -0.002426087 0.02106577 -0.5138123 0.02459847 0.03740417 -0.4451751 0.05888658 0.04767549 -0.3813426 0.1002435 0.05104386 -0.3217841 0.1481647 0.05104386 -0.265983 0.2021572 0.05104386 -0.2137146 0.261967 0.05104386 -0.1647545 0.3273404 0.05104386 -0.1188781 0.3980231 0.05104386 -0.07586061 0.4737614 0.05104386 -0.03547745 0.5543013 0.05104386 -0.001438081 0.6100842 0.05104386 0.02948707 0.6268656 0.05104386 0.06003415 0.6106461 0.05104386 0.09293907 0.5674263 0.05104386 0.1309379 0.503207 0.05104386 0.1767665 0.4239883 0.05104386 0.233161 0.3357712 0.05104386 0.3028574 0.2445562 0.05104386 0.3885916 0.1563439 0.05104386 0.4923846 0.0777204 0.0427922 0.6150562 0.01625448 0.00417751 0.7595886 -0.0222547 -0.06195938 0.8256157 -0.03303718 -0.09391194 0.8806462 -0.04371303 -0.1194419 0.9237857 -0.05621355 -0.1379349 0.9540643 -0.07240879 -0.149638 0.9705055 -0.09416306 -0.1548801 0.9721875 -0.1233856 -0.153357 0.9582836 -0.1620634 -0.1436683 0.9280564 -0.2122566 -0.1233822 0.8807727 -0.2760287 -0.09001857 0.8154907 -0.3552725 -0.04350566 0.7306665 -0.4513881 0.009283065 0.6235687 -0.5648031 0.04776734 0.5948882 -0.6156643 0.0510115 0.585543 -0.6838855 0.05009335 0.5902678 -0.7640508 0.03927427 0.6040297 -0.8509346 0.01549386 0.6223092 -0.9397315 -0.01838386 0.6408699 -1.025868 -0.05622571 0.6555395 -1.104822 -0.09116107 0.6620053 -1.171959 -0.1179402 0.6557301 -1.222457 -0.1338996 0.6320425 -1.251388 -0.1379281 0.5863555 -1.253891 -0.1279414 0.5143339 -1.22531 -0.09894788 0.4071648 -1.164241 -0.04508268 0.320718 -1.107394 -0.001857876 0.250308 -1.056168 0.027408 0.1916432 -1.012283 0.04394292 0.1405678 -0.9775708 0.05053824 0.09301733 -0.9539371 0.05104386 0.04507786 -0.9434112 0.05104386 -0.007604658 -0.9476625 0.05104386 -0.06942826 -0.968324 0.05104386 -0.1447908 -1.007029 0.05104386 -0.2384837 -1.065088 0.04650253 -0.3555276 -1.143625 0.03023147 -0.4843044 -1.22324 0.006241619 -0.5739384 -1.260681 -0.009047985 -0.6300872 -1.261965 -0.0156486 -0.6585733 -1.232969 -0.01547849 -0.6651474 -1.179634 -0.009622156 -0.655534 -1.107917 0.001133739 -0.6355271 -1.023723 0.01520335 -0.6110193 -0.9328727 0.02986174 -0.5879421 -0.8411568 0.0419355 -0.5721532 -0.7544259 0.04910218 -0.5693367 -0.6786727 0.05104386</float_array>
          <technique_common>
            <accessor source="#Mesh_004-mesh-positions-array" count="336" stride="3">
              <param name="X" type="float"/>
              <param name="Y" type="float"/>
              <param name="Z" type="float"/>
            </accessor>
          </technique_common>
        </source>
        <source id="Mesh_004-mesh-normals">
          <float_array id="Mesh_004-mesh-normals-array" count="2004">0.5214487 -0.2545687 0.8144238 -0.3441253 -0.09334725 -0.9342719 -0.7859456 -0.5495398 -0.2833646 -0.7113576 -0.644963 -0.2792726 -0.6644178 -0.6946572 -0.2756819 -0.6372287 -0.7208901 -0.2725015 -0.6369694 -0.7194702 -0.276826 -0.668469 -0.6817395 -0.2972884 -0.7431624 -0.5701308 -0.3502295 -0.8515289 -0.2607581 -0.4548668 -0.7727828 0.370512 -0.5152938 -0.4426519 0.7965099 -0.4118633 -0.2061772 0.9255174 -0.317661 -0.07298207 0.9610776 -0.2664648 -0.06356972 0.9617363 -0.2664998 -0.1430578 0.946183 -0.290297 -0.2524085 0.9166091 -0.3100288 -0.3678264 0.873918 -0.3177596 -0.4897673 0.8128855 -0.3151905 -0.596416 0.7434502 -0.302605 -0.6648051 0.6870745 -0.2931942 -0.7219771 0.6309413 -0.2840108 -0.7703393 0.5769309 -0.2715293 -0.8106977 0.5261812 -0.2567148 -0.8440318 0.479389 -0.240409 -0.87135 0.4368997 -0.223311 -0.8257126 0.5038594 -0.2536227 -0.4370202 0.8053521 -0.4005265 0.4279577 0.8059939 -0.4089327 0.7580764 0.577153 -0.3036686 0.8297013 0.4909363 -0.2656636 0.8352248 0.4831842 -0.2625504 0.8101597 0.5179106 -0.2746086 0.7599651 0.580681 -0.2919978 0.6822356 0.6633538 -0.3074352 0.5310351 0.7869657 -0.3141444 0.3101828 0.8991115 -0.3088449 0.1207395 0.9495953 -0.2892935 0.06536477 0.9553487 -0.2881604 0.11385 0.9443721 -0.3085443 0.2122572 0.9140797 -0.3455507 0.391739 0.8228148 -0.4117238 0.6675295 0.5543116 -0.4971347 0.8611615 0.06917136 -0.5036032 0.844822 -0.3268527 -0.4236072 0.7685303 -0.5336028 -0.3530288 0.7052134 -0.6376431 -0.3099765 0.6625251 -0.6928264 -0.2846964 0.6431102 -0.7161378 -0.2712121 0.646565 -0.7161909 -0.2627245 0.8176212 -0.4994826 -0.2863787 0.9512877 -0.1199777 -0.2840019 0.9582054 0.1169479 -0.2610855 0.940119 0.2357002 -0.2462142 0.9262234 0.2905652 -0.2401706 0.9227319 0.2968958 -0.2458024 0.9278903 0.2632958 -0.2639982 0.9373199 0.1675255 -0.3055593 0.9188339 -0.05291235 -0.3910813 0.6794309 -0.5229466 -0.5146849 0.03241235 -0.8895881 -0.4556124 -0.3907602 -0.8667686 -0.3098689 -0.5435258 -0.8023532 -0.2465949 -0.608896 -0.7624969 -0.2187328 -0.6353177 -0.7458963 -0.2000257 -0.6332017 -0.7501093 -0.1907663 -0.5833085 -0.7881692 -0.1963176 -0.4609895 -0.8610562 -0.2146413 -0.2152111 -0.9470279 -0.2383747 0.07799696 -0.9665698 -0.2442523 0.3083804 -0.9227402 -0.2311968 0.4494263 -0.8679445 -0.2113962 0.5282522 -0.826304 -0.195375 0.5677559 -0.8022503 -0.1845205 0.5416588 -0.8173744 -0.1962267 0.4032471 -0.8785172 -0.256124 0.0508185 -0.9247599 -0.3771425 -0.6243083 -0.6276028 -0.4651386 -0.9272311 -0.1099944 -0.3579715 -0.9506514 0.1445964 -0.2745064 -0.93766 0.2530812 -0.2382089 -0.9291443 0.291616 -0.2272682 -0.9315273 0.2807216 -0.2311978 -0.9448392 0.2164151 -0.2458521 -0.9604575 0.07059264 -0.2693294 -0.9260789 -0.2379716 -0.2928265 -0.9253066 -0.2503256 0.2848592 -0.9651952 0.01539647 0.2610768 -0.9603837 0.145022 0.2379745 -0.9529988 0.2042638 0.2237623 -0.9505683 0.2193729 0.2197624 -0.9541859 0.1921765 0.2293415 -0.9599238 0.1006419 0.2615675 -0.932853 -0.1303673 0.3358417 -0.6489205 -0.6249755 0.4339445 -4.12912e-4 -0.9341458 0.3568915 0.351711 -0.9037778 0.2438959 0.4908863 -0.850187 0.1902962 0.5202272 -0.8340588 0.1836017 0.4933627 -0.8473269 0.1965463 0.4381384 -0.8732571 0.2132064 0.3083804 -0.9227402 0.2311968 0.0779969 -0.9665698 0.2442523 -0.1981073 -0.951893 0.2337802 -0.4032276 -0.891187 0.2078301 -0.5096583 -0.8399854 0.1862072 -0.5366095 -0.8246487 0.1788989 -0.5132226 -0.8377696 0.186399 -0.4645696 -0.8609688 0.2071419 -0.4198323 -0.8749926 0.2410995 -0.3278474 -0.8965515 0.2978451 0.03712248 -0.9008205 0.4326018 0.6634494 -0.5647222 0.4908401 0.9154416 -0.148495 0.3740533 0.9558299 0.03387272 0.2919619 0.9622861 0.09560292 0.2546876 0.9647257 0.1051992 0.2413245 0.9664559 0.08836072 0.241154 0.9671192 0.05024439 0.2493109 0.9643878 -0.02266806 0.2635194 0.9482353 -0.1578689 0.275549 0.8677435 -0.4159762 0.2720018 0.7708904 -0.5857779 0.2501847 0.7963886 -0.5415952 0.2691467 0.796376 -0.529249 0.2927128 0.7925096 -0.5193346 0.3197185 0.8054154 -0.4740656 0.3557636 0.8487893 -0.3309728 0.4123272 0.8766122 0.01681011 0.4809038 0.7301802 0.4965546 0.4693298 0.4876395 0.7871208 0.3776884 0.3349147 0.8907852 0.3071382 0.2704569 0.9236407 0.2715524 0.2585617 0.9311187 0.2572229 0.3688271 0.8879768 0.2747067 0.5272286 0.7944094 0.3015687 0.6099712 0.7284471 0.3119294 0.6825422 0.6630615 0.307385 0.7599651 0.580681 0.2919977 0.8101597 0.5179106 0.2746086 0.8352248 0.4831842 0.2625504 0.8297013 0.4909363 0.2656636 0.7580764 0.577153 0.3036687 0.4279578 0.805994 0.4089327 -0.4370201 0.8053521 0.4005264 -0.8257126 0.5038594 0.2536226 -0.87135 0.4368998 0.223311 -0.8440318 0.479389 0.240409 -0.8106977 0.5261812 0.2567148 -0.7703393 0.5769309 0.2715293 -0.7219772 0.6309413 0.2840108 -0.6648051 0.6870746 0.2931942 -0.6005761 0.7420406 0.2977989 -0.5424285 0.7858445 0.2970185 -0.4756829 0.8298293 0.2917348 -0.3967257 0.8737734 0.2812983 -0.305916 0.9143968 0.2651298 -0.2052223 0.9480912 0.2429136 -0.1800785 0.9532892 0.2425106 -0.2744954 0.9185027 0.2846138 -0.479672 0.796963 0.3671032 -0.8070027 0.3672919 0.4624318 -0.8815719 -0.2442337 0.4039566 -0.7886355 -0.5301926 0.3113679 -0.7364061 -0.6215996 0.2670582 -0.72696 -0.6383039 0.2531746 -0.7421305 -0.6199746 0.2547037 -0.7693461 -0.5820093 0.2633853 -0.8006657 -0.532756 0.2740536 -0.8318567 -0.4779789 0.2820472 0 0 1 0.1301582 0.2451342 0.9607122 -0.441817 -0.1235743 0.8885533 -0.5296143 0.006012201 0.8482173 0.5316622 -0.2338418 0.8140352 0.2994213 0.227961 0.9264883 -0.4862242 -0.09365659 0.8688006 -0.5134376 0.01624262 0.8579732 0.533326 -0.1871613 0.8249449 0.3659435 0.2165299 0.9050968 -0.5038818 -0.1041725 0.8574679 -0.4800999 0.01492518 0.8770869 0.5151375 -0.1464697 0.8444998 0.3718867 0.2151395 0.9030035 -0.5026015 -0.1432861 0.8525614 -0.4356043 -0.006875753 0.900112 0.449913 -0.1661944 0.8774724 0.3478609 0.2223768 0.9107916 -0.4878859 -0.1949322 0.8508635 -0.3934402 -0.1043852 0.9134049 0.2967876 -0.2935024 0.9087208 0.3101984 0.2370191 0.9206513 -0.4651871 -0.2309372 0.8545578 0.2167368 -0.3961006 0.8922609 0.266747 0.2592536 0.9282423 -0.4383297 -0.2095966 0.8740345 0.1332265 -0.5201097 0.8436448 0.3687865 0.2662412 0.8905684 -0.4024681 -0.08717149 0.9112741 0.05481499 -0.6046617 0.794594 0.4885057 0.2465971 0.8369899 -0.3527913 0.1130654 0.9288458 -0.0160622 -0.620557 0.7839968 0.479066 0.2891855 0.8287747 -0.3396279 0.225381 0.9131573 -0.1186301 -0.6104584 0.783114 0.3956328 0.385058 0.8337895 -0.3284776 0.3386267 0.8817225 -0.2085132 -0.5764308 0.7900948 0.3436712 0.4113243 0.8442172 -0.3122157 0.4223929 0.8509439 -0.2531951 -0.5267233 0.8114523 0.3126325 0.4016388 0.8607829 -0.315501 0.4175571 0.852118 -0.2280131 -0.4769175 0.8488579 0.3235042 0.3269245 0.8879557 -0.3287368 0.3709146 0.8685358 -0.1011964 -0.4608953 0.881666 0.3773872 0.1741155 0.9095398 -0.3198784 0.33538 0.8861141 0.03676789 -0.4556434 0.8894028 0.4248371 0.07148826 0.9024428 -0.2914056 0.3124915 0.9041194 0.1516358 -0.4537267 0.878145 0.4658196 0.0537967 0.8832429 -0.2455818 0.304077 0.9204492 0.2129271 -0.4729701 0.8549628 0.518056 0.03345072 0.8546924 -0.2508329 0.2917668 0.9230141 0.2141206 -0.5161396 0.8293083 0.5637585 0.01404672 0.8258203 -0.2704327 0.2794915 0.9212767 0.2116941 -0.5459194 0.8106526 0.5842032 -0.004901766 0.8115926 -0.3015507 0.2635275 0.9163081 0.1790652 -0.5349406 0.8256962 0.55851 -0.03779268 0.8286364 -0.3338126 0.2500026 0.9088827 0.09437292 -0.4799608 0.8721991 0.452396 -0.1277022 0.8826267 -0.3674994 0.2385245 0.8989162 -0.05459779 -0.3826425 0.9222818 0.392277 -0.1634658 0.9052059 -0.402798 0.2287792 0.8862357 -0.2463179 -0.247491 0.9370569 0.4336315 -0.1331115 0.8912042 -0.4397822 0.2205092 0.8706132 -0.3801417 -0.1471202 0.9131527 0.4691999 -0.2035523 0.8593125 -0.3779181 0.23061 0.8966587 -0.4734277 -0.06824809 0.8781847 0.5023697 -0.2414872 0.8302461 -0.1354387 0.2495899 0.9588332 -0.5199873 -0.01914077 0.8539595 0.5237554 -0.2074062 0.8262342 0.2349504 -0.06196194 -0.9700304 0.1725241 -0.0408858 -0.9841564 0.2206498 -0.05121582 -0.9740074 0.1106251 -0.02093642 -0.9936417 0.06819939 -0.006772398 -0.9976487 0.08477216 -0.007641136 -0.996371 0.1463583 -0.02498865 -0.988916 0.2715203 -0.0775969 -0.9592995 0.2802837 -0.07821977 -0.956725 0.2937581 -0.08500742 -0.9520924 0.2912082 -0.08477741 -0.9528959 0.2626976 -0.07431435 -0.9620121 0.2781234 -0.08108013 -0.9571172 0.1539415 -0.04064112 -0.9872438 0.2271089 -0.06593227 -0.9716349 0.01905602 0.03198635 -0.9993067 0.1222614 -0.0341801 -0.9919092 9.62896e-4 9.64788e-5 -0.9999996 0.06577634 0.08622854 -0.9941018 0.01949161 0.02639114 -0.9994617 0.003419458 0.001149237 -0.9999935 0.0976296 0.1211341 -0.9878234 0.001536309 -0.004597008 -0.9999883 0.06705266 0.08839416 -0.9938262 -1.2078e-4 1.24826e-4 -1 0.1134036 0.1194806 -0.9863387 0.1192591 0.1400107 -0.9829416 0.1094403 0.1165024 -0.9871424 0.1108437 0.1418834 -0.9836578 0 0 -1 1.93703e-5 -2.40046e-4 -1 0.09283375 0.08867359 -0.9917252 0.06864953 0.04699808 -0.9965332 0.07206243 0.05758285 -0.9957365 0.09042358 0.07831704 -0.9928192 0.1036685 0.1210905 -0.9872132 0 0 -1 0 0 -1 -1.18881e-4 -3.99541e-5 -1 0 0 -1 -6.67987e-5 8.96194e-4 -0.9999996 0 0 -1 0 0 -1 0 0 -1 0 0 -1 0 0 -1 0 0 -1 0 0 -1 0 0 -1 -0.004801869 0.002446711 -0.9999855 -0.05919778 0.09012842 -0.9941692 -0.004051208 0.001188278 -0.9999911 -0.1997742 -0.05113214 -0.9785069 -0.03863346 0.05262047 -0.997867 -0.2085872 0.3065076 -0.9287326 -0.1705752 0.2557152 -0.9515849 -0.1221717 0.177513 -0.9765056 -0.4068001 -0.09198206 -0.9088746 -0.2129529 -0.05302727 -0.9756224 -0.2209181 0.3194013 -0.9215085 -0.1965488 0.2852222 -0.9380921 -0.104826 0.1551762 -0.9823094 -0.1838048 0.2634955 -0.9469879 -0.1788172 0.2606413 -0.948731 -0.04952603 0.08707255 -0.9949701 -0.1164336 0.1890662 -0.975037 -0.06301671 0.117491 -0.9910725 -0.210888 0.3104243 -0.9269105 -0.3329074 -0.07516562 -0.9399589 -0.2572812 -0.0417599 -0.9654338 -0.2998 -0.06768774 -0.9515978 -0.134965 0.2049447 -0.9694236 -0.4173696 -0.1075484 -0.9023502 -0.2211173 0.3197754 -0.9213311 -0.181408 -0.01075464 -0.9833491 -0.1218429 0.01265949 -0.9924686 -0.09179931 0.02354198 -0.9954993 -0.1305647 0.006229221 -0.9914202 -0.2045102 -0.02653199 -0.9785048 -0.3867095 -0.1030239 -0.9164289 -0.4271816 -0.1135369 -0.8970091 -0.7864712 -0.5397128 -0.3002884 -0.7115367 -0.6376464 -0.2951653 -0.6565949 -0.6992149 -0.2828103 -0.6341393 -0.7226523 -0.2750291 -0.6385349 -0.7185146 -0.275699 -0.6741388 -0.6775756 -0.2939867 -0.7517107 -0.5610353 -0.3466561 -0.8570826 -0.2470371 -0.4520863 -0.7709435 0.3730281 -0.5162326 -0.4284551 0.8020323 -0.4161373 -0.1952613 0.9257443 -0.3238373 -0.06988036 0.9605471 -0.269195 -0.06815761 0.9622412 -0.2635267 -0.1541286 0.9465564 -0.2833292 -0.2459285 0.9233615 -0.2948265 -0.3597774 0.8828605 -0.3018568 -0.4812338 0.8233532 -0.3008381 -0.5936313 0.7474058 -0.2983061 -0.6648052 0.6870743 -0.2931943 -0.721977 0.6309418 -0.2840104 -0.7703393 0.5769309 -0.2715293 -0.8106978 0.5261811 -0.2567151 -0.8440318 0.4793891 -0.240409 -0.87135 0.4368998 -0.2233109 -0.8257125 0.5038596 -0.2536225 -0.4370221 0.8053508 -0.4005269 0.4279565 0.8059948 -0.4089324 0.7580761 0.5771535 -0.3036685 0.8297017 0.4909358 -0.2656641 0.8352246 0.4831846 -0.2625501 0.8101597 0.5179104 -0.2746087 0.7599651 0.5806811 -0.2919976 0.6822354 0.6633543 -0.3074345 0.534183 0.7776739 -0.3314694 0.3100006 0.8892237 -0.3364237 0.1192798 0.9434097 -0.3094357 0.06643831 0.9554315 -0.2876396 0.1223759 0.9443815 -0.3052338 0.2264032 0.9121005 -0.3417809 0.407077 0.8166797 -0.409051 0.6731165 0.5489173 -0.4955846 0.8603239 0.05813288 -0.5064222 0.8377592 -0.339771 -0.427452 0.7616177 -0.5405581 -0.357401 0.7020366 -0.639927 -0.3124709 0.6643977 -0.6917092 -0.2830443 0.644587 -0.7182565 -0.2619449 0.6481474 -0.7194653 -0.2495489 0.8162801 -0.5043065 -0.281712 0.9506044 -0.1134524 -0.2889288 0.9555848 0.109607 -0.2735764 0.9379659 0.2311342 -0.258451 0.9245914 0.2881302 -0.2492222 0.9214143 0.2994065 -0.2476923 0.92928 0.2604123 -0.2619622 0.9403494 0.1590487 -0.3007432 0.9200289 -0.06666851 -0.3861375 0.6766116 -0.5287572 -0.5124574 0.01594418 -0.8869661 -0.4615594 -0.4020709 -0.8579946 -0.3196627 -0.5464794 -0.7989788 -0.2509846 -0.6048515 -0.7670386 -0.2140247 -0.6388564 -0.7458626 -0.1885513 -0.6386405 -0.7483994 -0.1789873 -0.5908982 -0.7851704 -0.1853288 -0.4508618 -0.8678739 -0.2086108 -0.2093942 -0.9491627 -0.2350409 0.07799589 -0.9665701 -0.2442516 0.3083877 -0.9227364 -0.2312028 0.4508221 -0.8668382 -0.2129576 0.5292845 -0.8252874 -0.196872 0.5682029 -0.8017477 -0.185327 0.541241 -0.8178363 -0.1954532 0.4009291 -0.8802151 -0.2539234 0.04577809 -0.9257978 -0.3752372 -0.6260479 -0.6249213 -0.466409 -0.9270526 -0.101122 -0.3610373 -0.9486292 0.1510153 -0.2780236 -0.9361686 0.2563174 -0.240603 -0.929017 0.29186 -0.2274758 -0.9327546 0.2783513 -0.2291052 -0.9467869 0.2120355 -0.2421479 -0.9620212 0.06500023 -0.2651233 -0.9261469 -0.2360882 -0.2941333 -0.925445 -0.2476541 0.2867385 -0.9645847 0.01778668 0.2631732 -0.9597733 0.1464631 0.2395491 -0.9526682 0.2049277 0.2245618 -0.9506014 0.2193053 0.2196864 -0.9546142 0.1911388 0.2284244 -0.9606314 0.09794455 0.259989 -0.932754 -0.1356091 0.3340361 -0.6473234 -0.6273537 0.4328969 0.0062595 -0.9331089 0.3595394 0.3559396 -0.9008441 0.24857 0.4916468 -0.8491917 0.1927615 0.5193066 -0.8352658 0.1806979 0.4908348 -0.8498989 0.191711 0.4344979 -0.876121 0.2088627 0.3083668 -0.9227476 0.2311857 0.07799589 -0.9665701 0.2442516 -0.2012013 -0.9507974 0.2355896 -0.4062293 -0.8893501 0.209843 -0.5113416 -0.8386173 0.187752 -0.5371941 -0.8240961 0.1796889 -0.5127019 -0.8383293 0.1853127 -0.4627159 -0.8633963 0.2010994 -0.4153197 -0.8819059 0.2230504 -0.3100585 -0.9079962 0.2817917 0.06296652 -0.9032653 0.4244372 0.6703732 -0.5521933 0.4956635 0.9153835 -0.1188446 0.3846415 0.9504477 0.05532807 0.3059214 0.957455 0.1077609 0.2677077 0.9618034 0.1110336 0.2502112 0.9653078 0.09052079 0.2449222 0.9672637 0.04992282 0.2488144 0.9651109 -0.02515745 0.26063 0.9482121 -0.1575486 0.2758119 0.8640804 -0.4206447 0.2764473 0.7693169 -0.5856503 0.2552751 0.799945 -0.5413367 0.2589258 0.8065114 -0.524253 0.2733097 0.8093083 -0.5052537 0.2995643 0.8247575 -0.4509682 0.3411784 0.861729 -0.305478 0.4051006 0.877458 0.02517795 0.4789921 0.7174537 0.5112345 0.4731802 0.4658794 0.7983551 0.3815566 0.3159647 0.8957785 0.3126454 0.256273 0.9256062 0.2785269 0.2489585 0.9316755 0.264576 0.3666417 0.8853416 0.2859094 0.5282192 0.7948156 0.2987519 0.6137816 0.728072 0.3052595 0.6824604 0.6632891 0.3070756 0.7599651 0.5806811 0.2919976 0.8101597 0.5179104 0.2746087 0.8352246 0.4831846 0.2625501 0.8297017 0.4909358 0.2656641 0.7580761 0.5771535 0.3036685 0.4279565 0.8059948 0.4089324 -0.4370221 0.8053508 0.4005269 -0.8257125 0.5038596 0.2536225 -0.87135 0.4368998 0.2233109 -0.8440318 0.4793891 0.240409 -0.8106978 0.5261811 0.2567151 -0.7703393 0.5769309 0.2715293 -0.721977 0.6309418 0.2840104 -0.6648052 0.6870743 0.2931943 -0.6006637 0.741917 0.2979298 -0.5417316 0.7860561 0.2977293 -0.4750027 0.8299682 0.292447 -0.3966278 0.8737841 0.2814031 -0.3068357 0.9143774 0.2641323 -0.2074691 0.9482221 0.2404816 -0.1841455 0.9540188 0.2365135 -0.2827147 0.9177548 0.2789241 -0.4901541 0.7922021 0.3635448 -0.8091996 0.3639717 0.4612163 -0.8771677 -0.2556642 0.4064635 -0.7797974 -0.5405761 0.3157428 -0.7285273 -0.6283032 0.2729161 -0.7215655 -0.6420931 0.2589588 -0.7391595 -0.6217609 0.258953 -0.7682661 -0.5825872 0.2652533 -0.8008963 -0.5326309 0.2736228 -0.8323206 -0.4776704 0.2811999 -0.1084662 -0.1297625 0.9855946 -0.1206946 -0.1356505 0.9833778 -0.1181126 -0.1317796 0.9842172 -0.1149808 -0.1224134 0.9857963 -0.1133067 -0.1171057 0.9866347 -0.1163284 -0.1239324 0.9854483 -0.1064757 -0.1250103 0.9864256 -0.076756 -0.09130811 0.9928602 -0.02596199 -0.03624445 0.9990057 -0.08310168 -0.109484 0.9905087 -0.05886745 -0.07155913 0.9956977 0 0 1 -0.01926046 -0.0249027 0.9995044 0 0 1 0 0 1 0 0 1 0 0 1 1.58458e-5 7.2169e-5 1 -0.06444644 0.01820719 0.9977551 -0.09661465 0.02481114 0.9950126 0.0064947 -0.008325755 0.9999442 7.23349e-5 -2.25942e-5 1 -0.222078 0.06266438 0.9730131 0.1307635 -0.1916926 0.972705 0.1913977 -0.2751827 0.9421473 -0.2835341 0.0828827 0.9553737 -0.1726582 0.05095744 0.9836627 0.168737 -0.2352545 0.9571745 0.2360578 -0.3347002 0.9122786 0.2216206 -0.3074371 0.9254009 -0.3093084 0.08777952 0.9469018 0.2518737 -0.3528341 0.901148 0.2509114 -0.3523238 0.901616 -0.2409067 0.07084 0.9679595 0.06742715 -0.08958905 0.9936938 -0.2938242 0.07935899 0.9525594 -0.3077297 0.08721041 0.9474686 -0.2564231 0.06566363 0.9643316 -0.2731475 0.07167303 0.9592984 -0.2623338 0.06585824 0.9627272 -0.2990773 0.08045363 0.9508312 -0.2833348 0.07267528 0.9562634 -0.2979348 0.08703106 0.9506105 0.01006323 -0.01483446 0.9998394 0.236808 -0.3301854 0.9137284 0.2396947 -0.3396869 0.909483 0.2192315 -0.3083917 0.9256523 0.2235833 -0.3188686 0.9210501 0.247207 -0.3445923 0.9056184 -0.2805912 0.08125483 0.9563818 0.08566337 -0.1282956 0.9880293 0 0 1 0 0 1 0.2649428 0.07599365 0.9612649 0.4272748 0.1154206 0.8967242 0.4398726 0.1231341 0.8895787 0.0727514 0.02257436 0.9970946 0.09911274 0.02644324 0.9947249 0.4685901 0.1271039 0.8742242 0.4606359 0.1186544 0.8796225 0.4333633 0.1009654 0.8955458 0.4134154 0.0856359 0.9065066 0.4047986 0.0826022 0.9106674 0.3860971 0.07016247 0.919786 0.3932703 0.0729506 0.9165242 0.4347893 0.1013838 0.8948069 0.4479399 0.1158831 0.8865218 0 0 1 0 0 1 0 0 1 0 0 1 0 0 1 0.3335722 0.07538175 0.939706 0 0 1 0 0 1 0 0 1 0 0 1 0 0 1 0 0 1 0 0 1 0 0 1 0.1301581 0.2451342 0.9607123 -0.3754055 -0.1580318 0.9132889 -0.5291943 -0.005249023 0.8484845 0.5297809 -0.2428482 0.8126235 0.2994211 0.2279611 0.9264883 -0.4411257 -0.1274385 0.888351 -0.5167948 -0.01589649 0.8559617 0.5034512 -0.2696708 0.8208621 0.365944 0.2165296 0.9050967 -0.4839502 -0.1277882 0.865715 -0.4888385 -0.03126877 0.8718137 0.4380283 -0.2963453 0.8487112 0.3718867 0.2151396 0.9030035 -0.5038615 -0.1408549 0.8522227 -0.4457947 -0.06088286 0.8930624 0.3432788 -0.3215518 0.882476 0.3478609 0.2223768 0.9107916 -0.5027751 -0.1474257 0.8517527 -0.394262 -0.1129831 0.9120265 0.257919 -0.3372468 0.9053962 0.3101984 0.2370192 0.9206513 -0.4825832 -0.1286285 0.8663533 0.07027477 -0.4518231 0.8893353 0.266747 0.2592537 0.9282422 -0.4449618 -0.07180833 0.892666 -0.05275309 -0.5469193 0.8355216 0.2689799 0.2576887 0.9280336 -0.3954935 0.01714622 0.9183087 -0.0112397 -0.5857093 0.8104432 0.3975043 0.236306 0.8866509 -0.3436166 0.1313627 0.9298772 -0.003059685 -0.624125 0.7813185 0.4607287 0.2865259 0.840019 -0.2730085 0.3217777 0.9066011 -0.05415618 -0.6299186 0.7747707 0.4542991 0.3310518 0.8270531 -0.2503604 0.4146016 0.8748858 -0.1123914 -0.609439 0.7848263 0.4485624 0.2931078 0.8443219 -0.2689126 0.4433341 0.8550678 -0.1403942 -0.5693324 0.8100309 0.4390555 0.2305169 0.8683849 -0.3153973 0.417617 0.8521271 -0.1251614 -0.5177343 0.8463367 0.4277237 0.1563225 0.8902897 -0.3584076 0.3568663 0.8626648 -0.07916903 -0.4697656 0.879234 0.416287 0.09676623 0.9040694 -0.3693298 0.3176122 0.8733373 0.03676825 -0.4556432 0.8894028 0.4360039 -0.01332646 0.8998461 -0.353253 0.296874 0.8871742 0.1516357 -0.4537268 0.878145 0.4718698 -0.1298954 0.872047 -0.3112695 0.2934193 0.9038896 0.2342261 -0.4560646 0.8585705 0.5039406 -0.1471545 0.8511106 -0.2450115 0.304511 0.9204577 0.2550395 -0.4773406 0.8408929 0.5382731 -0.0971139 0.8371565 -0.2704327 0.2794914 0.9212768 0.2348384 -0.5201083 0.8211811 0.5693923 -0.0334571 0.8213849 -0.3015505 0.2635277 0.9163081 0.1776556 -0.5360414 0.8252868 0.5849882 -0.01816177 0.8108385 -0.3338127 0.2500025 0.9088827 0.05104744 -0.4798716 0.8758524 0.5539683 -0.1118268 0.8249933 -0.3674992 0.2385246 0.8989162 -0.1002899 -0.367507 0.9245975 0.4622784 -0.08504968 0.8826467 -0.4027981 0.2287791 0.8862357 -0.2574687 -0.2337982 0.9375758 0.422639 -0.07005512 0.9035865 -0.4397821 0.2205093 0.8706132 -0.4102228 -0.09654891 0.9068603 0.4500653 -0.09333258 0.8881049 -0.3779182 0.23061 0.8966587 -0.4903693 -0.02497625 0.8711568 0.4945166 -0.1557164 0.8551056 -0.1354389 0.2495899 0.9588332 -0.5233237 -0.002969563 0.8521288</float_array>
          <technique_common>
            <accessor source="#Mesh_004-mesh-normals-array" count="668" stride="3">
              <param name="X" type="float"/>
              <param name="Y" type="float"/>
              <param name="Z" type="float"/>
            </accessor>
          </technique_common>
        </source>
        <vertices id="Mesh_004-mesh-vertices">
          <input semantic="POSITION" source="#Mesh_004-mesh-positions"/>
        </vertices>
        <triangles material="Material_004-material" count="668">
          <input semantic="VERTEX" source="#Mesh_004-mesh-vertices" offset="0"/>
          <input semantic="NORMAL" source="#Mesh_004-mesh-normals" offset="1"/>
          <p>52 0 305 0 53 0 131 1 132 1 119 1 169 2 84 2 168 2 170 3 85 3 169 3 170 4 87 4 86 4 171 5 88 5 87 5 172 6 89 6 88 6 173 7 90 7 89 7 174 8 91 8 90 8 175 9 92 9 91 9 177 10 92 10 176 10 178 11 93 11 177 11 179 12 94 12 178 12 180 13 95 13 179 13 181 14 96 14 180 14 182 15 97 15 181 15 182 16 99 16 98 16 183 17 100 17 99 17 184 18 101 18 100 18 185 19 102 19 101 19 186 20 103 20 102 20 187 21 104 21 103 21 188 22 105 22 104 22 189 23 106 23 105 23 190 24 107 24 106 24 191 25 108 25 107 25 192 26 109 26 108 26 193 27 110 27 109 27 195 28 110 28 194 28 196 29 111 29 195 29 197 30 112 30 196 30 198 31 113 31 197 31 199 32 114 32 198 32 200 33 115 33 199 33 201 34 116 34 200 34 202 35 117 35 201 35 203 36 118 36 202 36 204 37 119 37 203 37 204 38 121 38 120 38 205 39 122 39 121 39 206 40 123 40 122 40 207 41 124 41 123 41 208 42 125 42 124 42 210 43 125 43 209 43 211 44 126 44 210 44 212 45 127 45 211 45 213 46 128 46 212 46 214 47 129 47 213 47 214 48 131 48 130 48 215 49 132 49 131 49 216 50 133 50 132 50 217 51 134 51 133 51 219 52 134 52 218 52 220 53 135 53 219 53 221 54 136 54 220 54 221 55 138 55 137 55 222 56 139 56 138 56 223 57 140 57 139 57 224 58 141 58 140 58 225 59 142 59 141 59 227 60 142 60 226 60 228 61 143 61 227 61 229 62 144 62 228 62 230 63 145 63 229 63 230 64 147 64 146 64 231 65 148 65 147 65 232 66 149 66 148 66 234 67 149 67 233 67 235 68 150 68 234 68 235 69 152 69 151 69 236 70 153 70 152 70 237 71 154 71 153 71 238 72 155 72 154 72 239 73 156 73 155 73 240 74 157 74 156 74 241 75 158 75 157 75 242 76 159 76 158 76 244 77 159 77 243 77 245 78 160 78 244 78 246 79 161 79 245 79 247 80 162 80 246 80 248 81 163 81 247 81 249 82 164 82 248 82 250 83 165 83 249 83 251 84 166 84 250 84 168 85 167 85 251 85 83 86 168 86 251 86 82 87 251 87 250 87 81 88 250 88 249 88 80 89 249 89 248 89 79 90 248 90 247 90 78 91 247 91 246 91 77 92 246 92 245 92 76 93 245 93 244 93 75 94 244 94 243 94 75 95 242 95 74 95 74 96 241 96 73 96 73 97 240 97 72 97 72 98 239 98 71 98 71 99 238 99 70 99 70 100 237 100 69 100 69 101 236 101 68 101 68 102 235 102 67 102 66 103 235 103 234 103 65 104 234 104 233 104 64 105 233 105 232 105 63 106 232 106 231 106 62 107 231 107 230 107 61 108 230 108 229 108 60 109 229 109 228 109 59 110 228 110 227 110 58 111 227 111 226 111 58 112 225 112 57 112 57 113 224 113 56 113 56 114 223 114 55 114 55 115 222 115 54 115 54 116 221 116 53 116 53 117 220 117 52 117 52 118 219 118 51 118 51 119 218 119 50 119 50 120 217 120 49 120 48 121 217 121 216 121 47 122 216 122 215 122 46 123 215 123 214 123 45 124 214 124 213 124 44 125 213 125 212 125 43 126 212 126 211 126 42 127 211 127 210 127 41 128 210 128 209 128 41 129 208 129 40 129 40 130 207 130 39 130 39 131 206 131 38 131 38 132 205 132 37 132 37 133 204 133 36 133 36 134 203 134 35 134 35 135 202 135 34 135 34 136 201 136 33 136 32 137 201 137 200 137 31 138 200 138 199 138 30 139 199 139 198 139 29 140 198 140 197 140 28 141 197 141 196 141 27 142 196 142 195 142 26 143 195 143 194 143 26 144 193 144 25 144 25 145 192 145 24 145 24 146 191 146 23 146 23 147 190 147 22 147 22 148 189 148 21 148 21 149 188 149 20 149 20 150 187 150 19 150 19 151 186 151 18 151 18 152 185 152 17 152 16 153 185 153 184 153 15 154 184 154 183 154 14 155 183 155 182 155 13 156 182 156 181 156 12 157 181 157 180 157 11 158 180 158 179 158 10 159 179 159 178 159 9 160 178 160 177 160 8 161 177 161 176 161 8 162 175 162 7 162 7 163 174 163 6 163 6 164 173 164 5 164 5 165 172 165 4 165 4 166 171 166 3 166 3 167 170 167 2 167 2 168 169 168 1 168 1 169 168 169 0 169 283 170 282 170 274 170 27 171 278 171 279 171 0 172 253 172 1 172 80 173 331 173 332 173 53 174 306 174 54 174 28 175 279 175 280 175 1 176 254 176 2 176 81 177 332 177 333 177 54 178 307 178 55 178 29 179 280 179 281 179 2 180 255 180 3 180 82 181 333 181 334 181 55 182 308 182 56 182 30 183 281 183 282 183 3 184 256 184 4 184 83 185 334 185 335 185 56 186 309 186 57 186 31 187 282 187 283 187 4 188 257 188 5 188 0 189 335 189 252 189 57 190 310 190 58 190 32 191 283 191 284 191 5 192 258 192 6 192 59 193 310 193 311 193 33 194 284 194 285 194 6 195 259 195 7 195 60 196 311 196 312 196 33 197 286 197 34 197 7 198 260 198 8 198 61 199 312 199 313 199 34 200 287 200 35 200 9 201 260 201 261 201 62 202 313 202 314 202 35 203 288 203 36 203 10 204 261 204 262 204 63 205 314 205 315 205 36 206 289 206 37 206 11 207 262 207 263 207 64 208 315 208 316 208 37 209 290 209 38 209 12 210 263 210 264 210 65 211 316 211 317 211 38 212 291 212 39 212 13 213 264 213 265 213 66 214 317 214 318 214 39 215 292 215 40 215 14 216 265 216 266 216 67 217 318 217 319 217 40 218 293 218 41 218 15 219 266 219 267 219 67 220 320 220 68 220 42 221 293 221 294 221 16 222 267 222 268 222 68 223 321 223 69 223 43 224 294 224 295 224 17 225 268 225 269 225 69 226 322 226 70 226 44 227 295 227 296 227 17 228 270 228 18 228 70 229 323 229 71 229 45 230 296 230 297 230 18 231 271 231 19 231 71 232 324 232 72 232 46 233 297 233 298 233 19 234 272 234 20 234 72 235 325 235 73 235 47 236 298 236 299 236 20 237 273 237 21 237 73 238 326 238 74 238 48 239 299 239 300 239 21 240 274 240 22 240 74 241 327 241 75 241 49 242 300 242 301 242 22 243 275 243 23 243 76 244 327 244 328 244 49 245 302 245 50 245 23 246 276 246 24 246 77 247 328 247 329 247 50 248 303 248 51 248 24 249 277 249 25 249 78 250 329 250 330 250 51 251 304 251 52 251 25 252 278 252 26 252 79 253 330 253 331 253 52 254 304 254 305 254 88 255 89 255 96 255 89 256 90 256 95 256 96 257 89 257 95 257 90 258 91 258 94 258 91 259 92 259 93 259 94 260 91 260 93 260 94 261 95 261 90 261 96 262 97 262 87 262 87 263 88 263 96 263 86 264 87 264 97 264 86 265 97 265 98 265 85 266 86 266 99 266 86 267 98 267 99 267 84 268 85 268 100 268 85 269 99 269 100 269 167 270 84 270 152 270 84 271 100 271 101 271 84 272 101 272 152 272 166 273 167 273 154 273 154 274 167 274 153 274 101 275 102 275 151 275 165 276 166 276 155 276 153 277 167 277 152 277 166 278 154 278 155 278 102 279 103 279 117 279 162 280 163 280 157 280 163 281 164 281 156 281 157 282 163 282 156 282 164 283 165 283 155 283 103 284 104 284 116 284 152 285 101 285 151 285 161 286 162 286 157 286 159 287 160 287 158 287 160 288 161 288 158 288 157 289 158 289 161 289 155 290 156 290 164 290 104 291 105 291 115 291 105 292 106 292 115 292 151 293 102 293 117 293 106 294 107 294 114 294 103 295 116 295 117 295 107 296 108 296 113 296 108 297 109 297 112 297 112 298 109 298 111 298 109 299 110 299 111 299 112 300 113 300 108 300 113 301 114 301 107 301 116 302 104 302 115 302 114 303 115 303 106 303 150 304 151 304 133 304 149 305 150 305 134 305 151 306 117 306 133 306 117 307 118 307 133 307 150 308 133 308 134 308 146 309 147 309 136 309 147 310 148 310 135 310 148 311 149 311 135 311 118 312 119 312 132 312 133 313 118 313 132 313 145 314 146 314 137 314 147 315 135 315 136 315 143 316 144 316 140 316 144 317 145 317 138 317 139 318 144 318 138 318 141 319 142 319 143 319 139 320 140 320 144 320 140 321 141 321 143 321 137 322 138 322 145 322 120 323 121 323 129 323 121 324 122 324 128 324 129 325 121 325 128 325 149 326 134 326 135 326 119 327 120 327 130 327 136 328 137 328 146 328 122 329 123 329 127 329 123 330 124 330 126 330 124 331 125 331 126 331 126 332 127 332 123 332 127 333 128 333 122 333 129 334 130 334 120 334 130 335 131 335 119 335 169 336 85 336 84 336 170 337 86 337 85 337 170 338 171 338 87 338 171 339 172 339 88 339 172 340 173 340 89 340 173 341 174 341 90 341 174 342 175 342 91 342 175 343 176 343 92 343 177 344 93 344 92 344 178 345 94 345 93 345 179 346 95 346 94 346 180 347 96 347 95 347 181 348 97 348 96 348 182 349 98 349 97 349 182 350 183 350 99 350 183 351 184 351 100 351 184 352 185 352 101 352 185 353 186 353 102 353 186 354 187 354 103 354 187 355 188 355 104 355 188 356 189 356 105 356 189 357 190 357 106 357 190 358 191 358 107 358 191 359 192 359 108 359 192 360 193 360 109 360 193 361 194 361 110 361 195 362 111 362 110 362 196 363 112 363 111 363 197 364 113 364 112 364 198 365 114 365 113 365 199 366 115 366 114 366 200 367 116 367 115 367 201 368 117 368 116 368 202 369 118 369 117 369 203 370 119 370 118 370 204 371 120 371 119 371 204 372 205 372 121 372 205 373 206 373 122 373 206 374 207 374 123 374 207 375 208 375 124 375 208 376 209 376 125 376 210 377 126 377 125 377 211 378 127 378 126 378 212 379 128 379 127 379 213 380 129 380 128 380 214 381 130 381 129 381 214 382 215 382 131 382 215 383 216 383 132 383 216 384 217 384 133 384 217 385 218 385 134 385 219 386 135 386 134 386 220 387 136 387 135 387 221 388 137 388 136 388 221 389 222 389 138 389 222 390 223 390 139 390 223 391 224 391 140 391 224 392 225 392 141 392 225 393 226 393 142 393 227 394 143 394 142 394 228 395 144 395 143 395 229 396 145 396 144 396 230 397 146 397 145 397 230 398 231 398 147 398 231 399 232 399 148 399 232 400 233 400 149 400 234 401 150 401 149 401 235 402 151 402 150 402 235 403 236 403 152 403 236 404 237 404 153 404 237 405 238 405 154 405 238 406 239 406 155 406 239 407 240 407 156 407 240 408 241 408 157 408 241 409 242 409 158 409 242 410 243 410 159 410 244 411 160 411 159 411 245 412 161 412 160 412 246 413 162 413 161 413 247 414 163 414 162 414 248 415 164 415 163 415 249 416 165 416 164 416 250 417 166 417 165 417 251 418 167 418 166 418 168 419 84 419 167 419 83 420 0 420 168 420 82 421 83 421 251 421 81 422 82 422 250 422 80 423 81 423 249 423 79 424 80 424 248 424 78 425 79 425 247 425 77 426 78 426 246 426 76 427 77 427 245 427 75 428 76 428 244 428 75 429 243 429 242 429 74 430 242 430 241 430 73 431 241 431 240 431 72 432 240 432 239 432 71 433 239 433 238 433 70 434 238 434 237 434 69 435 237 435 236 435 68 436 236 436 235 436 66 437 67 437 235 437 65 438 66 438 234 438 64 439 65 439 233 439 63 440 64 440 232 440 62 441 63 441 231 441 61 442 62 442 230 442 60 443 61 443 229 443 59 444 60 444 228 444 58 445 59 445 227 445 58 446 226 446 225 446 57 447 225 447 224 447 56 448 224 448 223 448 55 449 223 449 222 449 54 450 222 450 221 450 53 451 221 451 220 451 52 452 220 452 219 452 51 453 219 453 218 453 50 454 218 454 217 454 48 455 49 455 217 455 47 456 48 456 216 456 46 457 47 457 215 457 45 458 46 458 214 458 44 459 45 459 213 459 43 460 44 460 212 460 42 461 43 461 211 461 41 462 42 462 210 462 41 463 209 463 208 463 40 464 208 464 207 464 39 465 207 465 206 465 38 466 206 466 205 466 37 467 205 467 204 467 36 468 204 468 203 468 35 469 203 469 202 469 34 470 202 470 201 470 32 471 33 471 201 471 31 472 32 472 200 472 30 473 31 473 199 473 29 474 30 474 198 474 28 475 29 475 197 475 27 476 28 476 196 476 26 477 27 477 195 477 26 478 194 478 193 478 25 479 193 479 192 479 24 480 192 480 191 480 23 481 191 481 190 481 22 482 190 482 189 482 21 483 189 483 188 483 20 484 188 484 187 484 19 485 187 485 186 485 18 486 186 486 185 486 16 487 17 487 185 487 15 488 16 488 184 488 14 489 15 489 183 489 13 490 14 490 182 490 12 491 13 491 181 491 11 492 12 492 180 492 10 493 11 493 179 493 9 494 10 494 178 494 8 495 9 495 177 495 8 496 176 496 175 496 7 497 175 497 174 497 6 498 174 498 173 498 5 499 173 499 172 499 4 500 172 500 171 500 3 501 171 501 170 501 2 502 170 502 169 502 1 503 169 503 168 503 332 504 331 504 324 504 331 505 330 505 325 505 330 506 329 506 325 506 329 507 328 507 326 507 328 508 327 508 326 508 326 509 325 509 329 509 325 510 324 510 331 510 324 511 323 511 332 511 323 512 322 512 334 512 332 513 323 513 333 513 333 514 323 514 334 514 322 515 321 515 335 515 334 516 322 516 335 516 321 517 320 517 335 517 335 518 320 518 252 518 320 519 319 519 269 519 252 520 320 520 269 520 319 521 318 521 301 521 252 522 269 522 268 522 253 523 252 523 268 523 318 524 317 524 302 524 319 525 301 525 285 525 254 526 253 526 267 526 316 527 315 527 303 527 315 528 314 528 304 528 255 529 254 529 266 529 253 530 268 530 267 530 315 531 304 531 303 531 314 532 313 532 305 532 304 533 314 533 305 533 256 534 255 534 264 534 313 535 312 535 306 535 306 536 312 536 307 536 254 537 267 537 266 537 317 538 316 538 303 538 258 539 257 539 263 539 257 540 256 540 264 540 260 541 259 541 261 541 259 542 258 542 262 542 262 543 261 543 259 543 264 544 263 544 257 544 263 545 262 545 258 545 265 546 264 546 255 546 301 547 318 547 302 547 312 548 311 548 308 548 307 549 312 549 308 549 311 550 310 550 309 550 309 551 308 551 311 551 306 552 305 552 313 552 266 553 265 553 255 553 317 554 303 554 302 554 269 555 319 555 270 555 270 556 319 556 285 556 300 557 299 557 287 557 299 558 298 558 287 558 287 559 298 559 288 559 301 560 300 560 286 560 285 561 301 561 286 561 298 562 297 562 288 562 297 563 296 563 289 563 296 564 295 564 290 564 290 565 295 565 291 565 295 566 294 566 291 566 294 567 293 567 292 567 291 568 294 568 292 568 290 569 289 569 296 569 289 570 288 570 297 570 271 571 270 571 285 571 272 572 271 572 284 572 273 573 272 573 283 573 274 574 273 574 283 574 271 575 285 575 284 575 300 576 287 576 286 576 275 577 274 577 282 577 277 578 276 578 280 578 276 579 275 579 281 579 277 580 280 580 279 580 279 581 278 581 277 581 281 582 280 582 276 582 282 583 281 583 275 583 272 584 284 584 283 584 27 585 26 585 278 585 0 586 252 586 253 586 80 587 79 587 331 587 53 588 305 588 306 588 28 589 27 589 279 589 1 590 253 590 254 590 81 591 80 591 332 591 54 592 306 592 307 592 29 593 28 593 280 593 2 594 254 594 255 594 82 595 81 595 333 595 55 596 307 596 308 596 30 597 29 597 281 597 3 598 255 598 256 598 83 599 82 599 334 599 56 600 308 600 309 600 31 601 30 601 282 601 4 602 256 602 257 602 0 603 83 603 335 603 57 604 309 604 310 604 32 605 31 605 283 605 5 606 257 606 258 606 59 607 58 607 310 607 33 608 32 608 284 608 6 609 258 609 259 609 60 610 59 610 311 610 33 611 285 611 286 611 7 612 259 612 260 612 61 613 60 613 312 613 34 614 286 614 287 614 9 615 8 615 260 615 62 616 61 616 313 616 35 617 287 617 288 617 10 618 9 618 261 618 63 619 62 619 314 619 36 620 288 620 289 620 11 621 10 621 262 621 64 622 63 622 315 622 37 623 289 623 290 623 12 624 11 624 263 624 65 625 64 625 316 625 38 626 290 626 291 626 13 627 12 627 264 627 66 628 65 628 317 628 39 629 291 629 292 629 14 630 13 630 265 630 67 631 66 631 318 631 40 632 292 632 293 632 15 633 14 633 266 633 67 634 319 634 320 634 42 635 41 635 293 635 16 636 15 636 267 636 68 637 320 637 321 637 43 638 42 638 294 638 17 639 16 639 268 639 69 640 321 640 322 640 44 641 43 641 295 641 17 642 269 642 270 642 70 643 322 643 323 643 45 644 44 644 296 644 18 645 270 645 271 645 71 646 323 646 324 646 46 647 45 647 297 647 19 648 271 648 272 648 72 649 324 649 325 649 47 650 46 650 298 650 20 651 272 651 273 651 73 652 325 652 326 652 48 653 47 653 299 653 21 654 273 654 274 654 74 655 326 655 327 655 49 656 48 656 300 656 22 657 274 657 275 657 76 658 75 658 327 658 49 659 301 659 302 659 23 660 275 660 276 660 77 661 76 661 328 661 50 662 302 662 303 662 24 663 276 663 277 663 78 664 77 664 329 664 51 665 303 665 304 665 25 666 277 666 278 666 79 667 78 667 330 667</p>
        </triangles>
      </mesh>
    </geometry>
    <geometry id="Mesh_003-mesh" name="Mesh.003">
      <mesh>
        <source id="Mesh_003-mesh-positions">
          <float_array id="Mesh_003-mesh-positions-array" count="1008">-0.6976125 -0.6579352 -0.001839697 -0.7701315 -0.5436224 -0.02200055 -0.8495085 -0.4415183 -0.05541712 -0.9301402 -0.3514222 -0.09185379 -1.006657 -0.272942 -0.1237722 -1.073973 -0.2054532 -0.1469097 -1.127301 -0.148088 -0.1604365 -1.162092 -0.09978139 -0.1663002 -1.173904 -0.05938297 -0.1676525 -1.158201 -0.02581721 -0.1665919 -1.110165 0.001757204 -0.1619133 -1.024581 0.02386152 -0.1478976 -0.896018 0.04083502 -0.1162657 -0.7962422 0.05506902 -0.08631163 -0.7023087 0.07806468 -0.05679833 -0.6142411 0.109758 -0.03108114 -0.5320023 0.1500353 -0.0118134 -0.4555243 0.1987574 -0.001293003 -0.3845816 0.2556565 0 -0.3182196 0.3198677 0 -0.2560589 0.3909972 0 -0.1978325 0.4687431 0 -0.1432734 0.5528034 0 -0.09211444 0.642876 0 -0.04408836 0.7386589 0 -0.003606677 0.8049994 0 0.03317147 0.8249568 0 0.0694999 0.8056676 0 0.1086325 0.7542681 0 0.1538229 0.6778943 0 0.2083251 0.5836827 0 0.2753929 0.4787696 0 0.3582801 0.3702912 0 0.4602404 0.2653838 0 0.5825374 0.1728129 -0.02296876 0.7269374 0.1009324 -0.08606952 0.8984248 0.05546164 -0.1693301 0.9775207 0.0421698 -0.2007227 1.043824 0.02877128 -0.2211861 1.096022 0.0131734 -0.2328661 1.132711 -0.006643533 -0.2389369 1.152525 -0.03272831 -0.2421643 1.154251 -0.06725746 -0.2435123 1.136943 -0.1126231 -0.2409043 1.099923 -0.1714381 -0.2291536 1.042687 -0.2464585 -0.2010547 0.9646146 -0.340344 -0.1507583 0.8643423 -0.4551464 -0.08098727 0.7387178 -0.5914529 -0.01510882 0.7052828 -0.6524915 -0.003479063 0.6937064 -0.7332457 -0.009907901 0.6982843 -0.827731 -0.03478902 0.7137078 -0.9302867 -0.07395118 0.7349131 -1.035452 -0.1204004 0.75708 -1.137967 -0.1643267 0.7752507 -1.232458 -0.1975119 0.7840229 -1.313187 -0.2168644 0.7774965 -1.374009 -0.225038 0.7495632 -1.40861 -0.2270904 0.6944736 -1.410968 -0.2239351 0.6073526 -1.375776 -0.2063998 0.4787998 -1.302247 -0.1550431 0.3761721 -1.234789 -0.1015587 0.2931674 -1.174466 -0.05831629 0.2243033 -1.123016 -0.028225 0.1644526 -1.082463 -0.01009595 0.1085947 -1.054923 -0.00150913 0.05171293 -1.042512 0 -0.01094037 -1.047568 0 -0.08446472 -1.07214 0 -0.1743472 -1.11796 -0.002962768 -0.2864878 -1.186422 -0.01661807 -0.4262664 -1.279346 -0.04269438 -0.579383 -1.374055 -0.07084727 -0.6855502 -1.418936 -0.08405709 -0.7520496 -1.420688 -0.08872079 -0.7860061 -1.38614 -0.08943068 -0.7941598 -1.322436 -0.08633673 -0.7830826 -1.236855 -0.0776478 -0.7594512 -1.136594 -0.0627855 -0.7301756 -1.028655 -0.0438587 -0.7023438 -0.9198974 -0.02503526 -0.6830484 -0.8171759 -0.01053178 -0.6792027 -0.7274917 -0.00249809 -0.6975071 -0.6580214 -0.1806235 -0.7696607 -0.5440077 -0.196568 -0.8486937 -0.4421852 -0.2260153 -0.9290105 -0.3523469 -0.2588174 -1.005251 -0.2740926 -0.2875509 -1.072343 -0.2067874 -0.3081004 -1.125512 -0.1495519 -0.3197988 -1.160218 -0.101315 -0.3246791 -1.172006 -0.06093597 -0.3257591 -1.156323 -0.02735483 -0.3249149 -1.108356 2.77052e-4 -0.3210458 -1.022941 0.02251869 -0.3089664 -0.8946791 0.03973907 -0.2808157 -0.7951593 0.05418264 -0.253816 -0.7014814 0.07738757 -0.2272521 -0.6136652 0.1092867 -0.2044364 -0.5316734 0.1497661 -0.1880185 -0.4554389 0.1986876 -0.1803078 -0.3845816 0.2556565 -0.18 -0.3182196 0.3198677 -0.18 -0.2560589 0.3909972 -0.18 -0.1978325 0.4687431 -0.18 -0.1432734 0.5528034 -0.18 -0.09211444 0.642876 -0.18 -0.04408836 0.7386589 -0.18 -0.003606677 0.8049994 -0.18 0.03317147 0.8249568 -0.18 0.0694999 0.8056676 -0.18 0.1086325 0.7542681 -0.18 0.1538229 0.6778943 -0.18 0.2083251 0.5836827 -0.18 0.2753929 0.4787696 -0.18 0.3582801 0.3702912 -0.18 0.4602317 0.265391 -0.1801008 0.5827711 0.1726216 -0.200271 0.7276536 0.1003461 -0.2578039 0.8999274 0.0542317 -0.3319905 0.9793989 0.04063248 -0.3590497 1.045989 0.02699935 -0.3762058 1.098376 0.01124626 -0.3856979 1.135178 -0.00866276 -0.3904699 1.155059 -0.03480261 -0.3929214 1.156817 -0.06935793 -0.3939007 1.139457 -0.1146805 -0.3918992 1.10223 -0.1733267 -0.3825286 1.044593 -0.2480188 -0.3590571 0.9659482 -0.3414356 -0.3153691 0.8650473 -0.4557235 -0.2528515 0.7389165 -0.5916156 -0.1928155 0.705395 -0.6525833 -0.1821849 0.6940439 -0.7335219 -0.1860135 0.698982 -0.828302 -0.2067384 0.7148013 -0.9311817 -0.2413329 0.7364094 -1.036677 -0.2831341 0.7589542 -1.139501 -0.3226995 0.7774429 -1.234252 -0.3522149 0.7864394 -1.315165 -0.3689787 0.7800309 -1.376084 -0.3757931 0.7521331 -1.410714 -0.377435 0.6969904 -1.413028 -0.3748927 0.6096419 -1.37765 -0.3599827 0.4805919 -1.303714 -0.3143625 0.3775084 -1.235883 -0.266139 0.2941138 -1.175241 -0.2273957 0.2249212 -1.123521 -0.2010942 0.1647938 -1.082742 -0.1861587 0.1086991 -1.055008 -0.1803042 0.05171293 -1.042512 -0.18 -0.01094037 -1.047568 -0.18 -0.08446472 -1.07214 -0.18 -0.1743472 -1.11796 -0.1829628 -0.2864878 -1.186422 -0.1966181 -0.4262664 -1.279346 -0.2226944 -0.579383 -1.374055 -0.2508473 -0.6855502 -1.418936 -0.2640571 -0.7520496 -1.420688 -0.2687208 -0.7860061 -1.38614 -0.2694307 -0.7941598 -1.322436 -0.2663368 -0.7830826 -1.236855 -0.2576478 -0.7594512 -1.136594 -0.2427855 -0.7301756 -1.028655 -0.2238587 -0.7023438 -0.9198974 -0.2050352 -0.6830484 -0.8171759 -0.1905317 -0.6792027 -0.7274917 -0.1824981 -0.7233584 -0.6665525 -0.09237712 -0.7985435 -0.5480612 -0.113637 -0.8808208 -0.4422343 -0.1484623 -0.964304 -0.3489289 -0.1853279 -1.043411 -0.2677526 -0.2162237 -1.112893 -0.1980409 -0.2369784 -1.167846 -0.1388474 -0.2473953 -1.203639 -0.08900016 -0.2504526 -1.215747 -0.04724335 -0.2503163 -1.19951 -0.01242876 -0.2496333 -1.149946 0.01632535 -0.2472946 -1.061621 0.03953307 -0.2370052 -0.9287822 0.05744624 -0.2087798 -0.8255499 0.07233476 -0.1796752 -0.7282643 0.09621495 -0.1497831 -0.6369919 0.129055 -0.1230666 -0.5517305 0.1707664 -0.1026918 -0.4724416 0.2212315 -0.09140998 -0.3989158 0.2801925 -0.08999997 -0.330143 0.3467362 -0.08999997 -0.2657244 0.4204495 -0.08999997 -0.2053829 0.5010196 -0.08999997 -0.1488419 0.5881335 -0.08999997 -0.09582453 0.681478 -0.08999997 -0.04605388 0.7807403 -0.08999997 -0.004101634 0.8494905 -0.08999997 0.03401243 0.8701731 -0.08999997 0.07166051 0.8501831 -0.08999997 0.1122146 0.7969164 -0.08999997 0.1590466 0.7177684 -0.08999997 0.2155287 0.6201345 -0.08999997 0.2850327 0.5114104 -0.08999997 0.3709308 0.3989914 -0.08999997 0.4765859 0.2902805 -0.09010434 0.6031339 0.1945037 -0.1161166 0.7526884 0.1200865 -0.1825582 0.9308238 0.0726214 -0.2640141 1.0132 0.05851346 -0.2918484 1.082336 0.0442813 -0.3081638 1.136797 0.02781599 -0.3160278 1.175076 0.007068932 -0.3193557 1.195726 -0.02005869 -0.321356 1.197469 -0.05580443 -0.3232845 1.179286 -0.1026161 -0.3234289 1.140481 -0.163208 -0.31632 1.08062 -0.2405068 -0.2934982 0.9992091 -0.337391 -0.2471791 0.8950321 -0.4561491 -0.1778988 0.7649734 -0.5975127 -0.108137 0.7304332 -0.6608582 -0.09482169 0.7184429 -0.7445513 -0.1014074 0.7231066 -0.8424028 -0.128122 0.7390755 -0.9486718 -0.1688789 0.7611699 -1.057755 -0.2156433 0.7844325 -1.164232 -0.2578138 0.8037001 -1.262512 -0.2871633 0.8132698 -1.346566 -0.3016931 0.8068656 -1.409892 -0.3060184 0.778014 -1.445828 -0.3070324 0.7206638 -1.448059 -0.3067564 0.6297757 -1.411096 -0.2955359 0.4958747 -1.334341 -0.2501424 0.3892521 -1.264214 -0.1977937 0.303177 -1.201655 -0.1536184 0.2318549 -1.14837 -0.1219325 0.1699121 -1.106412 -0.1021978 0.1121147 -1.077945 -0.09226518 0.05322742 -1.065133 -0.08999997 -0.01170176 -1.070372 -0.08999997 -0.0878973 -1.095836 -0.09000402 -0.1811819 -1.143209 -0.09465658 -0.2975564 -1.214027 -0.110657 -0.4425123 -1.310245 -0.1388323 -0.6011057 -1.408463 -0.1670255 -0.7109615 -1.455112 -0.1787762 -0.7797801 -1.457007 -0.1824963 -0.8149991 -1.421181 -0.1835651 -0.8235645 -1.355067 -0.1816932 -0.8122172 -1.26627 -0.1742161 -0.7878137 -1.162295 -0.1598095 -0.7574818 -1.05043 -0.1402777 -0.7285706 -0.9377778 -0.1199817 -0.7084608 -0.8314178 -0.1036412 -0.7043564 -0.7385731 -0.0939427 -0.5848646 -0.6201462 0.05104386 -0.6450868 -0.5246441 0.04281497 -0.71118 -0.4393224 0.02223509 -0.7786269 -0.3638533 -0.004328906 -0.8429933 -0.2978408 -0.03147381 -0.8999693 -0.2407872 -0.05523073 -0.9453904 -0.1920763 -0.07329934 -0.9752196 -0.1509869 -0.08486282 -0.9854919 -0.116739 -0.0899263 -0.9722265 -0.08856582 -0.08831733 -0.931345 -0.0657801 -0.07873624 -0.8586549 -0.04778832 -0.05856597 -0.7499957 -0.03397077 -0.02555716 -0.6660974 -0.02200287 -3.57922e-4 -0.5874066 -0.002426087 0.02106577 -0.5138123 0.02459847 0.03740417 -0.4451751 0.05888658 0.04767549 -0.3813426 0.1002435 0.05104386 -0.3217841 0.1481647 0.05104386 -0.265983 0.2021572 0.05104386 -0.2137146 0.261967 0.05104386 -0.1647545 0.3273404 0.05104386 -0.1188781 0.3980231 0.05104386 -0.07586061 0.4737614 0.05104386 -0.03547745 0.5543013 0.05104386 -0.001438081 0.6100842 0.05104386 0.02948707 0.6268656 0.05104386 0.06003415 0.6106461 0.05104386 0.09293907 0.5674263 0.05104386 0.1309379 0.503207 0.05104386 0.1767665 0.4239883 0.05104386 0.233161 0.3357712 0.05104386 0.3028574 0.2445562 0.05104386 0.3885916 0.1563439 0.05104386 0.4923846 0.0777204 0.0427922 0.6150562 0.01625448 0.00417751 0.7595886 -0.0222547 -0.06195938 0.8256157 -0.03303718 -0.09391194 0.8806462 -0.04371303 -0.1194419 0.9237857 -0.05621355 -0.1379349 0.9540643 -0.07240879 -0.149638 0.9705055 -0.09416306 -0.1548801 0.9721875 -0.1233856 -0.153357 0.9582836 -0.1620634 -0.1436683 0.9280564 -0.2122566 -0.1233822 0.8807727 -0.2760287 -0.09001857 0.8154907 -0.3552725 -0.04350566 0.7306665 -0.4513881 0.009283065 0.6235687 -0.5648031 0.04776734 0.5948882 -0.6156643 0.0510115 0.585543 -0.6838855 0.05009335 0.5902678 -0.7640508 0.03927427 0.6040297 -0.8509346 0.01549386 0.6223092 -0.9397315 -0.01838386 0.6408699 -1.025868 -0.05622571 0.6555395 -1.104822 -0.09116107 0.6620053 -1.171959 -0.1179402 0.6557301 -1.222457 -0.1338996 0.6320425 -1.251388 -0.1379281 0.5863555 -1.253891 -0.1279414 0.5143339 -1.22531 -0.09894788 0.4071648 -1.164241 -0.04508268 0.320718 -1.107394 -0.001857876 0.250308 -1.056168 0.027408 0.1916432 -1.012283 0.04394292 0.1405678 -0.9775708 0.05053824 0.09301733 -0.9539371 0.05104386 0.04507786 -0.9434112 0.05104386 -0.007604658 -0.9476625 0.05104386 -0.06942826 -0.968324 0.05104386 -0.1447908 -1.007029 0.05104386 -0.2384837 -1.065088 0.04650253 -0.3555276 -1.143625 0.03023147 -0.4843044 -1.22324 0.006241619 -0.5739384 -1.260681 -0.009047985 -0.6300872 -1.261965 -0.0156486 -0.6585733 -1.232969 -0.01547849 -0.6651474 -1.179634 -0.009622156 -0.655534 -1.107917 0.001133739 -0.6355271 -1.023723 0.01520335 -0.6110193 -0.9328727 0.02986174 -0.5879421 -0.8411568 0.0419355 -0.5721532 -0.7544259 0.04910218 -0.5693367 -0.6786727 0.05104386</float_array>
          <technique_common>
            <accessor source="#Mesh_003-mesh-positions-array" count="336" stride="3">
              <param name="X" type="float"/>
              <param name="Y" type="float"/>
              <param name="Z" type="float"/>
            </accessor>
          </technique_common>
        </source>
        <source id="Mesh_003-mesh-normals">
          <float_array id="Mesh_003-mesh-normals-array" count="2004">0.5214487 -0.2545687 0.8144238 -0.3441253 -0.09334725 -0.9342719 -0.7859456 -0.5495398 -0.2833646 -0.7113576 -0.644963 -0.2792726 -0.6644178 -0.6946572 -0.2756819 -0.6372287 -0.7208901 -0.2725015 -0.6369694 -0.7194702 -0.276826 -0.668469 -0.6817395 -0.2972884 -0.7431624 -0.5701308 -0.3502295 -0.8515289 -0.2607581 -0.4548668 -0.7727828 0.370512 -0.5152938 -0.4426519 0.7965099 -0.4118633 -0.2061772 0.9255174 -0.317661 -0.07298207 0.9610776 -0.2664648 -0.06356972 0.9617363 -0.2664998 -0.1430578 0.946183 -0.290297 -0.2524085 0.9166091 -0.3100288 -0.3678264 0.873918 -0.3177596 -0.4897673 0.8128855 -0.3151905 -0.596416 0.7434502 -0.302605 -0.6648051 0.6870745 -0.2931942 -0.7219771 0.6309413 -0.2840108 -0.7703393 0.5769309 -0.2715293 -0.8106977 0.5261812 -0.2567148 -0.8440318 0.479389 -0.240409 -0.87135 0.4368997 -0.223311 -0.8257126 0.5038594 -0.2536227 -0.4370202 0.8053521 -0.4005265 0.4279577 0.8059939 -0.4089327 0.7580764 0.577153 -0.3036686 0.8297013 0.4909363 -0.2656636 0.8352248 0.4831842 -0.2625504 0.8101597 0.5179106 -0.2746086 0.7599651 0.580681 -0.2919978 0.6822356 0.6633538 -0.3074352 0.5310351 0.7869657 -0.3141444 0.3101828 0.8991115 -0.3088449 0.1207395 0.9495953 -0.2892935 0.06536477 0.9553487 -0.2881604 0.11385 0.9443721 -0.3085443 0.2122572 0.9140797 -0.3455507 0.391739 0.8228148 -0.4117238 0.6675295 0.5543116 -0.4971347 0.8611615 0.06917136 -0.5036032 0.844822 -0.3268527 -0.4236072 0.7685303 -0.5336028 -0.3530288 0.7052134 -0.6376431 -0.3099765 0.6625251 -0.6928264 -0.2846964 0.6431102 -0.7161378 -0.2712121 0.646565 -0.7161909 -0.2627245 0.8176212 -0.4994826 -0.2863787 0.9512877 -0.1199777 -0.2840019 0.9582054 0.1169479 -0.2610855 0.940119 0.2357002 -0.2462142 0.9262234 0.2905652 -0.2401706 0.9227319 0.2968958 -0.2458024 0.9278903 0.2632958 -0.2639982 0.9373199 0.1675255 -0.3055593 0.9188339 -0.05291235 -0.3910813 0.6794309 -0.5229466 -0.5146849 0.03241235 -0.8895881 -0.4556124 -0.3907602 -0.8667686 -0.3098689 -0.5435258 -0.8023532 -0.2465949 -0.608896 -0.7624969 -0.2187328 -0.6353177 -0.7458963 -0.2000257 -0.6332017 -0.7501093 -0.1907663 -0.5833085 -0.7881692 -0.1963176 -0.4609895 -0.8610562 -0.2146413 -0.2152111 -0.9470279 -0.2383747 0.07799696 -0.9665698 -0.2442523 0.3083804 -0.9227402 -0.2311968 0.4494263 -0.8679445 -0.2113962 0.5282522 -0.826304 -0.195375 0.5677559 -0.8022503 -0.1845205 0.5416588 -0.8173744 -0.1962267 0.4032471 -0.8785172 -0.256124 0.0508185 -0.9247599 -0.3771425 -0.6243083 -0.6276028 -0.4651386 -0.9272311 -0.1099944 -0.3579715 -0.9506514 0.1445964 -0.2745064 -0.93766 0.2530812 -0.2382089 -0.9291443 0.291616 -0.2272682 -0.9315273 0.2807216 -0.2311978 -0.9448392 0.2164151 -0.2458521 -0.9604575 0.07059264 -0.2693294 -0.9260789 -0.2379716 -0.2928265 -0.9253066 -0.2503256 0.2848592 -0.9651952 0.01539647 0.2610768 -0.9603837 0.145022 0.2379745 -0.9529988 0.2042638 0.2237623 -0.9505683 0.2193729 0.2197624 -0.9541859 0.1921765 0.2293415 -0.9599238 0.1006419 0.2615675 -0.932853 -0.1303673 0.3358417 -0.6489205 -0.6249755 0.4339445 -4.12912e-4 -0.9341458 0.3568915 0.351711 -0.9037778 0.2438959 0.4908863 -0.850187 0.1902962 0.5202272 -0.8340588 0.1836017 0.4933627 -0.8473269 0.1965463 0.4381384 -0.8732571 0.2132064 0.3083804 -0.9227402 0.2311968 0.0779969 -0.9665698 0.2442523 -0.1981073 -0.951893 0.2337802 -0.4032276 -0.891187 0.2078301 -0.5096583 -0.8399854 0.1862072 -0.5366095 -0.8246487 0.1788989 -0.5132226 -0.8377696 0.186399 -0.4645696 -0.8609688 0.2071419 -0.4198323 -0.8749926 0.2410995 -0.3278474 -0.8965515 0.2978451 0.03712248 -0.9008205 0.4326018 0.6634494 -0.5647222 0.4908401 0.9154416 -0.148495 0.3740533 0.9558299 0.03387272 0.2919619 0.9622861 0.09560292 0.2546876 0.9647257 0.1051992 0.2413245 0.9664559 0.08836072 0.241154 0.9671192 0.05024439 0.2493109 0.9643878 -0.02266806 0.2635194 0.9482353 -0.1578689 0.275549 0.8677435 -0.4159762 0.2720018 0.7708904 -0.5857779 0.2501847 0.7963886 -0.5415952 0.2691467 0.796376 -0.529249 0.2927128 0.7925096 -0.5193346 0.3197185 0.8054154 -0.4740656 0.3557636 0.8487893 -0.3309728 0.4123272 0.8766122 0.01681011 0.4809038 0.7301802 0.4965546 0.4693298 0.4876395 0.7871208 0.3776884 0.3349147 0.8907852 0.3071382 0.2704569 0.9236407 0.2715524 0.2585617 0.9311187 0.2572229 0.3688271 0.8879768 0.2747067 0.5272286 0.7944094 0.3015687 0.6099712 0.7284471 0.3119294 0.6825422 0.6630615 0.307385 0.7599651 0.580681 0.2919977 0.8101597 0.5179106 0.2746086 0.8352248 0.4831842 0.2625504 0.8297013 0.4909363 0.2656636 0.7580764 0.577153 0.3036687 0.4279578 0.805994 0.4089327 -0.4370201 0.8053521 0.4005264 -0.8257126 0.5038594 0.2536226 -0.87135 0.4368998 0.223311 -0.8440318 0.479389 0.240409 -0.8106977 0.5261812 0.2567148 -0.7703393 0.5769309 0.2715293 -0.7219772 0.6309413 0.2840108 -0.6648051 0.6870746 0.2931942 -0.6005761 0.7420406 0.2977989 -0.5424285 0.7858445 0.2970185 -0.4756829 0.8298293 0.2917348 -0.3967257 0.8737734 0.2812983 -0.305916 0.9143968 0.2651298 -0.2052223 0.9480912 0.2429136 -0.1800785 0.9532892 0.2425106 -0.2744954 0.9185027 0.2846138 -0.479672 0.796963 0.3671032 -0.8070027 0.3672919 0.4624318 -0.8815719 -0.2442337 0.4039566 -0.7886355 -0.5301926 0.3113679 -0.7364061 -0.6215996 0.2670582 -0.72696 -0.6383039 0.2531746 -0.7421305 -0.6199746 0.2547037 -0.7693461 -0.5820093 0.2633853 -0.8006657 -0.532756 0.2740536 -0.8318567 -0.4779789 0.2820472 0 0 1 0.1301582 0.2451342 0.9607122 -0.441817 -0.1235743 0.8885533 -0.5296143 0.006012201 0.8482173 0.5316622 -0.2338418 0.8140352 0.2994213 0.227961 0.9264883 -0.4862242 -0.09365659 0.8688006 -0.5134376 0.01624262 0.8579732 0.533326 -0.1871613 0.8249449 0.3659435 0.2165299 0.9050968 -0.5038818 -0.1041725 0.8574679 -0.4800999 0.01492518 0.8770869 0.5151375 -0.1464697 0.8444998 0.3718867 0.2151395 0.9030035 -0.5026015 -0.1432861 0.8525614 -0.4356043 -0.006875753 0.900112 0.449913 -0.1661944 0.8774724 0.3478609 0.2223768 0.9107916 -0.4878859 -0.1949322 0.8508635 -0.3934402 -0.1043852 0.9134049 0.2967876 -0.2935024 0.9087208 0.3101984 0.2370191 0.9206513 -0.4651871 -0.2309372 0.8545578 0.2167368 -0.3961006 0.8922609 0.266747 0.2592536 0.9282423 -0.4383297 -0.2095966 0.8740345 0.1332265 -0.5201097 0.8436448 0.3687865 0.2662412 0.8905684 -0.4024681 -0.08717149 0.9112741 0.05481499 -0.6046617 0.794594 0.4885057 0.2465971 0.8369899 -0.3527913 0.1130654 0.9288458 -0.0160622 -0.620557 0.7839968 0.479066 0.2891855 0.8287747 -0.3396279 0.225381 0.9131573 -0.1186301 -0.6104584 0.783114 0.3956328 0.385058 0.8337895 -0.3284776 0.3386267 0.8817225 -0.2085132 -0.5764308 0.7900948 0.3436712 0.4113243 0.8442172 -0.3122157 0.4223929 0.8509439 -0.2531951 -0.5267233 0.8114523 0.3126325 0.4016388 0.8607829 -0.315501 0.4175571 0.852118 -0.2280131 -0.4769175 0.8488579 0.3235042 0.3269245 0.8879557 -0.3287368 0.3709146 0.8685358 -0.1011964 -0.4608953 0.881666 0.3773872 0.1741155 0.9095398 -0.3198784 0.33538 0.8861141 0.03676789 -0.4556434 0.8894028 0.4248371 0.07148826 0.9024428 -0.2914056 0.3124915 0.9041194 0.1516358 -0.4537267 0.878145 0.4658196 0.0537967 0.8832429 -0.2455818 0.304077 0.9204492 0.2129271 -0.4729701 0.8549628 0.518056 0.03345072 0.8546924 -0.2508329 0.2917668 0.9230141 0.2141206 -0.5161396 0.8293083 0.5637585 0.01404672 0.8258203 -0.2704327 0.2794915 0.9212767 0.2116941 -0.5459194 0.8106526 0.5842032 -0.004901766 0.8115926 -0.3015507 0.2635275 0.9163081 0.1790652 -0.5349406 0.8256962 0.55851 -0.03779268 0.8286364 -0.3338126 0.2500026 0.9088827 0.09437292 -0.4799608 0.8721991 0.452396 -0.1277022 0.8826267 -0.3674994 0.2385245 0.8989162 -0.05459779 -0.3826425 0.9222818 0.392277 -0.1634658 0.9052059 -0.402798 0.2287792 0.8862357 -0.2463179 -0.247491 0.9370569 0.4336315 -0.1331115 0.8912042 -0.4397822 0.2205092 0.8706132 -0.3801417 -0.1471202 0.9131527 0.4691999 -0.2035523 0.8593125 -0.3779181 0.23061 0.8966587 -0.4734277 -0.06824809 0.8781847 0.5023697 -0.2414872 0.8302461 -0.1354387 0.2495899 0.9588332 -0.5199873 -0.01914077 0.8539595 0.5237554 -0.2074062 0.8262342 0.2349504 -0.06196194 -0.9700304 0.1725241 -0.0408858 -0.9841564 0.2206498 -0.05121582 -0.9740074 0.1106251 -0.02093642 -0.9936417 0.06819939 -0.006772398 -0.9976487 0.08477216 -0.007641136 -0.996371 0.1463583 -0.02498865 -0.988916 0.2715203 -0.0775969 -0.9592995 0.2802837 -0.07821977 -0.956725 0.2937581 -0.08500742 -0.9520924 0.2912082 -0.08477741 -0.9528959 0.2626976 -0.07431435 -0.9620121 0.2781234 -0.08108013 -0.9571172 0.1539415 -0.04064112 -0.9872438 0.2271089 -0.06593227 -0.9716349 0.01905602 0.03198635 -0.9993067 0.1222614 -0.0341801 -0.9919092 9.62896e-4 9.64788e-5 -0.9999996 0.06577634 0.08622854 -0.9941018 0.01949161 0.02639114 -0.9994617 0.003419458 0.001149237 -0.9999935 0.0976296 0.1211341 -0.9878234 0.001536309 -0.004597008 -0.9999883 0.06705266 0.08839416 -0.9938262 -1.2078e-4 1.24826e-4 -1 0.1134036 0.1194806 -0.9863387 0.1192591 0.1400107 -0.9829416 0.1094403 0.1165024 -0.9871424 0.1108437 0.1418834 -0.9836578 0 0 -1 1.93703e-5 -2.40046e-4 -1 0.09283375 0.08867359 -0.9917252 0.06864953 0.04699808 -0.9965332 0.07206243 0.05758285 -0.9957365 0.09042358 0.07831704 -0.9928192 0.1036685 0.1210905 -0.9872132 0 0 -1 0 0 -1 -1.18881e-4 -3.99541e-5 -1 0 0 -1 -6.67987e-5 8.96194e-4 -0.9999996 0 0 -1 0 0 -1 0 0 -1 0 0 -1 0 0 -1 0 0 -1 0 0 -1 0 0 -1 -0.004801869 0.002446711 -0.9999855 -0.05919778 0.09012842 -0.9941692 -0.004051208 0.001188278 -0.9999911 -0.1997742 -0.05113214 -0.9785069 -0.03863346 0.05262047 -0.997867 -0.2085872 0.3065076 -0.9287326 -0.1705752 0.2557152 -0.9515849 -0.1221717 0.177513 -0.9765056 -0.4068001 -0.09198206 -0.9088746 -0.2129529 -0.05302727 -0.9756224 -0.2209181 0.3194013 -0.9215085 -0.1965488 0.2852222 -0.9380921 -0.104826 0.1551762 -0.9823094 -0.1838048 0.2634955 -0.9469879 -0.1788172 0.2606413 -0.948731 -0.04952603 0.08707255 -0.9949701 -0.1164336 0.1890662 -0.975037 -0.06301671 0.117491 -0.9910725 -0.210888 0.3104243 -0.9269105 -0.3329074 -0.07516562 -0.9399589 -0.2572812 -0.0417599 -0.9654338 -0.2998 -0.06768774 -0.9515978 -0.134965 0.2049447 -0.9694236 -0.4173696 -0.1075484 -0.9023502 -0.2211173 0.3197754 -0.9213311 -0.181408 -0.01075464 -0.9833491 -0.1218429 0.01265949 -0.9924686 -0.09179931 0.02354198 -0.9954993 -0.1305647 0.006229221 -0.9914202 -0.2045102 -0.02653199 -0.9785048 -0.3867095 -0.1030239 -0.9164289 -0.4271816 -0.1135369 -0.8970091 -0.7864712 -0.5397128 -0.3002884 -0.7115367 -0.6376464 -0.2951653 -0.6565949 -0.6992149 -0.2828103 -0.6341393 -0.7226523 -0.2750291 -0.6385349 -0.7185146 -0.275699 -0.6741388 -0.6775756 -0.2939867 -0.7517107 -0.5610353 -0.3466561 -0.8570826 -0.2470371 -0.4520863 -0.7709435 0.3730281 -0.5162326 -0.4284551 0.8020323 -0.4161373 -0.1952613 0.9257443 -0.3238373 -0.06988036 0.9605471 -0.269195 -0.06815761 0.9622412 -0.2635267 -0.1541286 0.9465564 -0.2833292 -0.2459285 0.9233615 -0.2948265 -0.3597774 0.8828605 -0.3018568 -0.4812338 0.8233532 -0.3008381 -0.5936313 0.7474058 -0.2983061 -0.6648052 0.6870743 -0.2931943 -0.721977 0.6309418 -0.2840104 -0.7703393 0.5769309 -0.2715293 -0.8106978 0.5261811 -0.2567151 -0.8440318 0.4793891 -0.240409 -0.87135 0.4368998 -0.2233109 -0.8257125 0.5038596 -0.2536225 -0.4370221 0.8053508 -0.4005269 0.4279565 0.8059948 -0.4089324 0.7580761 0.5771535 -0.3036685 0.8297017 0.4909358 -0.2656641 0.8352246 0.4831846 -0.2625501 0.8101597 0.5179104 -0.2746087 0.7599651 0.5806811 -0.2919976 0.6822354 0.6633543 -0.3074345 0.534183 0.7776739 -0.3314694 0.3100006 0.8892237 -0.3364237 0.1192798 0.9434097 -0.3094357 0.06643831 0.9554315 -0.2876396 0.1223759 0.9443815 -0.3052338 0.2264032 0.9121005 -0.3417809 0.407077 0.8166797 -0.409051 0.6731165 0.5489173 -0.4955846 0.8603239 0.05813288 -0.5064222 0.8377592 -0.339771 -0.427452 0.7616177 -0.5405581 -0.357401 0.7020366 -0.639927 -0.3124709 0.6643977 -0.6917092 -0.2830443 0.644587 -0.7182565 -0.2619449 0.6481474 -0.7194653 -0.2495489 0.8162801 -0.5043065 -0.281712 0.9506044 -0.1134524 -0.2889288 0.9555848 0.109607 -0.2735764 0.9379659 0.2311342 -0.258451 0.9245914 0.2881302 -0.2492222 0.9214143 0.2994065 -0.2476923 0.92928 0.2604123 -0.2619622 0.9403494 0.1590487 -0.3007432 0.9200289 -0.06666851 -0.3861375 0.6766116 -0.5287572 -0.5124574 0.01594418 -0.8869661 -0.4615594 -0.4020709 -0.8579946 -0.3196627 -0.5464794 -0.7989788 -0.2509846 -0.6048515 -0.7670386 -0.2140247 -0.6388564 -0.7458626 -0.1885513 -0.6386405 -0.7483994 -0.1789873 -0.5908982 -0.7851704 -0.1853288 -0.4508618 -0.8678739 -0.2086108 -0.2093942 -0.9491627 -0.2350409 0.07799589 -0.9665701 -0.2442516 0.3083877 -0.9227364 -0.2312028 0.4508221 -0.8668382 -0.2129576 0.5292845 -0.8252874 -0.196872 0.5682029 -0.8017477 -0.185327 0.541241 -0.8178363 -0.1954532 0.4009291 -0.8802151 -0.2539234 0.04577809 -0.9257978 -0.3752372 -0.6260479 -0.6249213 -0.466409 -0.9270526 -0.101122 -0.3610373 -0.9486292 0.1510153 -0.2780236 -0.9361686 0.2563174 -0.240603 -0.929017 0.29186 -0.2274758 -0.9327546 0.2783513 -0.2291052 -0.9467869 0.2120355 -0.2421479 -0.9620212 0.06500023 -0.2651233 -0.9261469 -0.2360882 -0.2941333 -0.925445 -0.2476541 0.2867385 -0.9645847 0.01778668 0.2631732 -0.9597733 0.1464631 0.2395491 -0.9526682 0.2049277 0.2245618 -0.9506014 0.2193053 0.2196864 -0.9546142 0.1911388 0.2284244 -0.9606314 0.09794455 0.259989 -0.932754 -0.1356091 0.3340361 -0.6473234 -0.6273537 0.4328969 0.0062595 -0.9331089 0.3595394 0.3559396 -0.9008441 0.24857 0.4916468 -0.8491917 0.1927615 0.5193066 -0.8352658 0.1806979 0.4908348 -0.8498989 0.191711 0.4344979 -0.876121 0.2088627 0.3083668 -0.9227476 0.2311857 0.07799589 -0.9665701 0.2442516 -0.2012013 -0.9507974 0.2355896 -0.4062293 -0.8893501 0.209843 -0.5113416 -0.8386173 0.187752 -0.5371941 -0.8240961 0.1796889 -0.5127019 -0.8383293 0.1853127 -0.4627159 -0.8633963 0.2010994 -0.4153197 -0.8819059 0.2230504 -0.3100585 -0.9079962 0.2817917 0.06296652 -0.9032653 0.4244372 0.6703732 -0.5521933 0.4956635 0.9153835 -0.1188446 0.3846415 0.9504477 0.05532807 0.3059214 0.957455 0.1077609 0.2677077 0.9618034 0.1110336 0.2502112 0.9653078 0.09052079 0.2449222 0.9672637 0.04992282 0.2488144 0.9651109 -0.02515745 0.26063 0.9482121 -0.1575486 0.2758119 0.8640804 -0.4206447 0.2764473 0.7693169 -0.5856503 0.2552751 0.799945 -0.5413367 0.2589258 0.8065114 -0.524253 0.2733097 0.8093083 -0.5052537 0.2995643 0.8247575 -0.4509682 0.3411784 0.861729 -0.305478 0.4051006 0.877458 0.02517795 0.4789921 0.7174537 0.5112345 0.4731802 0.4658794 0.7983551 0.3815566 0.3159647 0.8957785 0.3126454 0.256273 0.9256062 0.2785269 0.2489585 0.9316755 0.264576 0.3666417 0.8853416 0.2859094 0.5282192 0.7948156 0.2987519 0.6137816 0.728072 0.3052595 0.6824604 0.6632891 0.3070756 0.7599651 0.5806811 0.2919976 0.8101597 0.5179104 0.2746087 0.8352246 0.4831846 0.2625501 0.8297017 0.4909358 0.2656641 0.7580761 0.5771535 0.3036685 0.4279565 0.8059948 0.4089324 -0.4370221 0.8053508 0.4005269 -0.8257125 0.5038596 0.2536225 -0.87135 0.4368998 0.2233109 -0.8440318 0.4793891 0.240409 -0.8106978 0.5261811 0.2567151 -0.7703393 0.5769309 0.2715293 -0.721977 0.6309418 0.2840104 -0.6648052 0.6870743 0.2931943 -0.6006637 0.741917 0.2979298 -0.5417316 0.7860561 0.2977293 -0.4750027 0.8299682 0.292447 -0.3966278 0.8737841 0.2814031 -0.3068357 0.9143774 0.2641323 -0.2074691 0.9482221 0.2404816 -0.1841455 0.9540188 0.2365135 -0.2827147 0.9177548 0.2789241 -0.4901541 0.7922021 0.3635448 -0.8091996 0.3639717 0.4612163 -0.8771677 -0.2556642 0.4064635 -0.7797974 -0.5405761 0.3157428 -0.7285273 -0.6283032 0.2729161 -0.7215655 -0.6420931 0.2589588 -0.7391595 -0.6217609 0.258953 -0.7682661 -0.5825872 0.2652533 -0.8008963 -0.5326309 0.2736228 -0.8323206 -0.4776704 0.2811999 -0.1084662 -0.1297625 0.9855946 -0.1206946 -0.1356505 0.9833778 -0.1181126 -0.1317796 0.9842172 -0.1149808 -0.1224134 0.9857963 -0.1133067 -0.1171057 0.9866347 -0.1163284 -0.1239324 0.9854483 -0.1064757 -0.1250103 0.9864256 -0.076756 -0.09130811 0.9928602 -0.02596199 -0.03624445 0.9990057 -0.08310168 -0.109484 0.9905087 -0.05886745 -0.07155913 0.9956977 0 0 1 -0.01926046 -0.0249027 0.9995044 0 0 1 0 0 1 0 0 1 0 0 1 1.58458e-5 7.2169e-5 1 -0.06444644 0.01820719 0.9977551 -0.09661465 0.02481114 0.9950126 0.0064947 -0.008325755 0.9999442 7.23349e-5 -2.25942e-5 1 -0.222078 0.06266438 0.9730131 0.1307635 -0.1916926 0.972705 0.1913977 -0.2751827 0.9421473 -0.2835341 0.0828827 0.9553737 -0.1726582 0.05095744 0.9836627 0.168737 -0.2352545 0.9571745 0.2360578 -0.3347002 0.9122786 0.2216206 -0.3074371 0.9254009 -0.3093084 0.08777952 0.9469018 0.2518737 -0.3528341 0.901148 0.2509114 -0.3523238 0.901616 -0.2409067 0.07084 0.9679595 0.06742715 -0.08958905 0.9936938 -0.2938242 0.07935899 0.9525594 -0.3077297 0.08721041 0.9474686 -0.2564231 0.06566363 0.9643316 -0.2731475 0.07167303 0.9592984 -0.2623338 0.06585824 0.9627272 -0.2990773 0.08045363 0.9508312 -0.2833348 0.07267528 0.9562634 -0.2979348 0.08703106 0.9506105 0.01006323 -0.01483446 0.9998394 0.236808 -0.3301854 0.9137284 0.2396947 -0.3396869 0.909483 0.2192315 -0.3083917 0.9256523 0.2235833 -0.3188686 0.9210501 0.247207 -0.3445923 0.9056184 -0.2805912 0.08125483 0.9563818 0.08566337 -0.1282956 0.9880293 0 0 1 0 0 1 0.2649428 0.07599365 0.9612649 0.4272748 0.1154206 0.8967242 0.4398726 0.1231341 0.8895787 0.0727514 0.02257436 0.9970946 0.09911274 0.02644324 0.9947249 0.4685901 0.1271039 0.8742242 0.4606359 0.1186544 0.8796225 0.4333633 0.1009654 0.8955458 0.4134154 0.0856359 0.9065066 0.4047986 0.0826022 0.9106674 0.3860971 0.07016247 0.919786 0.3932703 0.0729506 0.9165242 0.4347893 0.1013838 0.8948069 0.4479399 0.1158831 0.8865218 0 0 1 0 0 1 0 0 1 0 0 1 0 0 1 0.3335722 0.07538175 0.939706 0 0 1 0 0 1 0 0 1 0 0 1 0 0 1 0 0 1 0 0 1 0 0 1 0.1301581 0.2451342 0.9607123 -0.3754055 -0.1580318 0.9132889 -0.5291943 -0.005249023 0.8484845 0.5297809 -0.2428482 0.8126235 0.2994211 0.2279611 0.9264883 -0.4411257 -0.1274385 0.888351 -0.5167948 -0.01589649 0.8559617 0.5034512 -0.2696708 0.8208621 0.365944 0.2165296 0.9050967 -0.4839502 -0.1277882 0.865715 -0.4888385 -0.03126877 0.8718137 0.4380283 -0.2963453 0.8487112 0.3718867 0.2151396 0.9030035 -0.5038615 -0.1408549 0.8522227 -0.4457947 -0.06088286 0.8930624 0.3432788 -0.3215518 0.882476 0.3478609 0.2223768 0.9107916 -0.5027751 -0.1474257 0.8517527 -0.394262 -0.1129831 0.9120265 0.257919 -0.3372468 0.9053962 0.3101984 0.2370192 0.9206513 -0.4825832 -0.1286285 0.8663533 0.07027477 -0.4518231 0.8893353 0.266747 0.2592537 0.9282422 -0.4449618 -0.07180833 0.892666 -0.05275309 -0.5469193 0.8355216 0.2689799 0.2576887 0.9280336 -0.3954935 0.01714622 0.9183087 -0.0112397 -0.5857093 0.8104432 0.3975043 0.236306 0.8866509 -0.3436166 0.1313627 0.9298772 -0.003059685 -0.624125 0.7813185 0.4607287 0.2865259 0.840019 -0.2730085 0.3217777 0.9066011 -0.05415618 -0.6299186 0.7747707 0.4542991 0.3310518 0.8270531 -0.2503604 0.4146016 0.8748858 -0.1123914 -0.609439 0.7848263 0.4485624 0.2931078 0.8443219 -0.2689126 0.4433341 0.8550678 -0.1403942 -0.5693324 0.8100309 0.4390555 0.2305169 0.8683849 -0.3153973 0.417617 0.8521271 -0.1251614 -0.5177343 0.8463367 0.4277237 0.1563225 0.8902897 -0.3584076 0.3568663 0.8626648 -0.07916903 -0.4697656 0.879234 0.416287 0.09676623 0.9040694 -0.3693298 0.3176122 0.8733373 0.03676825 -0.4556432 0.8894028 0.4360039 -0.01332646 0.8998461 -0.353253 0.296874 0.8871742 0.1516357 -0.4537268 0.878145 0.4718698 -0.1298954 0.872047 -0.3112695 0.2934193 0.9038896 0.2342261 -0.4560646 0.8585705 0.5039406 -0.1471545 0.8511106 -0.2450115 0.304511 0.9204577 0.2550395 -0.4773406 0.8408929 0.5382731 -0.0971139 0.8371565 -0.2704327 0.2794914 0.9212768 0.2348384 -0.5201083 0.8211811 0.5693923 -0.0334571 0.8213849 -0.3015505 0.2635277 0.9163081 0.1776556 -0.5360414 0.8252868 0.5849882 -0.01816177 0.8108385 -0.3338127 0.2500025 0.9088827 0.05104744 -0.4798716 0.8758524 0.5539683 -0.1118268 0.8249933 -0.3674992 0.2385246 0.8989162 -0.1002899 -0.367507 0.9245975 0.4622784 -0.08504968 0.8826467 -0.4027981 0.2287791 0.8862357 -0.2574687 -0.2337982 0.9375758 0.422639 -0.07005512 0.9035865 -0.4397821 0.2205093 0.8706132 -0.4102228 -0.09654891 0.9068603 0.4500653 -0.09333258 0.8881049 -0.3779182 0.23061 0.8966587 -0.4903693 -0.02497625 0.8711568 0.4945166 -0.1557164 0.8551056 -0.1354389 0.2495899 0.9588332 -0.5233237 -0.002969563 0.8521288</float_array>
          <technique_common>
            <accessor source="#Mesh_003-mesh-normals-array" count="668" stride="3">
              <param name="X" type="float"/>
              <param name="Y" type="float"/>
              <param name="Z" type="float"/>
            </accessor>
          </technique_common>
        </source>
        <vertices id="Mesh_003-mesh-vertices">
          <input semantic="POSITION" source="#Mesh_003-mesh-positions"/>
        </vertices>
        <triangles material="Material_005-material" count="668">
          <input semantic="VERTEX" source="#Mesh_003-mesh-vertices" offset="0"/>
          <input semantic="NORMAL" source="#Mesh_003-mesh-normals" offset="1"/>
          <p>52 0 305 0 53 0 131 1 132 1 119 1 169 2 84 2 168 2 170 3 85 3 169 3 170 4 87 4 86 4 171 5 88 5 87 5 172 6 89 6 88 6 173 7 90 7 89 7 174 8 91 8 90 8 175 9 92 9 91 9 177 10 92 10 176 10 178 11 93 11 177 11 179 12 94 12 178 12 180 13 95 13 179 13 181 14 96 14 180 14 182 15 97 15 181 15 182 16 99 16 98 16 183 17 100 17 99 17 184 18 101 18 100 18 185 19 102 19 101 19 186 20 103 20 102 20 187 21 104 21 103 21 188 22 105 22 104 22 189 23 106 23 105 23 190 24 107 24 106 24 191 25 108 25 107 25 192 26 109 26 108 26 193 27 110 27 109 27 195 28 110 28 194 28 196 29 111 29 195 29 197 30 112 30 196 30 198 31 113 31 197 31 199 32 114 32 198 32 200 33 115 33 199 33 201 34 116 34 200 34 202 35 117 35 201 35 203 36 118 36 202 36 204 37 119 37 203 37 204 38 121 38 120 38 205 39 122 39 121 39 206 40 123 40 122 40 207 41 124 41 123 41 208 42 125 42 124 42 210 43 125 43 209 43 211 44 126 44 210 44 212 45 127 45 211 45 213 46 128 46 212 46 214 47 129 47 213 47 214 48 131 48 130 48 215 49 132 49 131 49 216 50 133 50 132 50 217 51 134 51 133 51 219 52 134 52 218 52 220 53 135 53 219 53 221 54 136 54 220 54 221 55 138 55 137 55 222 56 139 56 138 56 223 57 140 57 139 57 224 58 141 58 140 58 225 59 142 59 141 59 227 60 142 60 226 60 228 61 143 61 227 61 229 62 144 62 228 62 230 63 145 63 229 63 230 64 147 64 146 64 231 65 148 65 147 65 232 66 149 66 148 66 234 67 149 67 233 67 235 68 150 68 234 68 235 69 152 69 151 69 236 70 153 70 152 70 237 71 154 71 153 71 238 72 155 72 154 72 239 73 156 73 155 73 240 74 157 74 156 74 241 75 158 75 157 75 242 76 159 76 158 76 244 77 159 77 243 77 245 78 160 78 244 78 246 79 161 79 245 79 247 80 162 80 246 80 248 81 163 81 247 81 249 82 164 82 248 82 250 83 165 83 249 83 251 84 166 84 250 84 168 85 167 85 251 85 83 86 168 86 251 86 82 87 251 87 250 87 81 88 250 88 249 88 80 89 249 89 248 89 79 90 248 90 247 90 78 91 247 91 246 91 77 92 246 92 245 92 76 93 245 93 244 93 75 94 244 94 243 94 75 95 242 95 74 95 74 96 241 96 73 96 73 97 240 97 72 97 72 98 239 98 71 98 71 99 238 99 70 99 70 100 237 100 69 100 69 101 236 101 68 101 68 102 235 102 67 102 66 103 235 103 234 103 65 104 234 104 233 104 64 105 233 105 232 105 63 106 232 106 231 106 62 107 231 107 230 107 61 108 230 108 229 108 60 109 229 109 228 109 59 110 228 110 227 110 58 111 227 111 226 111 58 112 225 112 57 112 57 113 224 113 56 113 56 114 223 114 55 114 55 115 222 115 54 115 54 116 221 116 53 116 53 117 220 117 52 117 52 118 219 118 51 118 51 119 218 119 50 119 50 120 217 120 49 120 48 121 217 121 216 121 47 122 216 122 215 122 46 123 215 123 214 123 45 124 214 124 213 124 44 125 213 125 212 125 43 126 212 126 211 126 42 127 211 127 210 127 41 128 210 128 209 128 41 129 208 129 40 129 40 130 207 130 39 130 39 131 206 131 38 131 38 132 205 132 37 132 37 133 204 133 36 133 36 134 203 134 35 134 35 135 202 135 34 135 34 136 201 136 33 136 32 137 201 137 200 137 31 138 200 138 199 138 30 139 199 139 198 139 29 140 198 140 197 140 28 141 197 141 196 141 27 142 196 142 195 142 26 143 195 143 194 143 26 144 193 144 25 144 25 145 192 145 24 145 24 146 191 146 23 146 23 147 190 147 22 147 22 148 189 148 21 148 21 149 188 149 20 149 20 150 187 150 19 150 19 151 186 151 18 151 18 152 185 152 17 152 16 153 185 153 184 153 15 154 184 154 183 154 14 155 183 155 182 155 13 156 182 156 181 156 12 157 181 157 180 157 11 158 180 158 179 158 10 159 179 159 178 159 9 160 178 160 177 160 8 161 177 161 176 161 8 162 175 162 7 162 7 163 174 163 6 163 6 164 173 164 5 164 5 165 172 165 4 165 4 166 171 166 3 166 3 167 170 167 2 167 2 168 169 168 1 168 1 169 168 169 0 169 283 170 282 170 274 170 27 171 278 171 279 171 0 172 253 172 1 172 80 173 331 173 332 173 53 174 306 174 54 174 28 175 279 175 280 175 1 176 254 176 2 176 81 177 332 177 333 177 54 178 307 178 55 178 29 179 280 179 281 179 2 180 255 180 3 180 82 181 333 181 334 181 55 182 308 182 56 182 30 183 281 183 282 183 3 184 256 184 4 184 83 185 334 185 335 185 56 186 309 186 57 186 31 187 282 187 283 187 4 188 257 188 5 188 0 189 335 189 252 189 57 190 310 190 58 190 32 191 283 191 284 191 5 192 258 192 6 192 59 193 310 193 311 193 33 194 284 194 285 194 6 195 259 195 7 195 60 196 311 196 312 196 33 197 286 197 34 197 7 198 260 198 8 198 61 199 312 199 313 199 34 200 287 200 35 200 9 201 260 201 261 201 62 202 313 202 314 202 35 203 288 203 36 203 10 204 261 204 262 204 63 205 314 205 315 205 36 206 289 206 37 206 11 207 262 207 263 207 64 208 315 208 316 208 37 209 290 209 38 209 12 210 263 210 264 210 65 211 316 211 317 211 38 212 291 212 39 212 13 213 264 213 265 213 66 214 317 214 318 214 39 215 292 215 40 215 14 216 265 216 266 216 67 217 318 217 319 217 40 218 293 218 41 218 15 219 266 219 267 219 67 220 320 220 68 220 42 221 293 221 294 221 16 222 267 222 268 222 68 223 321 223 69 223 43 224 294 224 295 224 17 225 268 225 269 225 69 226 322 226 70 226 44 227 295 227 296 227 17 228 270 228 18 228 70 229 323 229 71 229 45 230 296 230 297 230 18 231 271 231 19 231 71 232 324 232 72 232 46 233 297 233 298 233 19 234 272 234 20 234 72 235 325 235 73 235 47 236 298 236 299 236 20 237 273 237 21 237 73 238 326 238 74 238 48 239 299 239 300 239 21 240 274 240 22 240 74 241 327 241 75 241 49 242 300 242 301 242 22 243 275 243 23 243 76 244 327 244 328 244 49 245 302 245 50 245 23 246 276 246 24 246 77 247 328 247 329 247 50 248 303 248 51 248 24 249 277 249 25 249 78 250 329 250 330 250 51 251 304 251 52 251 25 252 278 252 26 252 79 253 330 253 331 253 52 254 304 254 305 254 88 255 89 255 96 255 89 256 90 256 95 256 96 257 89 257 95 257 90 258 91 258 94 258 91 259 92 259 93 259 94 260 91 260 93 260 94 261 95 261 90 261 96 262 97 262 87 262 87 263 88 263 96 263 86 264 87 264 97 264 86 265 97 265 98 265 85 266 86 266 99 266 86 267 98 267 99 267 84 268 85 268 100 268 85 269 99 269 100 269 167 270 84 270 152 270 84 271 100 271 101 271 84 272 101 272 152 272 166 273 167 273 154 273 154 274 167 274 153 274 101 275 102 275 151 275 165 276 166 276 155 276 153 277 167 277 152 277 166 278 154 278 155 278 102 279 103 279 117 279 162 280 163 280 157 280 163 281 164 281 156 281 157 282 163 282 156 282 164 283 165 283 155 283 103 284 104 284 116 284 152 285 101 285 151 285 161 286 162 286 157 286 159 287 160 287 158 287 160 288 161 288 158 288 157 289 158 289 161 289 155 290 156 290 164 290 104 291 105 291 115 291 105 292 106 292 115 292 151 293 102 293 117 293 106 294 107 294 114 294 103 295 116 295 117 295 107 296 108 296 113 296 108 297 109 297 112 297 112 298 109 298 111 298 109 299 110 299 111 299 112 300 113 300 108 300 113 301 114 301 107 301 116 302 104 302 115 302 114 303 115 303 106 303 150 304 151 304 133 304 149 305 150 305 134 305 151 306 117 306 133 306 117 307 118 307 133 307 150 308 133 308 134 308 146 309 147 309 136 309 147 310 148 310 135 310 148 311 149 311 135 311 118 312 119 312 132 312 133 313 118 313 132 313 145 314 146 314 137 314 147 315 135 315 136 315 143 316 144 316 140 316 144 317 145 317 138 317 139 318 144 318 138 318 141 319 142 319 143 319 139 320 140 320 144 320 140 321 141 321 143 321 137 322 138 322 145 322 120 323 121 323 129 323 121 324 122 324 128 324 129 325 121 325 128 325 149 326 134 326 135 326 119 327 120 327 130 327 136 328 137 328 146 328 122 329 123 329 127 329 123 330 124 330 126 330 124 331 125 331 126 331 126 332 127 332 123 332 127 333 128 333 122 333 129 334 130 334 120 334 130 335 131 335 119 335 169 336 85 336 84 336 170 337 86 337 85 337 170 338 171 338 87 338 171 339 172 339 88 339 172 340 173 340 89 340 173 341 174 341 90 341 174 342 175 342 91 342 175 343 176 343 92 343 177 344 93 344 92 344 178 345 94 345 93 345 179 346 95 346 94 346 180 347 96 347 95 347 181 348 97 348 96 348 182 349 98 349 97 349 182 350 183 350 99 350 183 351 184 351 100 351 184 352 185 352 101 352 185 353 186 353 102 353 186 354 187 354 103 354 187 355 188 355 104 355 188 356 189 356 105 356 189 357 190 357 106 357 190 358 191 358 107 358 191 359 192 359 108 359 192 360 193 360 109 360 193 361 194 361 110 361 195 362 111 362 110 362 196 363 112 363 111 363 197 364 113 364 112 364 198 365 114 365 113 365 199 366 115 366 114 366 200 367 116 367 115 367 201 368 117 368 116 368 202 369 118 369 117 369 203 370 119 370 118 370 204 371 120 371 119 371 204 372 205 372 121 372 205 373 206 373 122 373 206 374 207 374 123 374 207 375 208 375 124 375 208 376 209 376 125 376 210 377 126 377 125 377 211 378 127 378 126 378 212 379 128 379 127 379 213 380 129 380 128 380 214 381 130 381 129 381 214 382 215 382 131 382 215 383 216 383 132 383 216 384 217 384 133 384 217 385 218 385 134 385 219 386 135 386 134 386 220 387 136 387 135 387 221 388 137 388 136 388 221 389 222 389 138 389 222 390 223 390 139 390 223 391 224 391 140 391 224 392 225 392 141 392 225 393 226 393 142 393 227 394 143 394 142 394 228 395 144 395 143 395 229 396 145 396 144 396 230 397 146 397 145 397 230 398 231 398 147 398 231 399 232 399 148 399 232 400 233 400 149 400 234 401 150 401 149 401 235 402 151 402 150 402 235 403 236 403 152 403 236 404 237 404 153 404 237 405 238 405 154 405 238 406 239 406 155 406 239 407 240 407 156 407 240 408 241 408 157 408 241 409 242 409 158 409 242 410 243 410 159 410 244 411 160 411 159 411 245 412 161 412 160 412 246 413 162 413 161 413 247 414 163 414 162 414 248 415 164 415 163 415 249 416 165 416 164 416 250 417 166 417 165 417 251 418 167 418 166 418 168 419 84 419 167 419 83 420 0 420 168 420 82 421 83 421 251 421 81 422 82 422 250 422 80 423 81 423 249 423 79 424 80 424 248 424 78 425 79 425 247 425 77 426 78 426 246 426 76 427 77 427 245 427 75 428 76 428 244 428 75 429 243 429 242 429 74 430 242 430 241 430 73 431 241 431 240 431 72 432 240 432 239 432 71 433 239 433 238 433 70 434 238 434 237 434 69 435 237 435 236 435 68 436 236 436 235 436 66 437 67 437 235 437 65 438 66 438 234 438 64 439 65 439 233 439 63 440 64 440 232 440 62 441 63 441 231 441 61 442 62 442 230 442 60 443 61 443 229 443 59 444 60 444 228 444 58 445 59 445 227 445 58 446 226 446 225 446 57 447 225 447 224 447 56 448 224 448 223 448 55 449 223 449 222 449 54 450 222 450 221 450 53 451 221 451 220 451 52 452 220 452 219 452 51 453 219 453 218 453 50 454 218 454 217 454 48 455 49 455 217 455 47 456 48 456 216 456 46 457 47 457 215 457 45 458 46 458 214 458 44 459 45 459 213 459 43 460 44 460 212 460 42 461 43 461 211 461 41 462 42 462 210 462 41 463 209 463 208 463 40 464 208 464 207 464 39 465 207 465 206 465 38 466 206 466 205 466 37 467 205 467 204 467 36 468 204 468 203 468 35 469 203 469 202 469 34 470 202 470 201 470 32 471 33 471 201 471 31 472 32 472 200 472 30 473 31 473 199 473 29 474 30 474 198 474 28 475 29 475 197 475 27 476 28 476 196 476 26 477 27 477 195 477 26 478 194 478 193 478 25 479 193 479 192 479 24 480 192 480 191 480 23 481 191 481 190 481 22 482 190 482 189 482 21 483 189 483 188 483 20 484 188 484 187 484 19 485 187 485 186 485 18 486 186 486 185 486 16 487 17 487 185 487 15 488 16 488 184 488 14 489 15 489 183 489 13 490 14 490 182 490 12 491 13 491 181 491 11 492 12 492 180 492 10 493 11 493 179 493 9 494 10 494 178 494 8 495 9 495 177 495 8 496 176 496 175 496 7 497 175 497 174 497 6 498 174 498 173 498 5 499 173 499 172 499 4 500 172 500 171 500 3 501 171 501 170 501 2 502 170 502 169 502 1 503 169 503 168 503 332 504 331 504 324 504 331 505 330 505 325 505 330 506 329 506 325 506 329 507 328 507 326 507 328 508 327 508 326 508 326 509 325 509 329 509 325 510 324 510 331 510 324 511 323 511 332 511 323 512 322 512 334 512 332 513 323 513 333 513 333 514 323 514 334 514 322 515 321 515 335 515 334 516 322 516 335 516 321 517 320 517 335 517 335 518 320 518 252 518 320 519 319 519 269 519 252 520 320 520 269 520 319 521 318 521 301 521 252 522 269 522 268 522 253 523 252 523 268 523 318 524 317 524 302 524 319 525 301 525 285 525 254 526 253 526 267 526 316 527 315 527 303 527 315 528 314 528 304 528 255 529 254 529 266 529 253 530 268 530 267 530 315 531 304 531 303 531 314 532 313 532 305 532 304 533 314 533 305 533 256 534 255 534 264 534 313 535 312 535 306 535 306 536 312 536 307 536 254 537 267 537 266 537 317 538 316 538 303 538 258 539 257 539 263 539 257 540 256 540 264 540 260 541 259 541 261 541 259 542 258 542 262 542 262 543 261 543 259 543 264 544 263 544 257 544 263 545 262 545 258 545 265 546 264 546 255 546 301 547 318 547 302 547 312 548 311 548 308 548 307 549 312 549 308 549 311 550 310 550 309 550 309 551 308 551 311 551 306 552 305 552 313 552 266 553 265 553 255 553 317 554 303 554 302 554 269 555 319 555 270 555 270 556 319 556 285 556 300 557 299 557 287 557 299 558 298 558 287 558 287 559 298 559 288 559 301 560 300 560 286 560 285 561 301 561 286 561 298 562 297 562 288 562 297 563 296 563 289 563 296 564 295 564 290 564 290 565 295 565 291 565 295 566 294 566 291 566 294 567 293 567 292 567 291 568 294 568 292 568 290 569 289 569 296 569 289 570 288 570 297 570 271 571 270 571 285 571 272 572 271 572 284 572 273 573 272 573 283 573 274 574 273 574 283 574 271 575 285 575 284 575 300 576 287 576 286 576 275 577 274 577 282 577 277 578 276 578 280 578 276 579 275 579 281 579 277 580 280 580 279 580 279 581 278 581 277 581 281 582 280 582 276 582 282 583 281 583 275 583 272 584 284 584 283 584 27 585 26 585 278 585 0 586 252 586 253 586 80 587 79 587 331 587 53 588 305 588 306 588 28 589 27 589 279 589 1 590 253 590 254 590 81 591 80 591 332 591 54 592 306 592 307 592 29 593 28 593 280 593 2 594 254 594 255 594 82 595 81 595 333 595 55 596 307 596 308 596 30 597 29 597 281 597 3 598 255 598 256 598 83 599 82 599 334 599 56 600 308 600 309 600 31 601 30 601 282 601 4 602 256 602 257 602 0 603 83 603 335 603 57 604 309 604 310 604 32 605 31 605 283 605 5 606 257 606 258 606 59 607 58 607 310 607 33 608 32 608 284 608 6 609 258 609 259 609 60 610 59 610 311 610 33 611 285 611 286 611 7 612 259 612 260 612 61 613 60 613 312 613 34 614 286 614 287 614 9 615 8 615 260 615 62 616 61 616 313 616 35 617 287 617 288 617 10 618 9 618 261 618 63 619 62 619 314 619 36 620 288 620 289 620 11 621 10 621 262 621 64 622 63 622 315 622 37 623 289 623 290 623 12 624 11 624 263 624 65 625 64 625 316 625 38 626 290 626 291 626 13 627 12 627 264 627 66 628 65 628 317 628 39 629 291 629 292 629 14 630 13 630 265 630 67 631 66 631 318 631 40 632 292 632 293 632 15 633 14 633 266 633 67 634 319 634 320 634 42 635 41 635 293 635 16 636 15 636 267 636 68 637 320 637 321 637 43 638 42 638 294 638 17 639 16 639 268 639 69 640 321 640 322 640 44 641 43 641 295 641 17 642 269 642 270 642 70 643 322 643 323 643 45 644 44 644 296 644 18 645 270 645 271 645 71 646 323 646 324 646 46 647 45 647 297 647 19 648 271 648 272 648 72 649 324 649 325 649 47 650 46 650 298 650 20 651 272 651 273 651 73 652 325 652 326 652 48 653 47 653 299 653 21 654 273 654 274 654 74 655 326 655 327 655 49 656 48 656 300 656 22 657 274 657 275 657 76 658 75 658 327 658 49 659 301 659 302 659 23 660 275 660 276 660 77 661 76 661 328 661 50 662 302 662 303 662 24 663 276 663 277 663 78 664 77 664 329 664 51 665 303 665 304 665 25 666 277 666 278 666 79 667 78 667 330 667</p>
        </triangles>
      </mesh>
    </geometry>
    <geometry id="Mesh_002-mesh" name="Mesh.002">
      <mesh>
        <source id="Mesh_002-mesh-positions">
          <float_array id="Mesh_002-mesh-positions-array" count="1008">-0.6974984 -0.6398947 -0.06205409 -0.768298 -0.5158857 -0.1000507 -0.8448067 -0.4051656 -0.1375697 -0.9223049 -0.3080076 -0.1705124 -0.9960744 -0.2242655 -0.1962137 -1.061398 -0.1532862 -0.2137388 -1.113561 -0.09390938 -0.2238854 -1.147848 -0.04459655 -0.2287418 -1.159543 -0.003702163 -0.2307633 -1.143934 0.03014296 -0.2314605 -1.096301 0.0576018 -0.2299324 -1.011927 0.07835817 -0.2219339 -0.8860888 0.09120196 -0.2001684 -0.7888917 0.1007339 -0.1768549 -0.6974968 0.1182096 -0.1508545 -0.6116382 0.1438351 -0.123903 -0.5310497 0.1776896 -0.0973016 -0.455465 0.2197735 -0.07208377 -0.3846176 0.2700501 -0.04915452 -0.3182411 0.3284787 -0.02940684 -0.256069 0.3950446 -0.01382178 -0.1978352 0.4697838 -0.003553986 -0.1432734 0.5528034 0 -0.09211444 0.642876 0 -0.04408836 0.7386589 0 -0.003606677 0.8049994 0 0.03317147 0.8249568 0 0.0694999 0.8056676 0 0.1086325 0.7542681 0 0.1538229 0.6778943 0 0.2083251 0.5836827 0 0.2753929 0.4787696 0 0.3582801 0.3702912 0 0.4602404 0.2653838 0 0.5845229 0.1731732 -0.006794154 0.7343729 0.1041416 -0.03180879 0.9130511 0.0625903 -0.06536287 0.9948586 0.050655 -0.07759994 1.06293 0.03807616 -0.08535629 1.116137 0.02293199 -0.08973497 1.15335 0.003414332 -0.09222781 1.173442 -0.02235668 -0.09408104 1.175284 -0.05647569 -0.09580826 1.157749 -0.1013738 -0.09677314 1.119712 -0.1599306 -0.09480839 1.060047 -0.2354373 -0.08634066 0.9776296 -0.3311509 -0.06791424 0.8713318 -0.4493377 -0.03945523 0.7400202 -0.5897496 -0.0094769 0.7055822 -0.6518839 -0.002917945 0.694565 -0.7339373 -3.81388e-5 0.7012991 -0.8301987 0 0.7201164 -0.9355323 0 0.7453444 -1.043779 -0.003808557 0.7713052 -1.148369 -0.02237457 0.7923364 -1.243962 -0.0447036 0.802774 -1.325101 -0.06187105 0.7969491 -1.38594 -0.07191538 0.76919 -1.420394 -0.07712721 0.7138267 -1.422509 -0.07746577 0.625195 -1.386796 -0.06459003 0.4922163 -1.311648 -0.02848428 0.3849704 -1.241769 -0.003985047 0.2982211 -1.178603 0 0.2267493 -1.125018 0 0.1653275 -1.083179 0 0.1087255 -1.05503 0 0.05171293 -1.042512 0 -0.01094037 -1.047568 0 -0.08446472 -1.07214 0 -0.1740904 -1.11817 0 -0.2850477 -1.187601 0 -0.4225869 -1.28071 -0.02968513 -0.5733292 -1.372049 -0.1254108 -0.6783877 -1.414916 -0.1780555 -0.7444955 -1.415973 -0.1963534 -0.7783943 -1.381168 -0.2018411 -0.7868096 -1.317778 -0.1923156 -0.776461 -1.233574 -0.1567769 -0.7540763 -1.135634 -0.09655928 -0.7263996 -1.029002 -0.03604513 -0.7001841 -0.917759 -0.0135594 -0.6821562 -0.8097331 -0.02796882 -0.6790189 -0.7145822 -0.04469156 -0.6974943 -0.6415205 -0.236502 -0.7682926 -0.5180664 -0.2726037 -0.8447999 -0.4078667 -0.3083454 -0.922297 -0.3111832 -0.3396676 -0.9960654 -0.2278549 -0.363956 -1.061388 -0.1572104 -0.3803375 -1.113551 -0.098073 -0.3896664 -1.147837 -0.04890203 -0.3940387 -1.159533 -0.008078396 -0.3958184 -1.143923 0.02573835 -0.3964188 -1.09629 0.05325603 -0.3950915 -1.011916 0.07424503 -0.3878875 -0.8860796 0.08754241 -0.367671 -0.7888836 0.0974614 -0.3456791 -0.6974896 0.1153213 -0.3209912 -0.6116319 0.1413237 -0.2953265 -0.5310444 0.1755474 -0.2699862 -0.4554606 0.2179951 -0.2460101 -0.384614 0.2686321 -0.2243118 -0.3182384 0.3274207 -0.2057937 -0.2560673 0.3943488 -0.1914458 -0.1978343 0.4694553 -0.1824319 -0.1432734 0.5528034 -0.18 -0.09211444 0.642876 -0.18 -0.04408836 0.7386589 -0.18 -0.003606677 0.8049994 -0.18 0.03317147 0.8249568 -0.18 0.0694999 0.8056676 -0.18 0.1086325 0.7542681 -0.18 0.1538229 0.6778943 -0.18 0.2083251 0.5836827 -0.18 0.2753929 0.4787696 -0.18 0.3582801 0.3702912 -0.18 0.4602404 0.2653838 -0.18 0.5845208 0.1740137 -0.1896645 0.7343681 0.1060341 -0.2182717 0.9130437 0.06557595 -0.255559 0.9948501 0.05406409 -0.2692422 1.062921 0.04178678 -0.2780281 1.116127 0.02683538 -0.2830653 1.15334 0.007440209 -0.2859764 1.173431 -0.01823014 -0.2881734 1.175274 -0.05224287 -0.2902633 1.157739 -0.09707087 -0.2914678 1.119702 -0.1557613 -0.289047 1.060038 -0.2316853 -0.2791541 0.9776219 -0.3280802 -0.2584009 0.8713265 -0.4471892 -0.2267924 0.7400177 -0.5887584 -0.192862 0.7055808 -0.6513205 -0.1848419 0.6945647 -0.7338159 -0.1804526 0.7012991 -0.8301987 -0.18 0.7201164 -0.9355323 -0.18 0.7453444 -1.043779 -0.1838086 0.7713052 -1.148369 -0.2023746 0.7923364 -1.243962 -0.2247036 0.802774 -1.325101 -0.2418711 0.7969491 -1.38594 -0.2519155 0.76919 -1.420394 -0.2571273 0.7138267 -1.422509 -0.2574658 0.625195 -1.386796 -0.2445901 0.4922163 -1.311648 -0.2084843 0.3849704 -1.241769 -0.1839851 0.2982211 -1.178603 -0.18 0.2267493 -1.125018 -0.18 0.1653275 -1.083179 -0.18 0.1087255 -1.05503 -0.18 0.05171293 -1.042512 -0.18 -0.01094037 -1.047568 -0.18 -0.08446472 -1.07214 -0.18 -0.1740904 -1.11817 -0.18 -0.2850477 -1.187601 -0.18 -0.4225758 -1.281618 -0.1934912 -0.5733008 -1.374373 -0.2639629 -0.6783505 -1.417968 -0.303611 -0.7444546 -1.419318 -0.3166806 -0.7783522 -1.384615 -0.3203626 -0.7867696 -1.321055 -0.3138701 -0.7764274 -1.23632 -0.2877812 -0.7540526 -1.137572 -0.2419832 -0.7263869 -1.030291 -0.1974839 -0.7001823 -0.918454 -0.190994 -0.6821536 -0.8107618 -0.2044559 -0.6790156 -0.7159243 -0.2201082 -0.7231982 -0.6483763 -0.152648 -0.7965696 -0.5199073 -0.1918722 -0.8758569 -0.4053456 -0.2301379 -0.9561694 -0.3050323 -0.2630003 -1.032617 -0.218815 -0.2876994 -1.100312 -0.145955 -0.3034785 -1.154368 -0.08513242 -0.3115651 -1.189899 -0.03460353 -0.3146336 -1.202019 0.007468521 -0.3156775 -1.185842 0.04258888 -0.3165562 -1.136481 0.07151752 -0.3165854 -1.049043 0.09388965 -0.3112394 -0.9186366 0.1082266 -0.2921893 -0.8179102 0.1186416 -0.269862 -0.723196 0.1370555 -0.2439533 -0.6342189 0.1637505 -0.2164959 -0.5507031 0.1988658 -0.1890347 -0.4723726 0.2424522 -0.1628109 -0.3989515 0.294517 -0.1389185 -0.3301638 0.3550627 -0.1184352 -0.2657335 0.42412 -0.1025348 -0.2053848 0.5017763 -0.09258437 -0.1488419 0.5881335 -0.08999997 -0.09582453 0.681478 -0.08999997 -0.04605388 0.7807403 -0.08999997 -0.004101634 0.8494905 -0.08999997 0.03401243 0.8701731 -0.08999997 0.07166051 0.8501831 -0.08999997 0.1122146 0.7969164 -0.08999997 0.1590466 0.7177684 -0.08999997 0.2155287 0.6201345 -0.08999997 0.2850327 0.5114104 -0.08999997 0.3709308 0.3989914 -0.08999997 0.4765949 0.2902731 -0.08999997 0.60539 0.1955386 -0.09986072 0.7606807 0.125023 -0.1292796 0.9458484 0.08247834 -0.1658146 1.030628 0.06998199 -0.178061 1.101173 0.05666083 -0.1851242 1.156313 0.04064297 -0.1885571 1.194879 0.02017337 -0.1903108 1.2157 -0.006606757 -0.1919822 1.217609 -0.0418142 -0.1942875 1.199437 -0.0879603 -0.1965954 1.160017 -0.1481314 -0.1963106 1.098183 -0.2259839 -0.1888914 1.012772 -0.3251361 -0.1699258 0.9026138 -0.4481262 -0.138691 0.7665351 -0.5947798 -0.1037267 0.7308472 -0.6596783 -0.09519743 0.7194311 -0.7452256 -0.09046059 0.7264102 -0.845107 -0.08999997 0.7459111 -0.9542669 -0.08999997 0.7720525 -1.06621 -0.0981608 0.7989541 -1.174403 -0.1208985 0.820749 -1.273448 -0.1443948 0.8315669 -1.357641 -0.1602941 0.825532 -1.420813 -0.1685156 0.7967648 -1.456536 -0.1736012 0.7393884 -1.458563 -0.1768871 0.6475342 -1.421321 -0.167662 0.5097251 -1.343451 -0.1301067 0.3985871 -1.271335 -0.09935134 0.3086902 -1.206167 -0.08999997 0.2346221 -1.150636 -0.08999997 0.1709691 -1.107277 -0.08999997 0.112311 -1.078105 -0.08999997 0.05322742 -1.065133 -0.08999997 -0.01170176 -1.070372 -0.08999997 -0.08789694 -1.095837 -0.08999997 -0.1807783 -1.143539 -0.08999997 -0.2957662 -1.215492 -0.08999997 -0.4383046 -1.311732 -0.1252628 -0.5945164 -1.406908 -0.215204 -0.7033805 -1.452214 -0.254011 -0.7718834 -1.45382 -0.2638739 -0.8070138 -1.417737 -0.2698026 -0.8157411 -1.351523 -0.2692386 -0.8050255 -1.263525 -0.2455109 -0.7818344 -1.161487 -0.1927392 -0.7531532 -1.051174 -0.1313667 -0.7259819 -0.9363408 -0.1030235 -0.7072985 -0.8244661 -0.1170447 -0.7040473 -0.7258096 -0.134543 -0.5849015 -0.6053857 6.36533e-4 -0.6444323 -0.5017983 -0.02896845 -0.7087644 -0.4089515 -0.0596522 -0.7739305 -0.3268709 -0.0886653 -0.8359628 -0.2554038 -0.1138689 -0.8908948 -0.1941546 -0.1339518 -0.9347608 -0.1424688 -0.1484881 -0.9635946 -0.0994873 -0.1577503 -0.9734315 -0.06428056 -0.1622517 -0.9603053 -0.03604429 -0.1620772 -0.9202498 -0.014306 -0.1561793 -0.8492973 9.53264e-4 -0.1419618 -0.7434794 0.009404838 -0.1156409 -0.6617479 0.01641857 -0.09261786 -0.5848969 0.03080058 -0.06968814 -0.5127024 0.05251258 -0.04758763 -0.4449401 0.08144837 -0.02682119 -0.3813856 0.1174616 -0.007756173 -0.3218146 0.1603882 0.009300291 -0.2660027 0.210065 0.02403843 -0.2137256 0.2663456 0.03609091 -0.164759 0.3291143 0.044986 -0.1188788 0.3982975 0.0501067 -0.07586061 0.4737614 0.05104386 -0.03547745 0.5543013 0.05104386 -0.001438081 0.6100842 0.05104386 0.02948707 0.6268656 0.05104386 0.06003415 0.6106461 0.05104386 0.09293907 0.5674263 0.05104386 0.1309379 0.503207 0.05104386 0.1767665 0.4239883 0.05104386 0.233161 0.3357712 0.05104386 0.3028574 0.2445562 0.05104386 0.3885916 0.1563439 0.05104386 0.4930985 0.07762515 0.04937028 0.6191061 0.01756805 0.035205 0.769351 -0.01807904 0.009410083 0.8381381 -0.02751469 -0.002929568 0.895374 -0.03713589 -0.01271551 0.9401108 -0.04886823 -0.01981872 0.9714001 -0.06452757 -0.02448374 0.9882938 -0.08592253 -0.02698051 0.9898436 -0.1149477 -0.02728563 0.9751018 -0.1536526 -0.02484607 0.9431213 -0.2042558 -0.01853168 0.8929548 -0.2690472 -0.006969094 0.8236547 -0.3500986 0.01047116 0.7342714 -0.4487 0.03174787 0.6238511 -0.564425 0.04895901 0.594891 -0.6156439 0.05096614 0.5856254 -0.6839529 0.05104386 0.5912878 -0.7648857 0.05104386 0.6071105 -0.8534563 0.05104386 0.6283258 -0.9446563 0.05104386 0.6501653 -1.033425 0.05012089 0.6678556 -1.114303 0.04022598 0.6766327 -1.182574 0.02659052 0.6717332 -1.233597 0.01574993 0.6483917 -1.262573 0.01145637 0.6018426 -1.264639 0.01630294 0.527319 -1.23487 0.0317794 0.4154944 -1.170998 0.04995596 0.3253025 -1.111146 0.05104386 0.2523563 -1.057844 0.05104386 0.1922586 -1.012787 0.05104386 0.1406116 -0.9776067 0.05104386 0.09301733 -0.9539371 0.05104386 0.04507786 -0.9434112 0.05104386 -0.007604658 -0.9476625 0.05104386 -0.06942826 -0.968324 0.05104386 -0.1447908 -1.007029 0.05104386 -0.2380901 -1.06541 0.05104386 -0.353724 -1.145102 0.05104386 -0.4804513 -1.224004 0.007995963 -0.5687979 -1.259459 -0.04678362 -0.6243936 -1.259658 -0.07448601 -0.6528943 -1.230665 -0.074229 -0.6599593 -1.178267 -0.0500977 -0.6512503 -1.108061 -0.009548425 -0.632435 -1.02491 0.03093773 -0.6091881 -0.9325757 0.04489839 -0.5871636 -0.8374654 0.03623104 -0.5720036 -0.747067 0.0254426 -0.5693642 -0.667675 0.01348632</float_array>
          <technique_common>
            <accessor source="#Mesh_002-mesh-positions-array" count="336" stride="3">
              <param name="X" type="float"/>
              <param name="Y" type="float"/>
              <param name="Z" type="float"/>
            </accessor>
          </technique_common>
        </source>
        <source id="Mesh_002-mesh-normals">
          <float_array id="Mesh_002-mesh-normals-array" count="2004">0.4782763 0.08069819 0.8744939 0.002145767 -0.004546105 -0.9999874 -0.791561 -0.5396302 -0.2867582 -0.745199 -0.6075577 -0.2748671 -0.7102216 -0.6538235 -0.2609601 -0.6879207 -0.6816476 -0.2492423 -0.6826681 -0.6882054 -0.2456372 -0.7036011 -0.6615378 -0.259448 -0.7673774 -0.5624561 -0.3078554 -0.8705817 -0.2674242 -0.4130035 -0.7959949 0.3543602 -0.490735 -0.4616955 0.787391 -0.4084761 -0.2157721 0.9208863 -0.3246701 -0.06490814 0.9586361 -0.277135 -0.03735959 0.9595472 -0.279058 -0.1012001 0.947465 -0.3034281 -0.1844194 0.9281232 -0.3233831 -0.2768939 0.9004263 -0.335503 -0.3763284 0.8619699 -0.3396835 -0.4775062 0.8119508 -0.3357436 -0.5749034 0.7512333 -0.3242449 -0.6637471 0.6822758 -0.3064953 -0.7408506 0.6085315 -0.2843061 -0.8044618 0.5341917 -0.2597703 -0.8440318 0.479389 -0.240409 -0.87135 0.4368997 -0.223311 -0.8257126 0.5038594 -0.2536227 -0.4370202 0.8053521 -0.4005265 0.4279577 0.8059939 -0.4089327 0.7580764 0.577153 -0.3036686 0.8297013 0.4909363 -0.2656636 0.8352248 0.4831842 -0.2625504 0.8101597 0.5179106 -0.2746086 0.7599651 0.580681 -0.2919978 0.6823828 0.6632136 -0.3074111 0.5468348 0.7761264 -0.3140054 0.3483745 0.8899658 -0.2942723 0.1634283 0.9538659 -0.2518552 0.09989219 0.9705297 -0.2193025 0.1447454 0.9635462 -0.2250058 0.2400786 0.9382581 -0.2490659 0.4214907 0.8543443 -0.3040416 0.7099037 0.5887064 -0.3866025 0.9094371 0.07607454 -0.4088235 0.8770233 -0.3278086 -0.3512431 0.7972636 -0.5237367 -0.3001174 0.7408746 -0.6143075 -0.2715348 0.7072633 -0.6584643 -0.2573 0.6885349 -0.6804168 -0.2509036 0.679722 -0.6900091 -0.2487277 0.8257746 -0.4902811 -0.2787845 0.9492599 -0.1416989 -0.2807618 0.9638905 0.06613731 -0.2579556 0.9560192 0.1707884 -0.2384507 0.9473975 0.228678 -0.2239291 0.9366753 0.2717157 -0.2209302 0.9364877 0.2608021 -0.2344629 0.9463598 0.1786957 -0.2692043 0.9382711 -0.03298497 -0.3443246 0.7233432 -0.5128467 -0.4623449 0.05572277 -0.9095057 -0.4119396 -0.3848962 -0.881827 -0.2724629 -0.5244035 -0.8232968 -0.217217 -0.5713495 -0.7970146 -0.195774 -0.5895358 -0.7873819 -0.1802146 -0.59086 -0.7880871 -0.1726366 -0.5534754 -0.8125417 -0.1828683 -0.4356272 -0.8759472 -0.2072328 -0.2084439 -0.949356 -0.2351049 0.07799696 -0.9665698 -0.2442523 0.3083804 -0.9227402 -0.2311968 0.4464813 -0.8693472 -0.2118724 0.5201979 -0.8313271 -0.1956771 0.5670549 -0.8034442 -0.1814557 0.5822075 -0.784863 -0.2121901 0.4672244 -0.8157308 -0.3410055 0.1204839 -0.8443036 -0.5221447 -0.4948915 -0.5870877 -0.6406329 -0.8339329 -0.1053022 -0.5417262 -0.8799988 0.2205821 -0.4206489 -0.8620006 0.3732821 -0.3429511 -0.8694094 0.3927973 -0.2997292 -0.9162212 0.2860423 -0.2805683 -0.95841 0.1280944 -0.2550334 -0.9601284 -0.017843 -0.2789898 -0.9075117 -0.294477 -0.2995093 -0.9440889 -0.1675875 0.28392 -0.9627889 0.07725918 0.2589756 -0.9533215 0.1887474 0.2356957 -0.9583462 0.1701381 0.2294027 -0.9623351 0.1125137 0.247491 -0.9562203 0.07042694 0.2840472 -0.9388632 0.02167636 0.3436074 -0.8898707 -0.1210358 0.4398642 -0.6371282 -0.5327121 0.5570328 -0.115583 -0.876025 0.4682102 0.2240079 -0.9251989 0.3063127 0.3973457 -0.8900287 0.2235292 0.5204654 -0.831178 0.195599 0.5201978 -0.8313271 0.1956771 0.4464813 -0.8693472 0.2118724 0.3083804 -0.9227402 0.2311968 0.0779969 -0.9665698 0.2442523 -0.2084439 -0.949356 0.2351049 -0.4356272 -0.8759472 0.2072328 -0.5534754 -0.8125417 0.1828683 -0.59086 -0.7880871 0.1726366 -0.5668954 -0.8062642 0.1690198 -0.500218 -0.8472052 0.1789561 -0.4408413 -0.8755353 0.1977294 -0.3438225 -0.9076486 0.2407489 0.01276588 -0.9351636 0.3539862 0.67506 -0.6072602 0.4189618 0.9362565 -0.1426441 0.3210548 0.9646126 0.07031822 0.2541217 0.96077 0.1581597 0.2278298 0.9545719 0.1973005 0.2233049 0.9500219 0.2133938 0.2278628 0.9560192 0.1707884 0.2384507 0.9641274 0.06754833 0.2567015 0.9550845 -0.1187077 0.2715182 0.8591934 -0.4376354 0.2650697 0.7403736 -0.6331871 0.2256571 0.7535975 -0.6182991 0.2231523 0.7590132 -0.6106035 0.2259699 0.7715182 -0.5901117 0.2377558 0.8068917 -0.5273642 0.2661069 0.8751538 -0.3607637 0.322421 0.9164823 0.02353614 0.3993822 0.7352009 0.5441104 0.4042566 0.4553504 0.8256527 0.3330969 0.2840528 0.9170995 0.2797186 0.2036882 0.9454047 0.2544035 0.1758767 0.9531454 0.2461326 0.2659096 0.9254078 0.2700233 0.4399997 0.8457292 0.3018981 0.5768184 0.7543483 0.3134312 0.6823828 0.6632135 0.3074111 0.7599651 0.580681 0.2919977 0.8101597 0.5179106 0.2746086 0.8352248 0.4831842 0.2625504 0.8297013 0.4909363 0.2656636 0.7580764 0.577153 0.3036687 0.4279578 0.805994 0.4089327 -0.4370201 0.8053521 0.4005264 -0.8257126 0.5038594 0.2536226 -0.87135 0.4368998 0.223311 -0.8440318 0.479389 0.240409 -0.8126462 0.5230863 0.2568793 -0.7770211 0.5682101 0.2708791 -0.7329344 0.6186892 0.2828971 -0.6794322 0.6731444 0.2919737 -0.6147752 0.7305702 0.2971848 -0.5383245 0.7885315 0.2973632 -0.4506107 0.8438273 0.2913855 -0.3538105 0.892917 0.2784194 -0.2519494 0.9326638 0.2581853 -0.1506144 0.9612007 0.2311029 -0.1389496 0.9642944 0.2254536 -0.2541685 0.929538 0.2671281 -0.4732542 0.8078791 0.3512293 -0.805324 0.3822727 0.4531235 -0.883894 -0.2327448 0.4056615 -0.7930434 -0.5201728 0.317021 -0.7453163 -0.6080211 0.2735214 -0.741692 -0.618547 0.2594081 -0.7627383 -0.5920388 0.2602313 -0.7954223 -0.5436459 0.2678667 -0.8318251 -0.4808737 0.2771775 -0.8675068 -0.4081671 0.2843092 0 0 1 0.1301582 0.2451342 0.9607122 -0.4961754 -0.01730597 0.8680498 -0.5809799 0.02326095 0.8135855 0.4899864 -0.03300964 0.8711049 0.2994213 0.227961 0.9264883 -0.4974243 -0.05025219 0.8660507 -0.5076626 0.1940539 0.8394175 0.4926779 -0.09369361 0.8651533 0.3659435 0.2165299 0.9050968 -0.4901748 -0.09729969 0.8661764 -0.5123351 0.1859778 0.8384063 0.4720489 -0.1239473 0.8728154 0.3718867 0.2151395 0.9030035 -0.4753235 -0.1527997 0.8664409 -0.5113067 0.1445776 0.8471498 0.4010499 -0.1864687 0.896877 0.3478609 0.2223768 0.9107916 -0.4546553 -0.2043875 0.8668992 -0.5026898 0.07580989 0.8611363 0.2383573 -0.3301977 0.913321 0.3101984 0.2370191 0.9206513 -0.4303548 -0.2288575 0.873166 0.1122357 -0.4473897 0.8872686 0.266747 0.2592536 0.9282423 -0.4019998 -0.1913211 0.8954286 -0.0509786 -0.5581623 0.8281642 0.264177 0.2882449 0.9203941 -0.3612661 -0.05731695 0.9306995 -0.1840687 -0.5534272 0.8123036 0.2935086 0.3093683 0.9045131 -0.3066339 0.1367237 0.9419566 -0.3130766 -0.4866065 0.8155962 0.2543988 0.3736356 0.8920077 -0.2790881 0.2637408 0.9233366 -0.3461773 -0.4737609 0.8097603 0.1955422 0.4434928 0.874687 -0.2590405 0.375256 0.8899893 -0.3563997 -0.4753641 0.8043682 0.1818666 0.4428046 0.8779798 -0.2491906 0.4511216 0.8569675 -0.321599 -0.4721299 0.8207725 0.1892472 0.4064467 0.8938605 -0.2785152 0.4353243 0.8561087 -0.2322061 -0.4669147 0.8532707 0.2262547 0.3136036 0.9222048 -0.3290078 0.3792391 0.8648304 -0.1011964 -0.4608953 0.881666 0.2884353 0.1569471 0.9445489 -0.3657785 0.3307248 0.8699582 0.03676789 -0.4556434 0.8894028 0.3442318 0.00851196 0.9388461 -0.3913394 0.2895532 0.8735058 0.1516358 -0.4537267 0.878145 0.3870316 -0.08956855 0.9177058 -0.4078601 0.25577 0.8764883 0.2342265 -0.4560643 0.8585705 0.42457 -0.1570578 0.8916688 -0.4172834 0.2297121 0.879265 0.2887158 -0.4613962 0.8389021 0.4525699 -0.1951348 0.8701166 -0.4383264 0.2019366 0.8758376 0.2234637 -0.579876 0.7834588 0.4639565 -0.2115912 0.8602171 -0.4329859 0.1985436 0.8792632 -0.1108443 -0.6260237 0.7718859 0.4488984 -0.2200481 0.8660653 -0.4203127 0.2060918 0.8836647 -0.1780376 -0.5585788 0.8101187 0.3930628 -0.2431596 0.8867778 -0.4001345 0.2249413 0.8884221 -0.2260794 -0.4849395 0.8448206 0.3820909 -0.1805247 0.9063208 -0.402798 0.2287792 0.8862357 -0.3865179 -0.3873763 0.8369848 0.415429 -0.02386468 0.9093125 -0.4397822 0.2205092 0.8706132 -0.4271513 -0.4251079 0.7980133 0.4356948 0.03083592 0.8995661 -0.3779181 0.23061 0.8966587 -0.5216115 -0.3772764 0.7652347 0.4591276 0.08202099 0.8845759 -0.1354387 0.2495899 0.9588332 -0.5879018 -0.2426961 0.7716671 0.4746238 0.110409 0.8732365 0.1698974 -0.07082444 -0.9829134 0.1132734 -0.05656838 -0.9919523 0.06520926 -0.04317718 -0.9969371 0.03450059 -0.03365927 -0.9988377 0.04764956 -0.03433078 -0.998274 0.09649503 -0.0466488 -0.9942398 0.1652008 -0.06740659 -0.9839538 0.2286053 -0.09113609 -0.969244 0.2218298 -0.08670991 -0.9712224 0.2783998 -0.104936 -0.9547156 0.2654775 -0.09793138 -0.9591304 0.3154877 -0.1116066 -0.9423437 0.2954595 -0.1029267 -0.9497947 0.3414964 -0.1132866 -0.9330308 0.3062447 -0.1011779 -0.9465607 0.3564221 -0.110629 -0.9277524 -0.05471533 -0.2277929 -0.9721711 0.06477588 -0.0292747 -0.9974703 0.004087626 -0.05065554 -0.9987078 0.2575418 0.05309867 -0.9648071 -0.04998421 -0.1610267 -0.9856835 0.05170625 0.2464638 -0.9677717 0.05230742 -0.01633846 -0.9984974 -0.04882812 -0.1158369 -0.9920674 0.02408552 -0.07206916 -0.9971088 0.02560979 0.1867443 -0.9820747 0.3307242 0.3343577 -0.8825114 0.2679191 0.3093717 -0.912419 0.2579954 0.282682 -0.9238665 0.05550986 0.04487532 -0.9974492 0.03587019 0.03486251 -0.9987483 0.03106445 -0.06048578 -0.9976856 0.002800405 0.1170194 -0.9931257 0.2794094 0.2512268 -0.926723 0.191641 0.08343303 -0.9779124 0.2047076 0.1262595 -0.9706459 0.2707612 0.2033004 -0.9409343 0.05945843 0.05604124 -0.9966564 0.004622638 0.02614158 -0.9996476 0 0 -1 0 0 -1 0 0 -1 0 0 -1 0.02444624 -0.0390675 -0.9989376 0 0 -1 0 0 -1 0 0 -1 0 0 -1 0.01919996 0.01467049 -0.9997079 -0.001987934 -0.009054005 -0.999957 -0.009106457 0.002844393 -0.9999545 -3.6747e-4 -7.38898e-4 -0.9999997 -0.09157496 -0.01924973 -0.9956122 -0.1727818 -0.03109604 -0.9844691 -0.02027523 0.03519153 -0.9991749 0 0 -1 0 0 -1 0 0 -1 0.03057962 -0.05717808 -0.9978955 -0.2037506 -0.03743511 -0.9783068 -0.1018609 0.1862743 -0.9772033 -0.0576362 0.2089214 -0.9762325 -0.1224731 0.2453252 -0.9616735 -0.06616175 0.2131376 -0.9747795 3.42884e-4 0.1492971 -0.9887923 -0.05449676 0.1999754 -0.9782841 -0.006035029 0.1634514 -0.9865329 -0.07049608 0.1573558 -0.9850226 -0.01669138 0.03127187 -0.9993715 -0.210155 -0.02742016 -0.9772834 -0.2119807 -0.03743803 -0.9765565 -0.1654547 -0.003535926 -0.986211 -0.1245157 0.01954388 -0.9920251 -0.08314102 0.03960388 -0.9957505 -0.05032336 0.05314093 -0.9973182 -0.05616515 0.04876357 -0.9972299 -0.03306001 0.05951118 -0.99768 -0.1031246 0.02582108 -0.9943332 -0.1606016 -0.002400875 -0.9870164 -0.2132482 -0.02793258 -0.9765987 -0.2389168 -0.04420691 -0.9700333 -0.7913628 -0.5384767 -0.2894612 -0.745147 -0.6069531 -0.2763401 -0.7099779 -0.6539899 -0.2612064 -0.6881314 -0.6815051 -0.2490501 -0.6831665 -0.6878501 -0.2452461 -0.7046553 -0.6606678 -0.2588028 -0.7696673 -0.5598483 -0.3068912 -0.8728243 -0.2616619 -0.4119597 -0.7937027 0.3576371 -0.4920689 -0.4468455 0.7934114 -0.4133127 -0.2007009 0.9212053 -0.3333168 -0.05515325 0.9566586 -0.2859413 -0.0342831 0.9590795 -0.2810536 -0.1036302 0.9476772 -0.3019415 -0.1815224 0.9309408 -0.3168578 -0.2729366 0.9047853 -0.3269085 -0.3719727 0.8673807 -0.3305857 -0.4733723 0.8177708 -0.3273673 -0.5715075 0.7567046 -0.3174544 -0.6614273 0.6866025 -0.3018128 -0.7397258 0.6109881 -0.2819563 -0.8043682 0.5344333 -0.2595629 -0.8440318 0.4793891 -0.240409 -0.87135 0.4368998 -0.2233109 -0.8257125 0.5038596 -0.2536225 -0.4370221 0.8053508 -0.4005269 0.4279565 0.8059948 -0.4089324 0.7580761 0.5771535 -0.3036685 0.8297017 0.4909358 -0.2656641 0.8352246 0.4831846 -0.2625501 0.8101597 0.5179104 -0.2746087 0.7599651 0.5806811 -0.2919976 0.6823828 0.6632136 -0.307411 0.5466122 0.7766197 -0.3131723 0.3480715 0.8905257 -0.292934 0.171536 0.9548562 -0.2425389 0.1122143 0.9704874 -0.2134529 0.1597167 0.9623728 -0.2198387 0.2562907 0.9348868 -0.2455639 0.4361461 0.8476167 -0.3021959 0.7167349 0.5813053 -0.3851951 0.9093952 0.0743944 -0.4092259 0.8746872 -0.3326706 -0.3524945 0.794281 -0.5272229 -0.3019167 0.738725 -0.616124 -0.2732703 0.7060236 -0.6593031 -0.2585541 0.6879841 -0.6807304 -0.2515631 0.6796631 -0.6900369 -0.2488113 0.8256731 -0.4906358 -0.278461 0.9493083 -0.1422063 -0.2803411 0.9638833 0.06616061 -0.2579762 0.9560192 0.1707883 -0.2384506 0.9433382 0.237209 -0.2320449 0.9328249 0.279686 -0.2271861 0.9360713 0.2617486 -0.2350707 0.9484528 0.1721194 -0.2661055 0.9390429 -0.04535549 -0.3407953 0.7219184 -0.5156509 -0.4614522 0.03723019 -0.907706 -0.4179518 -0.3934946 -0.8760045 -0.2788872 -0.5242594 -0.8234414 -0.2170168 -0.5660313 -0.8023712 -0.1892327 -0.5848232 -0.7921506 -0.1745834 -0.5908604 -0.7880866 -0.1726371 -0.5534755 -0.8125417 -0.1828683 -0.4356268 -0.8759474 -0.2072326 -0.2084447 -0.9493557 -0.2351054 0.07799589 -0.9665701 -0.2442516 0.3083809 -0.92274 -0.2311972 0.4464811 -0.8693474 -0.2118721 0.5201978 -0.8313271 -0.1956771 0.5823472 -0.7847781 -0.2121204 0.6032056 -0.7592893 -0.2441775 0.4612661 -0.8217512 -0.3346021 0.09348618 -0.8550309 -0.510081 -0.5048305 -0.5625684 -0.6547236 -0.8215086 -0.05078172 -0.5679303 -0.868703 0.2395219 -0.4335716 -0.878355 0.3500082 -0.3255562 -0.9040667 0.3403609 -0.2584913 -0.9446417 0.2346482 -0.2293302 -0.9582332 0.1284783 -0.2555043 -0.9592031 -0.01485788 -0.2823273 -0.9074934 -0.2919338 -0.3020438 -0.9442673 -0.167244 0.2835291 -0.9628852 0.07758361 0.2585205 -0.9525417 0.190623 0.237333 -0.9548827 0.1767917 0.2386291 -0.9632506 0.1112786 0.2444697 -0.9632262 0.05897539 0.2621396 -0.9503712 -0.01436859 0.3107864 -0.8918325 -0.1807115 0.4147025 -0.6396206 -0.5314906 0.5553406 -0.05241274 -0.8618933 0.5043737 0.2457503 -0.8996388 0.360911 0.3946799 -0.8841263 0.250097 0.5178291 -0.8350481 0.1858708 0.5201978 -0.8313271 0.1956771 0.4464811 -0.8693474 0.2118721 0.3083809 -0.92274 0.2311972 0.07799589 -0.9665701 0.2442516 -0.2084447 -0.9493557 0.2351054 -0.4356268 -0.8759474 0.2072326 -0.5534755 -0.8125417 0.1828683 -0.5908604 -0.7880866 0.1726371 -0.5738689 -0.7993546 0.178064 -0.5054427 -0.8419393 0.1888544 -0.4409502 -0.8754198 0.1979975 -0.3340411 -0.9131815 0.2334868 0.03365433 -0.9367579 0.3483561 0.6767095 -0.6047245 0.4199672 0.9366037 -0.1317313 0.3246852 0.9634824 0.07526981 0.2569749 0.9609981 0.157548 0.2272912 0.9568985 0.1921631 0.2177583 0.9532213 0.2065086 0.2207335 0.9560192 0.1707883 0.2384506 0.9638268 0.06853419 0.2575674 0.9544671 -0.1120637 0.2764675 0.8536989 -0.4445281 0.2712805 0.7340364 -0.6351362 0.2404007 0.7505297 -0.6198828 0.229021 0.7592982 -0.6103925 0.2255823 0.7753801 -0.5864267 0.234285 0.813192 -0.5194244 0.2625207 0.8800232 -0.3505716 0.320404 0.9167529 0.02932977 0.3983765 0.7340218 0.5454545 0.404588 0.4537912 0.8264118 0.3333424 0.2838436 0.917149 0.2797688 0.2039784 0.9453723 0.2542913 0.1760315 0.9531396 0.2460444 0.2659043 0.9254061 0.2700343 0.4409552 0.8458286 0.3002206 0.5784848 0.7541072 0.3109304 0.6823828 0.6632136 0.307411 0.7599651 0.5806811 0.2919976 0.8101597 0.5179104 0.2746087 0.8352246 0.4831846 0.2625501 0.8297017 0.4909358 0.2656641 0.7580761 0.5771535 0.3036685 0.4279565 0.8059948 0.4089324 -0.4370221 0.8053508 0.4005269 -0.8257125 0.5038596 0.2536225 -0.87135 0.4368998 0.2233109 -0.8440318 0.4793891 0.240409 -0.8122321 0.5241526 0.2560138 -0.7766827 0.568944 0.2703083 -0.7331388 0.6185796 0.282607 -0.6794179 0.6731506 0.2919924 -0.614685 0.730601 0.2972954 -0.538275 0.7885438 0.2974199 -0.4506505 0.8438208 0.2913429 -0.3538765 0.8929119 0.2783523 -0.2518203 0.9326637 0.2583117 -0.1498618 0.9611462 0.2318177 -0.1376754 0.9640996 0.2270627 -0.2540051 0.9295535 0.26723 -0.4761907 0.8065454 0.3503239 -0.8060985 0.3811041 0.4527304 -0.8798956 -0.2433513 0.4081223 -0.7835829 -0.5314546 0.3217977 -0.7356446 -0.6164849 0.2806658 -0.7341171 -0.6241784 0.2673451 -0.7577447 -0.5953365 0.267203 -0.7926584 -0.545282 0.2726907 -0.8306563 -0.481512 0.2795644 -0.8672425 -0.4083135 0.2849044 -0.1220882 -0.1182588 0.9854488 -0.3290578 -0.3521586 0.876188 -0.4033107 -0.4196377 0.8131696 -0.4092866 -0.4266186 0.806524 -0.4062818 -0.406639 0.8182786 -0.3599983 -0.4029984 0.8414235 -0.1733714 -0.2423438 0.9545742 -0.01089721 0.01581203 0.9998157 -0.03033185 0.04847323 0.9983639 0.01477199 0.08735048 0.9960681 0.031771 0.1131876 0.9930655 -0.03450572 0.06718659 0.9971436 0.03072828 0.1478494 0.9885324 -0.02673989 0.08001154 0.9964352 0.04010474 0.2114615 0.9765632 -0.004325807 0.05360698 0.9985527 -0.06873041 0.03092849 0.9971557 3.80441e-5 1.7327e-4 1 -6.73568e-4 0.001228928 0.999999 -0.2996385 0.09899407 0.948903 1.73678e-4 -5.42493e-5 1 0 0 1 -0.3023182 0.1036728 0.9475525 -0.2450081 -0.04481214 0.9684849 0 0 1 0 0 1 -0.292244 0.104014 0.9506705 0 0 1 0.005462944 -0.009942948 0.9999356 0 0 1 -0.3407079 0.1067708 0.9340868 0 0 1 0 0 1 -0.2197824 0.08674973 0.9716842 -0.2485144 0.09324437 0.9641297 -0.247289 0.09232068 0.9645336 -0.2731751 0.1002855 0.9567226 0.08091372 -0.139205 0.9869523 0.1118726 -0.2233405 0.9682993 0.1109226 -0.2325275 0.9662438 0.1037178 -0.2162244 0.970819 0.09801316 -0.1827811 0.9782558 0.03749972 -0.1132676 0.9928566 0.004712641 -0.009237468 0.9999462 -0.1938806 0.08062481 0.9777065 -0.1767235 0.07608938 0.981315 -0.2128378 0.08252453 0.9735963 -0.1857278 0.07644087 0.9796234 -0.2778991 0.103446 0.9550241 -0.3341741 0.1108542 0.9359695 -0.3030119 0.1099196 0.9466264 -0.3215241 0.1120237 0.9402515 0.1288676 0.02447903 0.9913597 0.1898237 0.03961145 0.9810188 0.1231793 0.02444976 0.9920832 0.05171597 0.009892165 0.9986128 -0.05854535 0.01828688 0.9981172 0.2036145 0.03642904 0.9783731 0.1912718 0.02700018 0.9811657 0.1797535 0.02434849 0.9834102 0.1713083 0.01465994 0.9851084 0.153456 0.003834366 0.9881481 0.1468512 -0.001250624 0.9891579 0.142759 -0.002780556 0.9897536 0.1582059 0.005456864 0.987391 0.1708868 0.01453691 0.9851835 0.01995068 0.005230784 0.9997873 0.176496 0.03201091 0.9837807 -0.0584467 -0.2230227 0.9730595 -0.03594416 -0.1772314 0.9835126 -0.01291054 -0.1304187 0.991375 -0.04474359 -0.04348665 0.9980515 -0.01411151 -0.06449574 0.9978182 -0.02988862 -0.02283757 0.9992923 0 0 1 0 0 1 0 0 1 -0.00219959 -0.01116424 0.9999353 -0.00300312 -0.001919746 0.9999937 0 0 1 0 0 1 0.1301581 0.2451342 0.9607123 -0.4803249 -0.02547425 0.8767207 -0.544472 -0.3026307 0.7822818 0.4991172 0.1138641 0.8590209 0.2994211 0.2279611 0.9264883 -0.4923702 -0.05406874 0.8687049 -0.5447543 -0.04092842 0.8375963 0.5199187 0.009219586 0.854166 0.365944 0.2165296 0.9050967 -0.4968824 -0.08937108 0.8632038 -0.5089404 0.1967175 0.8380227 0.4772154 -0.1127141 0.8715279 0.3718867 0.2151396 0.9030035 -0.4912601 -0.122277 0.8623872 -0.5049363 0.1655325 0.8471354 0.3741293 -0.226969 0.8991732 0.3478609 0.2223768 0.9107916 -0.4742819 -0.1403946 0.8691065 -0.4872043 0.05822521 0.8713449 0.2398332 -0.3285586 0.9135257 0.3101984 0.2370192 0.9206513 -0.4454843 -0.1289137 0.8859599 0.01304769 -0.481806 0.8761808 0.266747 0.2592537 0.9282422 -0.4047024 -0.07510101 0.9113593 -0.1079027 -0.5631576 0.8192744 0.2294877 0.2848807 0.930687 -0.3541036 0.02060467 0.9349792 -0.1101527 -0.5820212 0.8056784 0.2480483 0.3034439 0.9199967 -0.2961189 0.1559832 0.9423284 -0.1712026 -0.5494671 0.817787 0.2420372 0.3715484 0.896309 -0.2238563 0.3374347 0.9143447 -0.3177703 -0.4877073 0.8131197 0.2161461 0.42826 0.8774248 -0.190573 0.4356874 0.8796922 -0.3563997 -0.4753642 0.8043682 0.2199296 0.4062608 0.8868952 -0.1968212 0.4734802 0.8585324 -0.3215987 -0.47213 0.8207725 0.2357816 0.3502382 0.9064989 -0.2497733 0.4503499 0.8572038 -0.2322064 -0.4669147 0.8532707 0.2657725 0.254001 0.9299723 -0.3198003 0.3833985 0.8664487 -0.1011962 -0.4608953 0.881666 0.3032422 0.1292657 0.9441051 -0.3707918 0.3288593 0.8685418 0.03676825 -0.4556432 0.8894028 0.3492418 -0.02855771 0.9365974 -0.4063484 0.2851944 0.8680697 0.1516357 -0.4537268 0.878145 0.3885341 -0.1711956 0.9053912 -0.4293026 0.2512047 0.8675226 0.2342261 -0.4560646 0.8585705 0.4143598 -0.2397011 0.8779803 -0.4415363 0.2262125 0.868259 0.2887161 -0.461396 0.8389022 0.4358704 -0.247378 0.8653445 -0.4284954 0.2215323 0.8759654 0.3223114 -0.4676797 0.8230377 0.4546632 -0.2256295 0.8616105 -0.4273279 0.2085395 0.8797171 0.03847855 -0.5255046 0.8499202 0.4639586 -0.2100589 0.8605914 -0.421804 0.2038552 0.8834729 -0.2740936 -0.5431862 0.793613 0.4473416 -0.2340545 0.8631941 -0.4134783 0.2086064 0.8862951 -0.4066307 -0.4049022 0.8189662 0.4207651 -0.138572 0.8965235 -0.4093205 0.2223435 0.8848842 -0.4508841 -0.3069965 0.8381268 0.4220592 -0.05621933 0.9048234 -0.4397821 0.2205093 0.8706132 -0.5739103 -0.1956821 0.7951952 0.4357833 0.03048914 0.8995351 -0.3779182 0.23061 0.8966587 -0.585193 -0.253207 0.7703476 0.4591276 0.08202087 0.8845758 -0.1354389 0.2495899 0.9588332 -0.5520833 -0.3414967 0.7606471</float_array>
          <technique_common>
            <accessor source="#Mesh_002-mesh-normals-array" count="668" stride="3">
              <param name="X" type="float"/>
              <param name="Y" type="float"/>
              <param name="Z" type="float"/>
            </accessor>
          </technique_common>
        </source>
        <vertices id="Mesh_002-mesh-vertices">
          <input semantic="POSITION" source="#Mesh_002-mesh-positions"/>
        </vertices>
        <triangles material="Material_002-material" count="668">
          <input semantic="VERTEX" source="#Mesh_002-mesh-vertices" offset="0"/>
          <input semantic="NORMAL" source="#Mesh_002-mesh-normals" offset="1"/>
          <p>52 0 305 0 53 0 134 1 135 1 149 1 169 2 84 2 168 2 170 3 85 3 169 3 170 4 87 4 86 4 171 5 88 5 87 5 172 6 89 6 88 6 173 7 90 7 89 7 174 8 91 8 90 8 175 9 92 9 91 9 177 10 92 10 176 10 178 11 93 11 177 11 179 12 94 12 178 12 180 13 95 13 179 13 181 14 96 14 180 14 182 15 97 15 181 15 182 16 99 16 98 16 183 17 100 17 99 17 184 18 101 18 100 18 185 19 102 19 101 19 186 20 103 20 102 20 187 21 104 21 103 21 188 22 105 22 104 22 189 23 106 23 105 23 190 24 107 24 106 24 191 25 108 25 107 25 192 26 109 26 108 26 193 27 110 27 109 27 195 28 110 28 194 28 196 29 111 29 195 29 197 30 112 30 196 30 198 31 113 31 197 31 199 32 114 32 198 32 200 33 115 33 199 33 201 34 116 34 200 34 202 35 117 35 201 35 203 36 118 36 202 36 203 37 120 37 119 37 204 38 121 38 120 38 205 39 122 39 121 39 206 40 123 40 122 40 207 41 124 41 123 41 208 42 125 42 124 42 210 43 125 43 209 43 211 44 126 44 210 44 212 45 127 45 211 45 213 46 128 46 212 46 214 47 129 47 213 47 215 48 130 48 214 48 216 49 131 49 215 49 216 50 133 50 132 50 217 51 134 51 133 51 218 52 135 52 134 52 219 53 136 53 135 53 220 54 137 54 136 54 221 55 138 55 137 55 222 56 139 56 138 56 223 57 140 57 139 57 224 58 141 58 140 58 225 59 142 59 141 59 227 60 142 60 226 60 228 61 143 61 227 61 229 62 144 62 228 62 230 63 145 63 229 63 231 64 146 64 230 64 232 65 147 65 231 65 233 66 148 66 232 66 234 67 149 67 233 67 235 68 150 68 234 68 235 69 152 69 151 69 236 70 153 70 152 70 237 71 154 71 153 71 238 72 155 72 154 72 239 73 156 73 155 73 240 74 157 74 156 74 241 75 158 75 157 75 242 76 159 76 158 76 244 77 159 77 243 77 245 78 160 78 244 78 246 79 161 79 245 79 247 80 162 80 246 80 248 81 163 81 247 81 249 82 164 82 248 82 250 83 165 83 249 83 251 84 166 84 250 84 168 85 167 85 251 85 0 86 251 86 83 86 83 87 250 87 82 87 81 88 250 88 249 88 80 89 249 89 248 89 79 90 248 90 247 90 78 91 247 91 246 91 77 92 246 92 245 92 76 93 245 93 244 93 76 94 243 94 75 94 75 95 242 95 74 95 74 96 241 96 73 96 73 97 240 97 72 97 72 98 239 98 71 98 71 99 238 99 70 99 70 100 237 100 69 100 69 101 236 101 68 101 68 102 235 102 67 102 66 103 235 103 234 103 65 104 234 104 233 104 64 105 233 105 232 105 63 106 232 106 231 106 62 107 231 107 230 107 61 108 230 108 229 108 60 109 229 109 228 109 59 110 228 110 227 110 58 111 227 111 226 111 58 112 225 112 57 112 57 113 224 113 56 113 56 114 223 114 55 114 55 115 222 115 54 115 54 116 221 116 53 116 53 117 220 117 52 117 52 118 219 118 51 118 51 119 218 119 50 119 50 120 217 120 49 120 48 121 217 121 216 121 47 122 216 122 215 122 46 123 215 123 214 123 45 124 214 124 213 124 44 125 213 125 212 125 43 126 212 126 211 126 42 127 211 127 210 127 41 128 210 128 209 128 41 129 208 129 40 129 40 130 207 130 39 130 39 131 206 131 38 131 38 132 205 132 37 132 37 133 204 133 36 133 36 134 203 134 35 134 35 135 202 135 34 135 34 136 201 136 33 136 32 137 201 137 200 137 31 138 200 138 199 138 30 139 199 139 198 139 29 140 198 140 197 140 28 141 197 141 196 141 27 142 196 142 195 142 26 143 195 143 194 143 26 144 193 144 25 144 25 145 192 145 24 145 24 146 191 146 23 146 23 147 190 147 22 147 22 148 189 148 21 148 21 149 188 149 20 149 19 150 188 150 187 150 18 151 187 151 186 151 17 152 186 152 185 152 16 153 185 153 184 153 15 154 184 154 183 154 14 155 183 155 182 155 13 156 182 156 181 156 12 157 181 157 180 157 11 158 180 158 179 158 10 159 179 159 178 159 9 160 178 160 177 160 8 161 177 161 176 161 8 162 175 162 7 162 7 163 174 163 6 163 6 164 173 164 5 164 5 165 172 165 4 165 4 166 171 166 3 166 3 167 170 167 2 167 2 168 169 168 1 168 1 169 168 169 0 169 282 170 281 170 275 170 27 171 278 171 279 171 0 172 253 172 1 172 80 173 331 173 332 173 53 174 306 174 54 174 28 175 279 175 280 175 1 176 254 176 2 176 81 177 332 177 333 177 54 178 307 178 55 178 29 179 280 179 281 179 2 180 255 180 3 180 82 181 333 181 334 181 55 182 308 182 56 182 30 183 281 183 282 183 3 184 256 184 4 184 83 185 334 185 335 185 56 186 309 186 57 186 31 187 282 187 283 187 4 188 257 188 5 188 83 189 252 189 0 189 57 190 310 190 58 190 32 191 283 191 284 191 5 192 258 192 6 192 59 193 310 193 311 193 33 194 284 194 285 194 6 195 259 195 7 195 60 196 311 196 312 196 33 197 286 197 34 197 7 198 260 198 8 198 61 199 312 199 313 199 34 200 287 200 35 200 9 201 260 201 261 201 62 202 313 202 314 202 35 203 288 203 36 203 10 204 261 204 262 204 63 205 314 205 315 205 36 206 289 206 37 206 11 207 262 207 263 207 64 208 315 208 316 208 37 209 290 209 38 209 12 210 263 210 264 210 65 211 316 211 317 211 38 212 291 212 39 212 13 213 264 213 265 213 66 214 317 214 318 214 39 215 292 215 40 215 14 216 265 216 266 216 67 217 318 217 319 217 40 218 293 218 41 218 15 219 266 219 267 219 67 220 320 220 68 220 42 221 293 221 294 221 16 222 267 222 268 222 68 223 321 223 69 223 43 224 294 224 295 224 17 225 268 225 269 225 69 226 322 226 70 226 44 227 295 227 296 227 18 228 269 228 270 228 70 229 323 229 71 229 45 230 296 230 297 230 18 231 271 231 19 231 71 232 324 232 72 232 46 233 297 233 298 233 19 234 272 234 20 234 72 235 325 235 73 235 47 236 298 236 299 236 20 237 273 237 21 237 73 238 326 238 74 238 48 239 299 239 300 239 21 240 274 240 22 240 74 241 327 241 75 241 49 242 300 242 301 242 22 243 275 243 23 243 76 244 327 244 328 244 49 245 302 245 50 245 23 246 276 246 24 246 77 247 328 247 329 247 50 248 303 248 51 248 24 249 277 249 25 249 78 250 329 250 330 250 51 251 304 251 52 251 25 252 278 252 26 252 79 253 330 253 331 253 52 254 304 254 305 254 88 255 89 255 96 255 89 256 90 256 95 256 90 257 91 257 94 257 91 258 92 258 93 258 94 259 91 259 93 259 94 260 95 260 90 260 95 261 96 261 89 261 96 262 97 262 88 262 87 263 88 263 97 263 87 264 97 264 98 264 86 265 87 265 98 265 86 266 98 266 99 266 85 267 86 267 99 267 85 268 99 268 100 268 84 269 85 269 100 269 84 270 100 270 101 270 167 271 84 271 152 271 84 272 101 272 152 272 152 273 101 273 151 273 101 274 102 274 151 274 166 275 167 275 154 275 102 276 103 276 117 276 151 277 102 277 117 277 165 278 166 278 155 278 167 279 152 279 153 279 103 280 104 280 116 280 162 281 163 281 157 281 163 282 164 282 156 282 157 283 163 283 156 283 164 284 165 284 155 284 117 285 103 285 116 285 167 286 153 286 154 286 104 287 105 287 115 287 161 288 162 288 157 288 159 289 160 289 158 289 160 290 161 290 158 290 157 291 158 291 161 291 155 292 156 292 164 292 105 293 106 293 115 293 107 294 108 294 113 294 108 295 109 295 112 295 112 296 109 296 111 296 106 297 107 297 114 297 154 298 155 298 166 298 106 299 114 299 115 299 113 300 108 300 112 300 109 301 110 301 111 301 113 302 114 302 107 302 116 303 104 303 115 303 150 304 151 304 133 304 151 305 117 305 133 305 149 306 150 306 134 306 133 307 117 307 118 307 133 308 118 308 132 308 146 309 147 309 136 309 147 310 148 310 135 310 136 311 147 311 135 311 148 312 149 312 135 312 150 313 133 313 134 313 118 314 119 314 132 314 145 315 146 315 137 315 143 316 144 316 140 316 144 317 145 317 138 317 139 318 144 318 138 318 141 319 142 319 143 319 139 320 140 320 144 320 140 321 141 321 143 321 137 322 138 322 145 322 136 323 137 323 146 323 119 324 120 324 130 324 132 325 119 325 131 325 120 326 121 326 129 326 121 327 122 327 128 327 122 328 123 328 127 328 123 329 124 329 126 329 127 330 123 330 126 330 124 331 125 331 126 331 127 332 128 332 122 332 128 333 129 333 121 333 129 334 130 334 120 334 130 335 131 335 119 335 169 336 85 336 84 336 170 337 86 337 85 337 170 338 171 338 87 338 171 339 172 339 88 339 172 340 173 340 89 340 173 341 174 341 90 341 174 342 175 342 91 342 175 343 176 343 92 343 177 344 93 344 92 344 178 345 94 345 93 345 179 346 95 346 94 346 180 347 96 347 95 347 181 348 97 348 96 348 182 349 98 349 97 349 182 350 183 350 99 350 183 351 184 351 100 351 184 352 185 352 101 352 185 353 186 353 102 353 186 354 187 354 103 354 187 355 188 355 104 355 188 356 189 356 105 356 189 357 190 357 106 357 190 358 191 358 107 358 191 359 192 359 108 359 192 360 193 360 109 360 193 361 194 361 110 361 195 362 111 362 110 362 196 363 112 363 111 363 197 364 113 364 112 364 198 365 114 365 113 365 199 366 115 366 114 366 200 367 116 367 115 367 201 368 117 368 116 368 202 369 118 369 117 369 203 370 119 370 118 370 203 371 204 371 120 371 204 372 205 372 121 372 205 373 206 373 122 373 206 374 207 374 123 374 207 375 208 375 124 375 208 376 209 376 125 376 210 377 126 377 125 377 211 378 127 378 126 378 212 379 128 379 127 379 213 380 129 380 128 380 214 381 130 381 129 381 215 382 131 382 130 382 216 383 132 383 131 383 216 384 217 384 133 384 217 385 218 385 134 385 218 386 219 386 135 386 219 387 220 387 136 387 220 388 221 388 137 388 221 389 222 389 138 389 222 390 223 390 139 390 223 391 224 391 140 391 224 392 225 392 141 392 225 393 226 393 142 393 227 394 143 394 142 394 228 395 144 395 143 395 229 396 145 396 144 396 230 397 146 397 145 397 231 398 147 398 146 398 232 399 148 399 147 399 233 400 149 400 148 400 234 401 150 401 149 401 235 402 151 402 150 402 235 403 236 403 152 403 236 404 237 404 153 404 237 405 238 405 154 405 238 406 239 406 155 406 239 407 240 407 156 407 240 408 241 408 157 408 241 409 242 409 158 409 242 410 243 410 159 410 244 411 160 411 159 411 245 412 161 412 160 412 246 413 162 413 161 413 247 414 163 414 162 414 248 415 164 415 163 415 249 416 165 416 164 416 250 417 166 417 165 417 251 418 167 418 166 418 168 419 84 419 167 419 0 420 168 420 251 420 83 421 251 421 250 421 81 422 82 422 250 422 80 423 81 423 249 423 79 424 80 424 248 424 78 425 79 425 247 425 77 426 78 426 246 426 76 427 77 427 245 427 76 428 244 428 243 428 75 429 243 429 242 429 74 430 242 430 241 430 73 431 241 431 240 431 72 432 240 432 239 432 71 433 239 433 238 433 70 434 238 434 237 434 69 435 237 435 236 435 68 436 236 436 235 436 66 437 67 437 235 437 65 438 66 438 234 438 64 439 65 439 233 439 63 440 64 440 232 440 62 441 63 441 231 441 61 442 62 442 230 442 60 443 61 443 229 443 59 444 60 444 228 444 58 445 59 445 227 445 58 446 226 446 225 446 57 447 225 447 224 447 56 448 224 448 223 448 55 449 223 449 222 449 54 450 222 450 221 450 53 451 221 451 220 451 52 452 220 452 219 452 51 453 219 453 218 453 50 454 218 454 217 454 48 455 49 455 217 455 47 456 48 456 216 456 46 457 47 457 215 457 45 458 46 458 214 458 44 459 45 459 213 459 43 460 44 460 212 460 42 461 43 461 211 461 41 462 42 462 210 462 41 463 209 463 208 463 40 464 208 464 207 464 39 465 207 465 206 465 38 466 206 466 205 466 37 467 205 467 204 467 36 468 204 468 203 468 35 469 203 469 202 469 34 470 202 470 201 470 32 471 33 471 201 471 31 472 32 472 200 472 30 473 31 473 199 473 29 474 30 474 198 474 28 475 29 475 197 475 27 476 28 476 196 476 26 477 27 477 195 477 26 478 194 478 193 478 25 479 193 479 192 479 24 480 192 480 191 480 23 481 191 481 190 481 22 482 190 482 189 482 21 483 189 483 188 483 19 484 20 484 188 484 18 485 19 485 187 485 17 486 18 486 186 486 16 487 17 487 185 487 15 488 16 488 184 488 14 489 15 489 183 489 13 490 14 490 182 490 12 491 13 491 181 491 11 492 12 492 180 492 10 493 11 493 179 493 9 494 10 494 178 494 8 495 9 495 177 495 8 496 176 496 175 496 7 497 175 497 174 497 6 498 174 498 173 498 5 499 173 499 172 499 4 500 172 500 171 500 3 501 171 501 170 501 2 502 170 502 169 502 1 503 169 503 168 503 332 504 331 504 324 504 331 505 330 505 325 505 330 506 329 506 326 506 329 507 328 507 326 507 328 508 327 508 326 508 326 509 325 509 330 509 325 510 324 510 331 510 324 511 323 511 332 511 323 512 322 512 334 512 332 513 323 513 333 513 333 514 323 514 334 514 322 515 321 515 335 515 334 516 322 516 335 516 321 517 320 517 335 517 335 518 320 518 252 518 320 519 319 519 269 519 252 520 320 520 269 520 319 521 318 521 301 521 301 522 318 522 302 522 253 523 252 523 268 523 319 524 301 524 285 524 318 525 317 525 302 525 254 526 253 526 267 526 269 527 319 527 270 527 316 528 315 528 303 528 315 529 314 529 304 529 255 530 254 530 266 530 315 531 304 531 303 531 314 532 313 532 305 532 304 533 314 533 305 533 252 534 269 534 268 534 317 535 316 535 303 535 302 536 317 536 303 536 258 537 257 537 263 537 257 538 256 538 264 538 263 539 257 539 264 539 256 540 255 540 265 540 313 541 312 541 306 541 312 542 311 542 308 542 311 543 310 543 309 543 308 544 311 544 309 544 308 545 307 545 312 545 307 546 306 546 312 546 306 547 305 547 313 547 259 548 258 548 262 548 261 549 260 549 259 549 263 550 262 550 258 550 262 551 261 551 259 551 265 552 264 552 256 552 267 553 253 553 268 553 266 554 265 554 255 554 267 555 266 555 254 555 300 556 299 556 287 556 299 557 298 557 287 557 300 558 287 558 286 558 301 559 300 559 286 559 270 560 319 560 285 560 298 561 297 561 288 561 297 562 296 562 289 562 288 563 297 563 289 563 296 564 295 564 290 564 295 565 294 565 291 565 291 566 294 566 292 566 294 567 293 567 292 567 291 568 290 568 295 568 290 569 289 569 296 569 285 570 301 570 286 570 288 571 287 571 298 571 271 572 270 572 285 572 272 573 271 573 284 573 273 574 272 574 283 574 271 575 285 575 284 575 274 576 273 576 283 576 272 577 284 577 283 577 277 578 276 578 280 578 276 579 275 579 281 579 280 580 276 580 281 580 275 581 274 581 282 581 274 582 283 582 282 582 278 583 277 583 279 583 280 584 279 584 277 584 27 585 26 585 278 585 0 586 252 586 253 586 80 587 79 587 331 587 53 588 305 588 306 588 28 589 27 589 279 589 1 590 253 590 254 590 81 591 80 591 332 591 54 592 306 592 307 592 29 593 28 593 280 593 2 594 254 594 255 594 82 595 81 595 333 595 55 596 307 596 308 596 30 597 29 597 281 597 3 598 255 598 256 598 83 599 82 599 334 599 56 600 308 600 309 600 31 601 30 601 282 601 4 602 256 602 257 602 83 603 335 603 252 603 57 604 309 604 310 604 32 605 31 605 283 605 5 606 257 606 258 606 59 607 58 607 310 607 33 608 32 608 284 608 6 609 258 609 259 609 60 610 59 610 311 610 33 611 285 611 286 611 7 612 259 612 260 612 61 613 60 613 312 613 34 614 286 614 287 614 9 615 8 615 260 615 62 616 61 616 313 616 35 617 287 617 288 617 10 618 9 618 261 618 63 619 62 619 314 619 36 620 288 620 289 620 11 621 10 621 262 621 64 622 63 622 315 622 37 623 289 623 290 623 12 624 11 624 263 624 65 625 64 625 316 625 38 626 290 626 291 626 13 627 12 627 264 627 66 628 65 628 317 628 39 629 291 629 292 629 14 630 13 630 265 630 67 631 66 631 318 631 40 632 292 632 293 632 15 633 14 633 266 633 67 634 319 634 320 634 42 635 41 635 293 635 16 636 15 636 267 636 68 637 320 637 321 637 43 638 42 638 294 638 17 639 16 639 268 639 69 640 321 640 322 640 44 641 43 641 295 641 18 642 17 642 269 642 70 643 322 643 323 643 45 644 44 644 296 644 18 645 270 645 271 645 71 646 323 646 324 646 46 647 45 647 297 647 19 648 271 648 272 648 72 649 324 649 325 649 47 650 46 650 298 650 20 651 272 651 273 651 73 652 325 652 326 652 48 653 47 653 299 653 21 654 273 654 274 654 74 655 326 655 327 655 49 656 48 656 300 656 22 657 274 657 275 657 76 658 75 658 327 658 49 659 301 659 302 659 23 660 275 660 276 660 77 661 76 661 328 661 50 662 302 662 303 662 24 663 276 663 277 663 78 664 77 664 329 664 51 665 303 665 304 665 25 666 277 666 278 666 79 667 78 667 330 667</p>
        </triangles>
      </mesh>
    </geometry>
    <geometry id="Mesh_001-mesh" name="Mesh.001">
      <mesh>
        <source id="Mesh_001-mesh-positions">
          <float_array id="Mesh_001-mesh-positions-array" count="1008">-0.7155789 -0.6540896 -0.03004372 -0.7793455 -0.5427436 -0.01843237 -0.8503472 -0.4442118 -0.00935024 -0.9241511 -0.3575053 -0.003266811 -0.9961341 -0.281677 -3.36667e-4 -1.061242 -0.215874 0 -1.113397 -0.1594683 0 -1.14768 -0.1115776 0 -1.159375 -0.07127517 0 -1.143765 -0.03763413 0 -1.096133 -0.009727776 0 -1.011765 0.01337069 0 -0.8859424 0.03258788 0 -0.7887624 0.04894661 0 -0.6973865 0.07403576 0 -0.6115476 0.1075534 0 -0.5309786 0.1491973 0 -0.4554123 0.1986657 0 -0.3845816 0.2556565 0 -0.3182196 0.3198677 0 -0.2560589 0.3909972 0 -0.1978325 0.4687431 0 -0.1432734 0.5528034 0 -0.09211444 0.642876 0 -0.04408836 0.7386589 0 -0.003606677 0.8049994 0 0.03317147 0.8249568 0 0.0694999 0.8056676 0 0.1086325 0.7542681 0 0.1538229 0.6778943 0 0.2083251 0.5836827 0 0.2759027 0.4786578 8.45014e-4 0.3504915 0.3719996 -0.01290941 0.4312391 0.2717455 -0.04806965 0.5229992 0.1846804 -0.1019838 0.6329125 0.1170883 -0.1682093 0.7722148 0.07435435 -0.2335157 0.8411324 0.06166517 -0.2548957 0.9014204 0.04852366 -0.2678057 0.9505254 0.03299772 -0.2746097 0.9858108 0.01317346 -0.2778086 1.00502 -0.01294642 -0.2792733 1.006633 -0.04752051 -0.279656 0.9901496 -0.09293168 -0.2779143 0.9563401 -0.1518409 -0.2709043 0.9072091 -0.2271801 -0.2534341 0.8452076 -0.3219793 -0.219572 0.765502 -0.4376704 -0.1754609 0.6578636 -0.5745016 -0.1361862 0.6265854 -0.6354094 -0.1309407 0.6107999 -0.7155741 -0.1388407 0.6052769 -0.8091356 -0.1591569 0.6060956 -0.9105211 -0.1889897 0.6098828 -1.014278 -0.224532 0.6133669 -1.114975 -0.2618084 0.6178193 -1.20818 -0.2893133 0.6190776 -1.288265 -0.3045473 0.6099955 -1.348952 -0.3099576 0.5827137 -1.383802 -0.3091723 0.5312155 -1.386784 -0.3027663 0.4538313 -1.352817 -0.2841089 0.3490015 -1.281826 -0.237411 0.2715856 -1.217121 -0.1879401 0.210772 -1.15942 -0.144947 0.1602165 -1.110423 -0.1102782 0.114979 -1.072135 -0.08345276 0.07049685 -1.046644 -0.06336396 0.02222836 -1.036044 -0.04887074 -0.03458523 -1.042381 -0.03919136 -0.1051883 -1.067594 -0.03434926 -0.1958256 -1.113402 -0.03602606 -0.3143625 -1.18117 -0.04858934 -0.4626107 -1.273591 -0.06637334 -0.6216179 -1.368469 -0.08018094 -0.7296141 -1.413634 -0.08510988 -0.7968247 -1.415473 -0.08695864 -0.8316085 -1.380781 -0.08843171 -0.8405571 -1.316741 -0.08930486 -0.8292912 -1.230751 -0.08774411 -0.8036606 -1.130156 -0.08229559 -0.7703666 -1.022116 -0.07291656 -0.7369543 -0.9136053 -0.06096297 -0.7114382 -0.8114953 -0.0485689 -0.7017927 -0.7226662 -0.03780174 -0.7139624 -0.6544442 -0.2073644 -0.7781364 -0.5430088 -0.1964283 -0.8495249 -0.4443922 -0.1879872 -0.923692 -0.3576061 -0.1825058 -0.9960099 -0.2817043 -0.1801309 -1.061242 -0.215874 -0.18 -1.113397 -0.1594683 -0.18 -1.14768 -0.1115776 -0.18 -1.159375 -0.07127517 -0.18 -1.143765 -0.03763413 -0.18 -1.096133 -0.009727776 -0.18 -1.011765 0.01337069 -0.18 -0.8859424 0.03258788 -0.18 -0.7887624 0.04894661 -0.18 -0.6973865 0.07403576 -0.18 -0.6115476 0.1075534 -0.18 -0.5309786 0.1491973 -0.18 -0.4554123 0.1986657 -0.18 -0.3845816 0.2556565 -0.18 -0.3182196 0.3198677 -0.18 -0.2560589 0.3909972 -0.18 -0.1978325 0.4687431 -0.18 -0.1432734 0.5528034 -0.18 -0.09211444 0.642876 -0.18 -0.04408836 0.7386589 -0.18 -0.003606677 0.8049994 -0.18 0.03317147 0.8249568 -0.18 0.0694999 0.8056676 -0.18 0.1086325 0.7542681 -0.18 0.1538229 0.6778943 -0.18 0.208646 0.5836123 -0.179468 0.276871 0.4784454 -0.17755 0.3506149 0.3719726 -0.1927051 0.4299283 0.272033 -0.2302424 0.5193735 0.1854757 -0.2879934 0.6258982 0.1186269 -0.3598355 0.7609463 0.07682615 -0.4321932 0.8281211 0.06451928 -0.4564618 0.887185 0.05164623 -0.4714009 0.9355497 0.03628271 -0.4794319 0.9704405 0.01654499 -0.483285 0.9894295 -0.009526491 -0.4851148 0.9909377 -0.04407769 -0.4856707 0.9746822 -0.08953881 -0.4835516 0.9417696 -0.1486448 -0.475055 0.8944598 -0.2243835 -0.4545662 0.8352329 -0.3197913 -0.4161051 0.7618398 -0.436867 -0.361531 0.6585184 -0.5746452 -0.3151009 0.6278676 -0.6356906 -0.3088155 0.6123326 -0.7159103 -0.3163004 0.6065294 -0.8094103 -0.3370808 0.6066442 -0.9106414 -0.3680804 0.6097864 -1.014257 -0.4046918 0.6133669 -1.114975 -0.4418084 0.6178193 -1.20818 -0.4693133 0.6190775 -1.288265 -0.4845474 0.6099955 -1.348952 -0.4899575 0.5827137 -1.383802 -0.4891723 0.5312155 -1.386784 -0.4827663 0.4538312 -1.352817 -0.464109 0.3490015 -1.281826 -0.417411 0.2716776 -1.217141 -0.3677876 0.2114159 -1.159562 -0.3238797 0.1611452 -1.110627 -0.288739 0.1160449 -1.072369 -0.261686 0.07165163 -1.046898 -0.2414499 0.02347671 -1.036318 -0.2268016 -0.03321307 -1.042682 -0.216917 -0.1036496 -1.067931 -0.2117989 -0.1940489 -1.113792 -0.2130812 -0.31216 -1.181653 -0.2249386 -0.4598371 -1.274199 -0.2417761 -0.6183221 -1.369192 -0.2547182 -0.726081 -1.414409 -0.2592537 -0.7931852 -1.416271 -0.2609261 -0.8278706 -1.381601 -0.2622361 -0.8367486 -1.317577 -0.2629923 -0.8256013 -1.23156 -0.2616282 -0.8002689 -1.1309 -0.2566738 -0.7673613 -1.022775 -0.2479352 -0.7343605 -0.9141743 -0.2366637 -0.7092362 -0.8119783 -0.2249191 -0.6999267 -0.7230755 -0.2147088 -0.7416582 -0.6626617 -0.1206732 -0.8075872 -0.5473048 -0.1083852 -0.8811081 -0.4452069 -0.09887355 -0.9576843 -0.3553308 -0.09272062 -1.032543 -0.2766906 -0.09011739 -1.100156 -0.2084666 -0.08999997 -1.154206 -0.1500119 -0.08999997 -1.189734 -0.1003816 -0.08999997 -1.201854 -0.05861514 -0.08999997 -1.185676 -0.02375209 -0.08999997 -1.136315 0.005167961 -0.08999997 -1.048881 0.02910554 -0.08999997 -0.9184888 0.04902082 -0.08999997 -0.8177787 0.06597381 -0.08999997 -0.7230834 0.09197431 -0.08999997 -0.6341264 0.1267095 -0.08999997 -0.5506306 0.1698662 -0.08999997 -0.4723194 0.2211315 -0.08999997 -0.3989158 0.2801925 -0.08999997 -0.330143 0.3467362 -0.08999997 -0.2657244 0.4204495 -0.08999997 -0.2053829 0.5010196 -0.08999997 -0.1488419 0.5881335 -0.08999997 -0.09582453 0.681478 -0.08999997 -0.04605388 0.7807403 -0.08999997 -0.004101634 0.8494905 -0.08999997 0.03401243 0.8701731 -0.08999997 0.07166051 0.8501831 -0.08999997 0.1122146 0.7969164 -0.08999997 0.1590466 0.7177684 -0.08999997 0.2155476 0.6201303 -0.08996862 0.2859985 0.5111985 -0.08839923 0.362963 0.4007391 -0.1032066 0.4451991 0.29716 -0.1420386 0.5380311 0.2074284 -0.2016594 0.6495597 0.1379024 -0.274231 0.7929177 0.09383648 -0.3435748 0.8648799 0.08056765 -0.3648344 0.9283326 0.06673496 -0.3765979 0.9803001 0.05040842 -0.381861 1.017701 0.0296812 -0.3837946 1.037925 0.002542972 -0.3847871 1.039265 -0.03321433 -0.3857328 1.021255 -0.08007168 -0.385465 0.9849947 -0.1408525 -0.3802279 0.9331069 -0.2187152 -0.3637341 0.8686847 -0.3169211 -0.3289214 0.7885061 -0.4373461 -0.2791926 0.6781414 -0.5794075 -0.2365292 0.6457685 -0.6425368 -0.2310245 0.629325 -0.725595 -0.2393515 0.6233515 -0.8225004 -0.2608202 0.6239623 -0.9275166 -0.2921305 0.6279376 -1.035053 -0.3288801 0.632466 -1.13961 -0.3659893 0.6387559 -1.236568 -0.3917155 0.6419818 -1.319984 -0.4043175 0.6341121 -1.383213 -0.407368 0.6063157 -1.419434 -0.4057645 0.5518987 -1.422294 -0.4008631 0.4693669 -1.386581 -0.3854008 0.3582301 -1.312463 -0.3411487 0.2772145 -1.245234 -0.2911859 0.2144106 -1.185486 -0.2462686 0.1624096 -1.134795 -0.2096924 0.1160032 -1.09522 -0.1811062 0.07042104 -1.068917 -0.1594327 0.02094185 -1.058051 -0.1435134 -0.03736501 -1.064743 -0.1325369 -0.1099384 -1.091002 -0.1265338 -0.2033013 -1.138598 -0.1273317 -0.325758 -1.208913 -0.1397115 -0.4787682 -1.304827 -0.1571084 -0.6423594 -1.403414 -0.1694419 -0.7533051 -1.450433 -0.1729362 -0.8224868 -1.452442 -0.1740725 -0.8585468 -1.416486 -0.1756201 -0.8682554 -1.350025 -0.1772458 -0.8573676 -1.260739 -0.1769336 -0.8316425 -1.156306 -0.1726735 -0.7978028 -1.044196 -0.164054 -0.7635996 -0.9316507 -0.1523672 -0.7373617 -0.8257865 -0.1398627 -0.7274165 -0.7337195 -0.1287883 -0.5988216 -0.6170847 0.02791023 -0.6535163 -0.5232223 0.03589004 -0.7139979 -0.4402002 0.04223531 -0.7763601 -0.3672257 0.04684746 -0.8366447 -0.3035181 0.0497139 -0.8908162 -0.2483133 0.05095016 -0.9346148 -0.2008965 0.05104386 -0.963442 -0.1606271 0.05104386 -0.9732755 -0.1267385 0.05104386 -0.9601495 -0.09845119 0.05104386 -0.9200983 -0.07498586 0.05104386 -0.8491562 -0.05556333 0.05104386 -0.7433575 -0.03940433 0.05104386 -0.6616429 -0.02564895 0.05104386 -0.5848087 -0.004552543 0.05104386 -0.5126303 0.02363097 0.05104386 -0.4448832 0.05864763 0.05104386 -0.3813426 0.1002435 0.05104386 -0.3217841 0.1481647 0.05104386 -0.265983 0.2021572 0.05104386 -0.2137146 0.261967 0.05104386 -0.1647545 0.3273404 0.05104386 -0.1188781 0.3980231 0.05104386 -0.07586061 0.4737614 0.05104386 -0.03547745 0.5543013 0.05104386 -0.001438081 0.6100842 0.05104386 0.02948707 0.6268656 0.05104386 0.06003415 0.6106461 0.05104386 0.09293907 0.5674263 0.05104386 0.1309379 0.503207 0.05104386 0.1768979 0.4239595 0.05126166 0.2331042 0.3357837 0.05094981 0.2958046 0.2461032 0.03935396 0.3663328 0.1612265 0.01414996 0.4474752 0.08714306 -0.0245788 0.5429209 0.02964431 -0.07525235 0.6582055 -0.005883276 -0.1332304 0.7127842 -0.01581358 -0.1567957 0.7595024 -0.02599167 -0.1742407 0.79706 -0.03822803 -0.1861489 0.824025 -0.05430406 -0.1933222 0.8390844 -0.07602739 -0.1963654 0.841278 -0.1052832 -0.1952986 0.8301801 -0.1440733 -0.1892561 0.8059709 -0.1945332 -0.1763675 0.7692894 -0.2588987 -0.154002 0.7205983 -0.3393667 -0.1198213 0.6548023 -0.4369152 -0.0806995 0.5661921 -0.5523873 -0.04452842 0.5404836 -0.603732 -0.03913658 0.5277833 -0.6712649 -0.04482942 0.5236018 -0.7500384 -0.06114572 0.5242744 -0.8352857 -0.08625704 0.5268021 -0.9223864 -0.1172318 0.5283118 -1.006747 -0.1509295 0.5275326 -1.084127 -0.1815541 0.5232023 -1.150286 -0.203295 0.5112138 -1.20036 -0.2150571 0.486999 -1.229384 -0.2165096 0.4466774 -1.232545 -0.2061821 0.3881159 -1.205412 -0.1797074 0.3065714 -1.147166 -0.1294973 0.2431557 -1.093127 -0.08511441 0.1916258 -1.044523 -0.04961693 0.1478767 -1.003051 -0.02251929 0.1082583 -0.9705098 -0.002581775 0.06919085 -0.9487106 0.01155149 0.02696061 -0.9394371 0.02101451 -0.02241116 -0.9444146 0.02650213 -0.08331054 -0.9652788 0.02803397 -0.1607961 -1.003518 0.02451509 -0.2608886 -1.060409 0.01325523 -0.386509 -1.13791 -0.003297328 -0.5229886 -1.21708 -0.0195105 -0.6164711 -1.254472 -0.02808552 -0.6743345 -1.255722 -0.03187572 -0.7032806 -1.226617 -0.03261369 -0.7091745 -1.173126 -0.03064513 -0.6975216 -1.101299 -0.02571964 -0.6739811 -1.017149 -0.01784169 -0.6446287 -0.9266001 -0.007706284 -0.6159235 -0.8354919 0.003356337 -0.5944674 -0.749632 0.01377916 -0.5867193 -0.6748598 0.02223217</float_array>
          <technique_common>
            <accessor source="#Mesh_001-mesh-positions-array" count="336" stride="3">
              <param name="X" type="float"/>
              <param name="Y" type="float"/>
              <param name="Z" type="float"/>
            </accessor>
          </technique_common>
        </source>
        <source id="Mesh_001-mesh-normals">
          <float_array id="Mesh_001-mesh-normals-array" count="2004">0.6726106 -0.2177184 0.7072438 -0.2887594 0.2800318 -0.9155328 -0.836701 -0.4514112 -0.3100956 -0.7868843 -0.54482 -0.2898001 -0.740673 -0.6160405 -0.2681373 -0.7048895 -0.6637825 -0.2500472 -0.6894865 -0.6827411 -0.2418119 -0.7103279 -0.6568012 -0.253074 -0.7772041 -0.5563694 -0.2939503 -0.887319 -0.2574731 -0.3825866 -0.8154189 0.378374 -0.4380927 -0.474331 0.8096019 -0.345767 -0.2544457 0.9293782 -0.2674205 -0.1469753 0.9623013 -0.2288548 -0.1614123 0.9588779 -0.2334505 -0.2557591 0.9314874 -0.2586863 -0.3493781 0.8947612 -0.2780961 -0.4392797 0.8498796 -0.2910977 -0.5228929 0.7987548 -0.2976138 -0.5983884 0.7437036 -0.298054 -0.6648051 0.6870745 -0.2931942 -0.7219771 0.6309413 -0.2840108 -0.7703393 0.5769309 -0.2715293 -0.8106977 0.5261812 -0.2567148 -0.8440318 0.479389 -0.240409 -0.87135 0.4368997 -0.223311 -0.8257126 0.5038594 -0.2536227 -0.4370202 0.8053521 -0.4005265 0.4279577 0.8059939 -0.4089327 0.7580764 0.577153 -0.3036686 0.8297013 0.4909363 -0.2656636 0.8351961 0.4832247 -0.2625666 0.80927 0.5194373 -0.2743484 0.7668454 0.5730612 -0.2890488 0.6860938 0.6597037 -0.3067026 0.5468734 0.7754569 -0.3155888 0.3552074 0.8847508 -0.3017344 0.1665003 0.9510963 -0.2601796 0.09773409 0.9702504 -0.2214999 0.1515832 0.9614999 -0.229217 0.2532566 0.9322775 -0.2583018 0.4387947 0.8386569 -0.3226668 0.7210389 0.5543413 -0.4157024 0.8972713 0.04523843 -0.4391557 0.8623877 -0.3336296 -0.3807608 0.7978449 -0.5044281 -0.3301452 0.7629902 -0.5721707 -0.3007766 0.7581807 -0.585963 -0.2860237 0.7542934 -0.5985798 -0.2697106 0.7354086 -0.6329936 -0.2418537 0.8569937 -0.4551724 -0.241619 0.9577091 -0.1660431 -0.2349956 0.9760821 -0.01207953 -0.2170662 0.9767026 0.06651204 -0.2040302 0.9744449 0.1040531 -0.1990731 0.9728185 0.113727 -0.2017185 0.9717712 0.1082776 -0.2096108 0.9690583 0.0607348 -0.2392429 0.9427139 -0.1131029 -0.3138443 0.7031484 -0.5603085 -0.4377633 0.01260554 -0.9182327 -0.3958408 -0.424448 -0.8649368 -0.2678212 -0.5993609 -0.7716928 -0.2127363 -0.6992643 -0.6885936 -0.1920114 -0.7452563 -0.6416158 -0.181445 -0.7486125 -0.6369955 -0.1838919 -0.7005134 -0.6855095 -0.1983878 -0.5603025 -0.7967886 -0.2262498 -0.2802343 -0.926041 -0.2528175 0.06484031 -0.9660462 -0.2501006 0.3141708 -0.9221636 -0.2256346 0.4452812 -0.8720497 -0.2031109 0.5033883 -0.843011 -0.1895595 0.5370311 -0.8245585 -0.1780471 0.516229 -0.8358033 -0.1869237 0.3836532 -0.8893433 -0.2487542 0.03505468 -0.9261709 -0.3754711 -0.6126344 -0.6346939 -0.4710019 -0.9134788 -0.1427603 -0.3810195 -0.9457125 0.1163825 -0.3034517 -0.9331263 0.2407531 -0.2670452 -0.9204116 0.2973359 -0.2538382 -0.917477 0.3053062 -0.2549982 -0.927415 0.2614493 -0.2674803 -0.9468801 0.1372656 -0.29082 -0.934801 -0.1570874 -0.3185446 -0.9317358 -0.2197579 0.2890933 -0.9623639 0.07244998 0.2619288 -0.9493997 0.2074512 0.235805 -0.9396227 0.2627952 0.2191987 -0.9396644 0.2672072 0.2136146 -0.9485756 0.2245644 0.2231034 -0.9591063 0.116052 0.2581608 -0.9316421 -0.1277721 0.3401723 -0.6394069 -0.6218062 0.4522342 0.01473057 -0.923623 0.383019 0.3615969 -0.8936359 0.2658241 0.4883248 -0.8482283 0.2050552 0.5021577 -0.8427827 0.193791 0.4704611 -0.8597506 0.1987339 0.4390238 -0.875976 0.1998108 0.3415547 -0.9162552 0.2093246 0.1523051 -0.9631071 0.2218735 -0.1398366 -0.9645668 0.2237333 -0.4141126 -0.8867734 0.2052896 -0.5698294 -0.8009475 0.1837866 -0.6218509 -0.7635391 0.1740964 -0.6087792 -0.7732582 0.1773685 -0.5550079 -0.809899 0.1898148 -0.4835669 -0.849952 0.2091518 -0.3434149 -0.9039543 0.2548195 0.08143746 -0.9284575 0.3624012 0.7324852 -0.5648472 0.3800172 0.9482988 -0.1660327 0.2704858 0.9781287 -0.02393496 0.2066186 0.983304 -0.006691336 0.1818473 0.9838123 -0.03127956 0.1764509 0.9843783 -0.02382653 0.1744462 0.9825125 -0.04521447 0.1806236 0.9768106 -0.0988965 0.1898959 0.9577643 -0.2081484 0.1983976 0.8789902 -0.4334127 0.1988206 0.8022764 -0.5703767 0.1761335 0.8508443 -0.5006178 0.1595171 0.8504523 -0.5007278 0.1612532 0.8364371 -0.5220766 0.1667611 0.8506075 -0.4913234 0.187265 0.9082927 -0.347767 0.2325135 0.9531238 0.02774626 0.3013061 0.7721971 0.550068 0.3180201 0.490073 0.8286263 0.2705679 0.3223917 0.9174015 0.23332 0.2519755 0.9431831 0.2165961 0.2404063 0.9470448 0.2128637 0.3842844 0.892651 0.2355841 0.6152592 0.7433596 0.2624359 0.7418989 0.6112799 0.2755411 0.7931383 0.540109 0.2814495 0.8045588 0.5228343 0.2816549 0.804973 0.5246034 0.2771459 0.8351116 0.4833446 0.2626149 0.8297013 0.4909363 0.2656636 0.7580764 0.577153 0.3036687 0.4279578 0.805994 0.4089327 -0.4370201 0.8053521 0.4005264 -0.8257126 0.5038594 0.2536226 -0.87135 0.4368998 0.223311 -0.8440318 0.479389 0.240409 -0.8106977 0.5261812 0.2567148 -0.7703393 0.5769309 0.2715293 -0.7219772 0.6309413 0.2840108 -0.6648051 0.6870746 0.2931942 -0.5983884 0.7437036 0.2980539 -0.5228929 0.7987548 0.2976138 -0.4392797 0.8498796 0.2910977 -0.3493781 0.8947612 0.2780961 -0.2557591 0.9314874 0.2586863 -0.1614122 0.9588779 0.2334505 -0.1469753 0.9623013 0.2288548 -0.2544457 0.9293782 0.2674204 -0.474331 0.8096019 0.345767 -0.8154189 0.378374 0.4380926 -0.887319 -0.2574731 0.3825866 -0.777204 -0.5563696 0.2939503 -0.7103279 -0.6568011 0.2530739 -0.6891838 -0.6831401 0.2415475 -0.6983212 -0.6723919 0.2454314 -0.7269701 -0.6368138 0.2568709 -0.7689804 -0.5790855 0.2707936 -0.8194354 -0.4984654 0.2829449 -4.037e-4 -0.003794014 0.9999927 0.1301582 0.2451342 0.9607122 -0.3413594 -0.2887695 0.8944752 -0.4975922 0.06447702 0.8650114 0.6361767 -0.2483935 0.7304655 0.2994213 0.227961 0.9264883 -0.3273061 -0.3178776 0.8898453 -0.4937322 0.05014252 0.8681672 0.6328276 -0.1911898 0.7503171 0.3659435 0.2165299 0.9050968 -0.3221867 -0.3363293 0.8849171 -0.4752635 0.01196992 0.8797621 0.6189715 -0.1373746 0.7733062 0.3700458 0.2170929 0.9032922 -0.3236739 -0.3413595 0.8824448 -0.4437345 -0.05513828 0.8944604 0.5524892 -0.1556848 0.8188516 0.3452117 0.2168203 0.9131363 -0.327386 -0.3284608 0.8859638 -0.3939498 -0.1712704 0.9030337 0.3889132 -0.2847092 0.8761776 0.4256374 0.1829987 0.8861965 -0.3256651 -0.3011245 0.8962513 0.2564114 -0.4081244 0.8761779 0.5105456 0.1742014 0.8420196 -0.3154758 -0.2258365 0.9216685 0.1305058 -0.5336323 0.8355864 0.6043097 0.1526587 0.7819879 -0.2865701 -0.0831539 0.9544438 0.04396069 -0.6162764 0.786302 0.5961461 0.2102068 0.7748696 -0.2328833 0.1080635 0.9664822 -0.00649172 -0.6392102 0.7690048 0.4818012 0.3300022 0.8117673 -0.1675546 0.2859867 0.9434708 -0.08449029 -0.6445492 0.7598801 0.3393183 0.4697746 0.8149692 -0.1116293 0.4077337 0.9062517 -0.1325311 -0.6363498 0.7599306 0.2835806 0.4928273 0.8226197 -0.07282894 0.476837 0.8759695 -0.1228643 -0.622922 0.7725753 0.2656605 0.471781 0.8407421 -0.07878595 0.4680326 0.8801921 -0.05198031 -0.6071942 0.7928513 0.295742 0.385348 0.8740959 -0.1152352 0.4196927 0.9003215 0.05213838 -0.5869934 0.807911 0.3678501 0.2198644 0.9035186 -0.1484737 0.3802429 0.9128915 0.19944 -0.5627302 0.802221 0.4352512 0.06537717 0.8979321 -0.1797646 0.3477923 0.9201767 0.24874 -0.5424402 0.8024258 0.4854039 -0.002684056 0.8742859 -0.210059 0.3208795 0.9235321 0.2514957 -0.5273229 0.8115914 0.5408225 -0.04493272 0.8399357 -0.2400894 0.2983937 0.9237523 0.2076718 -0.5171761 0.8303019 0.5926353 -0.05859661 0.8033366 -0.2704327 0.2794915 0.9212767 0.2175022 -0.50913 0.8327542 0.6284268 -0.05054044 0.7762251 -0.3015507 0.2635275 0.9163081 0.2121552 -0.4794745 0.8515247 0.6440675 -0.1322501 0.75345 -0.3338126 0.2500026 0.9088827 0.1333189 -0.4169053 0.8991196 0.6464874 -0.2729306 0.7124346 -0.3674994 0.2385245 0.8989162 -0.01752531 -0.3138843 0.9492995 0.6594587 -0.255968 0.7068201 -0.402798 0.2287792 0.8862357 -0.2041111 -0.1785939 0.9625191 0.6842265 -0.2037397 0.7002316 -0.4397822 0.2205092 0.8706132 -0.3399828 -0.07196927 0.9376739 0.6940602 -0.1916542 0.6939374 -0.3779181 0.23061 0.8966587 -0.4325757 0.00835514 0.9015589 0.6902927 -0.1991053 0.6955955 -0.1354387 0.2495899 0.9588332 -0.480827 0.05257087 0.8752381 0.6716363 -0.2308625 0.7039937 -0.001172304 8.27113e-4 -0.999999 0 0 -1 0 0 -1 0 0 -1 0 0 -1 0 0 -1 0 0 -1 -0.001098871 0.006528198 -0.9999781 -0.02368623 0.008711516 -0.9996815 -0.04797071 0.02207589 -0.9986048 -0.004600226 0.01675426 -0.9998491 -0.006793141 0.01739746 -0.9998256 -0.06140822 0.04090839 -0.997274 -0.01503533 0.02908903 -0.9994637 -0.07939314 0.05197411 -0.9954875 -0.0261653 0.03996926 -0.9988583 0.05276334 0.116919 -0.9917388 0.003630995 0.03096002 -0.9995141 -0.1686443 -0.0280565 -0.9852775 -0.06047141 0.0751565 -0.9953365 -0.1268905 -0.01161664 -0.9918487 0.08426892 0.1049789 -0.9908977 -0.06273627 0.06483781 -0.9959218 0.08632284 0.09277337 -0.9919382 -0.04280638 -0.08241653 -0.9956783 -0.02037614 0.01780688 -0.9996338 0.05644017 0.03490573 -0.9977956 0.0686624 0.05958765 -0.9958588 0.05925166 0.03705435 -0.9975551 0.08346277 0.07774883 -0.9934733 -0.0429942 0.3212085 -0.946032 0.009836137 0.008569955 -0.9999149 -0.020455 0.01531934 -0.9996734 0.04035574 0.01061499 -0.9991289 0.02526038 -0.01249778 -0.9996028 0.02667611 -0.008106112 -0.9996113 0.03936535 0.006411671 -0.9992043 0.07078438 0.06810539 -0.9951639 0.005230426 -0.003394782 -0.9999805 0 0 -1 0 0 -1 0 0 -1 0.002197861 0.1424093 -0.9898054 0.00159049 -9.03389e-4 -0.9999983 0.061805 0.06643843 -0.9958745 0.002940714 -0.01632839 -0.9998624 0 0 -1 0 0 -1 7.41872e-4 -0.00521022 -0.9999861 -0.2493852 0.1814922 -0.9512453 -0.06320464 0.5078819 -0.8591049 -0.1178836 0.009603679 -0.992981 -0.2777544 0.2523171 -0.9269242 -0.3077181 0.3520252 -0.8839614 -0.306171 0.3273986 -0.8939069 -0.2967462 0.2929013 -0.9089282 -0.2146986 0.1318719 -0.9677367 -0.2673568 0.2248423 -0.9369986 -0.5912229 -0.07960587 -0.8025699 -0.1983056 -0.001347422 -0.9801393 -0.2941054 0.33511 -0.8950997 -0.2963789 0.3101837 -0.9032971 -0.17449 0.1379909 -0.9749419 -0.248803 0.2484054 -0.936158 -0.14214 0.1089795 -0.9838291 -0.1274869 0.07752019 -0.9888063 -0.189908 0.1805914 -0.9650501 -0.2518348 0.2628268 -0.9313975 -0.3525621 -0.08706986 -0.931729 -0.2555176 -0.05202203 -0.9654038 -0.2944105 -0.07385534 -0.952821 -0.4989195 -0.1282152 -0.8571115 -0.2913419 0.3216487 -0.9009229 -0.1701577 -0.02066344 -0.9852002 -0.1083804 0.002477228 -0.9941064 -0.1178634 -0.004142999 -0.9930212 -0.07875818 0.0125994 -0.9968141 -0.1915895 -0.03431773 -0.980875 -0.4067355 -0.1129539 -0.9065361 -0.4709828 -0.1125894 -0.8749278 -0.3225592 -0.07605761 -0.9434887 -0.8409039 -0.4483017 -0.3031604 -0.7902288 -0.5424918 -0.2850282 -0.742738 -0.6146426 -0.2656216 -0.7055265 -0.6633483 -0.2494021 -0.6893975 -0.6828054 -0.2418838 -0.7103278 -0.6568014 -0.2530741 -0.7772039 -0.5563699 -0.2939504 -0.8873195 -0.2574717 -0.3825863 -0.8154191 0.3783736 -0.4380925 -0.474331 0.8096019 -0.345767 -0.2544454 0.9293781 -0.2674205 -0.1469753 0.9623013 -0.2288548 -0.1614122 0.9588779 -0.2334506 -0.2557593 0.9314873 -0.2586861 -0.3493779 0.8947612 -0.2780963 -0.43928 0.8498796 -0.2910974 -0.5228933 0.7987547 -0.2976135 -0.5983888 0.7437032 -0.2980545 -0.6648052 0.6870743 -0.2931943 -0.721977 0.6309418 -0.2840104 -0.7703393 0.5769309 -0.2715293 -0.8106978 0.5261811 -0.2567151 -0.8440318 0.4793891 -0.240409 -0.87135 0.4368998 -0.2233109 -0.8257125 0.5038596 -0.2536225 -0.4370221 0.8053508 -0.4005269 0.4279565 0.8059948 -0.4089324 0.7580761 0.5771535 -0.3036685 0.8297017 0.4909358 -0.2656641 0.8349466 0.4840276 -0.2618804 0.809132 0.5199137 -0.2738523 0.7669889 0.5724756 -0.2898269 0.6860949 0.6596965 -0.3067153 0.5468704 0.7755417 -0.3153854 0.3552704 0.8860852 -0.297718 0.1655362 0.9557521 -0.2431783 0.1149833 0.9696095 -0.2159544 0.1674363 0.9597642 -0.2254278 0.265957 0.9292311 -0.2565084 0.4460951 0.8349947 -0.3221537 0.7219804 0.553238 -0.4155382 0.8973236 0.04622894 -0.4389458 0.8654774 -0.3271517 -0.3793687 0.8051425 -0.4952434 -0.3263122 0.7729748 -0.562312 -0.2937941 0.7578822 -0.5933231 -0.2712606 0.7558716 -0.6058003 -0.2483226 0.7363559 -0.6389188 -0.2226271 0.855829 -0.459571 -0.2373842 0.9587098 -0.1639813 -0.2323482 0.9760061 -0.01225996 -0.2173977 0.9759498 0.06484103 -0.2081288 0.9734168 0.1019835 -0.2050832 0.9716434 0.1114009 -0.2085638 0.9686463 0.1204887 -0.2172715 0.9663004 0.07458901 -0.2463735 0.9427219 -0.1020119 -0.3175988 0.7036662 -0.5593985 -0.4380952 0.003527045 -0.9171463 -0.3985351 -0.4415418 -0.8528568 -0.2787047 -0.613744 -0.7554926 -0.2292359 -0.6962458 -0.6887175 -0.2022623 -0.7437513 -0.6421182 -0.1857906 -0.7491586 -0.6367002 -0.1826864 -0.7030702 -0.6840466 -0.1943514 -0.564367 -0.7951318 -0.2219357 -0.2837724 -0.9256805 -0.2501776 0.06393402 -0.9662675 -0.2494782 0.3148236 -0.9218035 -0.226195 0.44602 -0.8714686 -0.203982 0.5032663 -0.8431257 -0.1893729 0.5370913 -0.8244934 -0.1781677 0.5172607 -0.8346636 -0.1891502 0.3845099 -0.8887282 -0.2496281 0.033055 -0.9265516 -0.3747125 -0.6141951 -0.6322971 -0.4721916 -0.9134223 -0.1312119 -0.3852831 -0.9423196 0.1270313 -0.3096719 -0.9298167 0.2474091 -0.2724513 -0.9186451 0.300334 -0.2566918 -0.9175019 0.305265 -0.2549579 -0.9288308 0.2588153 -0.265119 -0.948705 0.1323221 -0.2871406 -0.9372324 -0.1520035 -0.3138317 -0.9317335 -0.2199951 0.2889204 -0.9622798 0.07271116 0.2621653 -0.9489389 0.2083813 0.2368379 -0.9385997 0.264625 0.2213692 -0.9380391 0.2702389 0.2169185 -0.946645 0.2289081 0.2268574 -0.9577825 0.1207473 0.2609075 -0.9316604 -0.1255375 0.3409536 -0.6393723 -0.6218589 0.4522107 0.02045208 -0.9224987 0.385458 0.3680695 -0.8887835 0.2731091 0.4919977 -0.8434113 0.2158606 0.50406 -0.8403053 0.1995257 0.472217 -0.8579865 0.2021642 0.4431937 -0.872774 0.2045603 0.3479628 -0.912792 0.2138516 0.1459794 -0.9630433 0.2263572 -0.1437258 -0.9634703 0.2259818 -0.4149424 -0.8862675 0.2057977 -0.5694261 -0.8013098 0.1834571 -0.6214155 -0.7640081 0.1735928 -0.6086233 -0.7734383 0.177118 -0.5551915 -0.8096811 0.1902081 -0.4831768 -0.8504148 0.2081705 -0.3377967 -0.907243 0.2506064 0.0981884 -0.9289395 0.356974 0.740535 -0.5512824 0.3843121 0.9504011 -0.1318802 0.2816829 0.9749211 0.004086196 0.2225132 0.9802774 0.01124161 0.1973062 0.9823473 -0.02332925 0.1856061 0.984296 -0.02340722 0.1749672 0.9828775 -0.04737299 0.1780662 0.977069 -0.1016757 0.1870782 0.9577019 -0.20939 0.1973901 0.8785823 -0.4340165 0.1993058 0.7974259 -0.5730006 0.1891623 0.8408078 -0.5087877 0.184871 0.8513218 -0.4997602 0.1596593 0.8434484 -0.5132502 0.1586477 0.862408 -0.4737256 0.1784281 0.9182628 -0.324608 0.2267667 0.9534134 0.04115575 0.2988463 0.7650938 0.5584468 0.3205755 0.4770188 0.8352165 0.2736175 0.3129372 0.9199311 0.2362141 0.246412 0.9440989 0.2189937 0.237982 0.947336 0.2142874 0.3861376 0.8931186 0.2307311 0.6223148 0.7438496 0.2437461 0.7514086 0.6096345 0.2524496 0.8011341 0.5369887 0.2642484 0.8035808 0.5260607 0.2784205 0.8060128 0.5208851 0.2811086 0.8351708 0.4831535 0.2627782 0.8297017 0.4909358 0.2656641 0.7580761 0.5771535 0.3036685 0.4279565 0.8059948 0.4089324 -0.4370221 0.8053508 0.4005269 -0.8257125 0.5038596 0.2536225 -0.87135 0.4368998 0.2233109 -0.8440318 0.4793891 0.240409 -0.8106978 0.5261811 0.2567151 -0.7703393 0.5769309 0.2715293 -0.721977 0.6309418 0.2840104 -0.6648052 0.6870743 0.2931943 -0.5983888 0.7437032 0.2980545 -0.5228933 0.7987547 0.2976135 -0.43928 0.8498796 0.2910974 -0.3493779 0.8947612 0.2780963 -0.2557593 0.9314873 0.2586861 -0.1614122 0.9588779 0.2334506 -0.1469753 0.9623013 0.2288548 -0.2544454 0.9293781 0.2674205 -0.474331 0.8096019 0.345767 -0.8154191 0.3783736 0.4380925 -0.8873195 -0.2574717 0.3825863 -0.7772039 -0.5563699 0.2939504 -0.7103278 -0.6568014 0.2530741 -0.6890172 -0.6832607 0.2416819 -0.6980237 -0.6725962 0.245718 -0.726859 -0.6368916 0.2569922 -0.7690635 -0.5790225 0.270692 -0.8194093 -0.4987312 0.2825518 -0.0853011 -0.08348137 0.9928517 -0.08190971 -0.07015848 0.9941673 -0.07880979 -0.06782078 0.9945799 -0.07649821 -0.05585509 0.995504 -0.0661056 -0.04396921 0.9968435 -0.06447768 -0.03884398 0.9971628 -0.07033377 -0.05260294 0.9961355 -0.07997876 -0.08252793 0.9933743 -0.09181928 -0.09147036 0.9915657 -0.06890958 -0.0756424 0.9947511 -0.08966255 -0.09791189 0.9911478 -0.08496826 -0.1032304 0.9910216 -0.02976137 -0.0316295 0.9990565 0.01147753 0.03985524 0.9991396 -0.06009435 -0.1100907 0.9921032 -0.01353323 -0.028131 0.9995126 0.1090515 0.01411855 0.9939359 0.02630901 -0.04018884 0.9988457 0.0624569 -0.04835623 0.9968755 0.01651263 -0.03194713 0.9993531 0.1920833 -0.1192889 0.9741018 0.04930293 -0.04035657 0.9979682 0.235329 -0.1955074 0.9520489 0.1075916 0.01354044 0.994103 0.04271769 -0.02661633 0.9987326 0.006042122 -0.02200585 0.9997396 0.2856868 -0.2944946 0.9119517 0.3015299 -0.3328557 0.893469 0.0307306 -0.0158869 0.9994014 0.2959392 -0.3124192 0.9026706 0.3115079 -0.3575356 0.8804153 0.3087325 -0.3527069 0.8833358 0.01300579 -0.009628653 0.9998691 0.002191722 -0.01302033 0.9999129 0.3061731 -0.3383973 0.8898008 0.001307368 -7.6879e-4 0.9999989 0.2786973 -0.291385 0.915108 0.2868534 -0.3159675 0.904367 0 0 1 0.2638607 -0.2495939 0.9317083 0.3096369 -0.3479334 0.8849109 0.2586801 -0.2623376 0.9296578 0.2666655 -0.2804369 0.9220871 0.2763535 -0.2695548 0.9224798 0 0 1 7.67958e-5 -5.02809e-4 0.9999999 0 0 1 0 0 1 0.2444968 -0.2090958 0.946837 0.008926272 -0.02286028 0.9996988 0.1912517 -0.1181076 0.9744092 0.3064263 0.06239163 0.9498474 0.4098501 0.08768218 0.9079289 0.194657 0.00553739 0.9808557 0.05003052 -0.06218016 0.9968102 0.4337033 0.117067 0.8934186 0.3843248 0.09988427 0.9177787 0.3333014 0.08003956 0.9394167 0.4103333 0.1057921 0.9057784 0.2946689 0.06421566 0.9534394 0.2741657 0.05556476 0.9600759 0.2905771 0.06132018 0.9548847 0.3230718 0.07339429 0.9435242 0.3653955 0.08905011 0.9265831 0.4760761 0.1240775 0.8706068 0.09721177 -0.007883965 0.9952325 0.05452018 -0.05634647 0.9969216 0.0565738 -0.4131791 0.9088907 0.02232545 -0.01951044 0.9995604 0.4984403 0.06556057 0.8644415 0.02241146 -0.0167846 0.999608 0.03996169 -0.2537753 0.9664373 2.39679e-4 -1.55563e-4 1 -7.75001e-4 4.40181e-4 0.9999996 0.002913296 -0.1262305 0.9919967 0 0 1 0 0 1 0 0 1 0 0 1 0 0 1 -3.61496e-4 0.0025388 0.9999967 0.1301581 0.2451342 0.9607123 -0.353446 -0.2817919 0.8920029 -0.4976374 0.07836341 0.863838 0.6290801 -0.2786179 0.7256929 0.2994211 0.2279611 0.9264883 -0.3353056 -0.3122054 0.8888745 -0.4929373 0.05613696 0.8682519 0.5909028 -0.3020171 0.7480773 0.365944 0.2165296 0.9050967 -0.3249762 -0.3336455 0.8849131 -0.4752622 0.01197683 0.8797627 0.5377464 -0.2947724 0.7898975 0.3718867 0.2151396 0.9030035 -0.3217364 -0.3441366 0.8820746 -0.4446081 -0.06005054 0.8937101 0.4486574 -0.3047586 0.8401362 0.3399534 0.2260853 0.912862 -0.323615 -0.3373541 0.8840054 -0.3946435 -0.1812418 0.9007818 0.3448087 -0.3316158 0.8781446 0.4255345 0.1833068 0.8861823 -0.3253962 -0.3023377 0.8959404 0.1358641 -0.4464991 0.8844091 0.521479 0.1239392 0.8442149 -0.3154758 -0.2258362 0.9216686 -0.03723639 -0.5449436 0.8376454 0.5358383 0.1527945 0.83038 -0.2865702 -0.08315443 0.9544438 -0.03950989 -0.589197 0.8070228 0.5541847 0.2100868 0.8054457 -0.2328833 0.1080633 0.9664821 -0.03237473 -0.6312164 0.7749308 0.5033704 0.3306132 0.7983189 -0.1675544 0.2859869 0.9434707 -0.07742911 -0.646885 0.7586464 0.4234391 0.4087848 0.8084518 -0.1116294 0.4077337 0.9062517 -0.106773 -0.6453588 0.7563806 0.3956419 0.39462 0.8293024 -0.07282882 0.476837 0.8759694 -0.08391284 -0.6363772 0.7668004 0.3838855 0.3445646 0.8566839 -0.07878601 0.4680326 0.8801922 -0.003587424 -0.6228188 0.7823579 0.389429 0.2587771 0.8839567 -0.1152354 0.4196926 0.9003216 0.1048783 -0.603345 0.7905538 0.4057086 0.1550657 0.9007527 -0.1484737 0.380243 0.9128915 0.1476069 -0.5844315 0.7979048 0.4436492 0.01076972 0.8961358 -0.1797645 0.3477923 0.9201767 0.2127419 -0.5622932 0.7991041 0.4892809 -0.1446095 0.8600537 -0.2100591 0.3208795 0.9235321 0.2307956 -0.5420295 0.8080454 0.5233497 -0.2018506 0.8278656 -0.2400894 0.2983937 0.9237523 0.2031106 -0.5213795 0.8288 0.5593718 -0.1770012 0.8097986 -0.2704327 0.2794914 0.9212768 0.2101587 -0.5177677 0.8293069 0.5975195 -0.1069333 0.7946922 -0.3015505 0.2635277 0.9163081 0.1891156 -0.4991834 0.845607 0.6305942 -0.1436424 0.7627043 -0.3338127 0.2500025 0.9088827 0.08391219 -0.4173082 0.9048826 0.6230732 -0.2805784 0.7301066 -0.3674992 0.2385246 0.8989162 -0.05584079 -0.3013413 0.9518799 0.6471328 -0.2709536 0.7126032 -0.4027981 0.2287791 0.8862357 -0.210682 -0.1703647 0.9625949 0.6832014 -0.1879658 0.7056235 -0.4397821 0.2205093 0.8706132 -0.3602286 -0.03762799 0.9321048 0.6932011 -0.1812845 0.697573 -0.3779182 0.23061 0.8966587 -0.4453515 0.04211413 0.8943649 0.6903037 -0.1994255 0.6954928 -0.1354389 0.2495899 0.9588332 -0.4851094 0.07641929 0.8711079</float_array>
          <technique_common>
            <accessor source="#Mesh_001-mesh-normals-array" count="668" stride="3">
              <param name="X" type="float"/>
              <param name="Y" type="float"/>
              <param name="Z" type="float"/>
            </accessor>
          </technique_common>
        </source>
        <vertices id="Mesh_001-mesh-vertices">
          <input semantic="POSITION" source="#Mesh_001-mesh-positions"/>
        </vertices>
        <triangles material="Material_001-material" count="668">
          <input semantic="VERTEX" source="#Mesh_001-mesh-vertices" offset="0"/>
          <input semantic="NORMAL" source="#Mesh_001-mesh-normals" offset="1"/>
          <p>52 0 305 0 53 0 135 1 136 1 148 1 168 2 85 2 84 2 169 3 86 3 85 3 170 4 87 4 86 4 171 5 88 5 87 5 172 6 89 6 88 6 173 7 90 7 89 7 174 8 91 8 90 8 175 9 92 9 91 9 177 10 92 10 176 10 178 11 93 11 177 11 179 12 94 12 178 12 180 13 95 13 179 13 181 14 96 14 180 14 182 15 97 15 181 15 183 16 98 16 182 16 184 17 99 17 183 17 185 18 100 18 184 18 185 19 102 19 101 19 186 20 103 20 102 20 187 21 104 21 103 21 188 22 105 22 104 22 189 23 106 23 105 23 190 24 107 24 106 24 191 25 108 25 107 25 192 26 109 26 108 26 193 27 110 27 109 27 195 28 110 28 194 28 196 29 111 29 195 29 197 30 112 30 196 30 198 31 113 31 197 31 199 32 114 32 198 32 200 33 115 33 199 33 201 34 116 34 200 34 202 35 117 35 201 35 203 36 118 36 202 36 204 37 119 37 203 37 204 38 121 38 120 38 205 39 122 39 121 39 206 40 123 40 122 40 207 41 124 41 123 41 208 42 125 42 124 42 210 43 125 43 209 43 211 44 126 44 210 44 212 45 127 45 211 45 213 46 128 46 212 46 213 47 130 47 129 47 214 48 131 48 130 48 215 49 132 49 131 49 216 50 133 50 132 50 218 51 133 51 217 51 219 52 134 52 218 52 220 53 135 53 219 53 221 54 136 54 220 54 222 55 137 55 221 55 222 56 139 56 138 56 223 57 140 57 139 57 224 58 141 58 140 58 225 59 142 59 141 59 227 60 142 60 226 60 228 61 143 61 227 61 229 62 144 62 228 62 229 63 146 63 145 63 230 64 147 64 146 64 231 65 148 65 147 65 232 66 149 66 148 66 233 67 150 67 149 67 234 68 151 68 150 68 235 69 152 69 151 69 236 70 153 70 152 70 237 71 154 71 153 71 238 72 155 72 154 72 239 73 156 73 155 73 240 74 157 74 156 74 241 75 158 75 157 75 242 76 159 76 158 76 244 77 159 77 243 77 245 78 160 78 244 78 246 79 161 79 245 79 247 80 162 80 246 80 248 81 163 81 247 81 249 82 164 82 248 82 250 83 165 83 249 83 251 84 166 84 250 84 251 85 84 85 167 85 83 86 168 86 251 86 82 87 251 87 250 87 81 88 250 88 249 88 80 89 249 89 248 89 79 90 248 90 247 90 78 91 247 91 246 91 77 92 246 92 245 92 76 93 245 93 244 93 75 94 244 94 243 94 75 95 242 95 74 95 74 96 241 96 73 96 73 97 240 97 72 97 72 98 239 98 71 98 71 99 238 99 70 99 70 100 237 100 69 100 69 101 236 101 68 101 67 102 236 102 235 102 66 103 235 103 234 103 65 104 234 104 233 104 64 105 233 105 232 105 63 106 232 106 231 106 62 107 231 107 230 107 61 108 230 108 229 108 60 109 229 109 228 109 59 110 228 110 227 110 58 111 227 111 226 111 58 112 225 112 57 112 57 113 224 113 56 113 56 114 223 114 55 114 55 115 222 115 54 115 54 116 221 116 53 116 53 117 220 117 52 117 52 118 219 118 51 118 51 119 218 119 50 119 50 120 217 120 49 120 48 121 217 121 216 121 47 122 216 122 215 122 46 123 215 123 214 123 45 124 214 124 213 124 44 125 213 125 212 125 43 126 212 126 211 126 42 127 211 127 210 127 41 128 210 128 209 128 41 129 208 129 40 129 40 130 207 130 39 130 39 131 206 131 38 131 38 132 205 132 37 132 37 133 204 133 36 133 36 134 203 134 35 134 35 135 202 135 34 135 34 136 201 136 33 136 33 137 200 137 32 137 31 138 200 138 199 138 30 139 199 139 198 139 29 140 198 140 197 140 28 141 197 141 196 141 27 142 196 142 195 142 26 143 195 143 194 143 26 144 193 144 25 144 25 145 192 145 24 145 24 146 191 146 23 146 23 147 190 147 22 147 22 148 189 148 21 148 21 149 188 149 20 149 20 150 187 150 19 150 19 151 186 151 18 151 18 152 185 152 17 152 16 153 185 153 184 153 15 154 184 154 183 154 14 155 183 155 182 155 13 156 182 156 181 156 12 157 181 157 180 157 11 158 180 158 179 158 10 159 179 159 178 159 9 160 178 160 177 160 8 161 177 161 176 161 8 162 175 162 7 162 7 163 174 163 6 163 6 164 173 164 5 164 5 165 172 165 4 165 4 166 171 166 3 166 3 167 170 167 2 167 2 168 169 168 1 168 0 169 169 169 168 169 274 170 283 170 282 170 27 171 278 171 279 171 0 172 253 172 1 172 80 173 331 173 332 173 53 174 306 174 54 174 28 175 279 175 280 175 1 176 254 176 2 176 81 177 332 177 333 177 54 178 307 178 55 178 29 179 280 179 281 179 2 180 255 180 3 180 82 181 333 181 334 181 55 182 308 182 56 182 30 183 281 183 282 183 3 184 256 184 4 184 83 185 334 185 335 185 56 186 309 186 57 186 31 187 282 187 283 187 4 188 257 188 5 188 0 189 335 189 252 189 57 190 310 190 58 190 32 191 283 191 284 191 5 192 258 192 6 192 59 193 310 193 311 193 33 194 284 194 285 194 6 195 259 195 7 195 60 196 311 196 312 196 33 197 286 197 34 197 7 198 260 198 8 198 61 199 312 199 313 199 34 200 287 200 35 200 9 201 260 201 261 201 62 202 313 202 314 202 35 203 288 203 36 203 10 204 261 204 262 204 63 205 314 205 315 205 36 206 289 206 37 206 11 207 262 207 263 207 64 208 315 208 316 208 37 209 290 209 38 209 12 210 263 210 264 210 65 211 316 211 317 211 38 212 291 212 39 212 13 213 264 213 265 213 66 214 317 214 318 214 39 215 292 215 40 215 14 216 265 216 266 216 67 217 318 217 319 217 40 218 293 218 41 218 15 219 266 219 267 219 67 220 320 220 68 220 42 221 293 221 294 221 16 222 267 222 268 222 68 223 321 223 69 223 43 224 294 224 295 224 17 225 268 225 269 225 69 226 322 226 70 226 44 227 295 227 296 227 17 228 270 228 18 228 70 229 323 229 71 229 45 230 296 230 297 230 18 231 271 231 19 231 71 232 324 232 72 232 46 233 297 233 298 233 19 234 272 234 20 234 72 235 325 235 73 235 47 236 298 236 299 236 20 237 273 237 21 237 73 238 326 238 74 238 48 239 299 239 300 239 21 240 274 240 22 240 74 241 327 241 75 241 49 242 300 242 301 242 22 243 275 243 23 243 76 244 327 244 328 244 49 245 302 245 50 245 23 246 276 246 24 246 77 247 328 247 329 247 50 248 303 248 51 248 24 249 277 249 25 249 78 250 329 250 330 250 51 251 304 251 52 251 25 252 278 252 26 252 79 253 330 253 331 253 52 254 304 254 305 254 88 255 89 255 96 255 89 256 90 256 95 256 90 257 91 257 94 257 91 258 92 258 93 258 94 259 91 259 93 259 94 260 95 260 90 260 95 261 96 261 89 261 96 262 97 262 87 262 88 263 96 263 87 263 87 264 97 264 86 264 97 265 98 265 86 265 86 266 98 266 99 266 85 267 86 267 99 267 85 268 99 268 100 268 84 269 85 269 100 269 84 270 100 270 101 270 167 271 84 271 152 271 84 272 101 272 152 272 152 273 101 273 151 273 101 274 102 274 133 274 151 275 101 275 133 275 166 276 167 276 154 276 102 277 103 277 117 277 165 278 166 278 155 278 167 279 152 279 153 279 103 280 104 280 116 280 162 281 163 281 157 281 163 282 164 282 156 282 157 283 163 283 156 283 164 284 165 284 156 284 117 285 103 285 116 285 167 286 153 286 154 286 104 287 105 287 116 287 161 288 162 288 157 288 159 289 160 289 158 289 160 290 161 290 158 290 157 291 158 291 161 291 155 292 156 292 165 292 105 293 106 293 115 293 107 294 108 294 113 294 108 295 109 295 112 295 112 296 109 296 111 296 105 297 115 297 116 297 106 298 107 298 114 298 154 299 155 299 166 299 106 300 114 300 115 300 113 301 108 301 112 301 109 302 110 302 111 302 113 303 114 303 107 303 150 304 151 304 133 304 102 305 117 305 118 305 102 306 118 306 133 306 149 307 150 307 135 307 146 308 147 308 137 308 147 309 148 309 136 309 148 310 149 310 135 310 150 311 133 311 134 311 150 312 134 312 135 312 118 313 119 313 132 313 133 314 118 314 132 314 145 315 146 315 138 315 147 316 136 316 137 316 143 317 144 317 140 317 144 318 145 318 139 318 143 319 140 319 141 319 141 320 142 320 143 320 139 321 140 321 144 321 138 322 139 322 145 322 120 323 121 323 129 323 121 324 122 324 128 324 129 325 121 325 128 325 119 326 120 326 130 326 137 327 138 327 146 327 122 328 123 328 127 328 123 329 124 329 126 329 127 330 123 330 126 330 124 331 125 331 126 331 127 332 128 332 122 332 129 333 130 333 120 333 130 334 131 334 119 334 131 335 132 335 119 335 168 336 169 336 85 336 169 337 170 337 86 337 170 338 171 338 87 338 171 339 172 339 88 339 172 340 173 340 89 340 173 341 174 341 90 341 174 342 175 342 91 342 175 343 176 343 92 343 177 344 93 344 92 344 178 345 94 345 93 345 179 346 95 346 94 346 180 347 96 347 95 347 181 348 97 348 96 348 182 349 98 349 97 349 183 350 99 350 98 350 184 351 100 351 99 351 185 352 101 352 100 352 185 353 186 353 102 353 186 354 187 354 103 354 187 355 188 355 104 355 188 356 189 356 105 356 189 357 190 357 106 357 190 358 191 358 107 358 191 359 192 359 108 359 192 360 193 360 109 360 193 361 194 361 110 361 195 362 111 362 110 362 196 363 112 363 111 363 197 364 113 364 112 364 198 365 114 365 113 365 199 366 115 366 114 366 200 367 116 367 115 367 201 368 117 368 116 368 202 369 118 369 117 369 203 370 119 370 118 370 204 371 120 371 119 371 204 372 205 372 121 372 205 373 206 373 122 373 206 374 207 374 123 374 207 375 208 375 124 375 208 376 209 376 125 376 210 377 126 377 125 377 211 378 127 378 126 378 212 379 128 379 127 379 213 380 129 380 128 380 213 381 214 381 130 381 214 382 215 382 131 382 215 383 216 383 132 383 216 384 217 384 133 384 218 385 134 385 133 385 219 386 135 386 134 386 220 387 136 387 135 387 221 388 137 388 136 388 222 389 138 389 137 389 222 390 223 390 139 390 223 391 224 391 140 391 224 392 225 392 141 392 225 393 226 393 142 393 227 394 143 394 142 394 228 395 144 395 143 395 229 396 145 396 144 396 229 397 230 397 146 397 230 398 231 398 147 398 231 399 232 399 148 399 232 400 233 400 149 400 233 401 234 401 150 401 234 402 235 402 151 402 235 403 236 403 152 403 236 404 237 404 153 404 237 405 238 405 154 405 238 406 239 406 155 406 239 407 240 407 156 407 240 408 241 408 157 408 241 409 242 409 158 409 242 410 243 410 159 410 244 411 160 411 159 411 245 412 161 412 160 412 246 413 162 413 161 413 247 414 163 414 162 414 248 415 164 415 163 415 249 416 165 416 164 416 250 417 166 417 165 417 251 418 167 418 166 418 251 419 168 419 84 419 83 420 0 420 168 420 82 421 83 421 251 421 81 422 82 422 250 422 80 423 81 423 249 423 79 424 80 424 248 424 78 425 79 425 247 425 77 426 78 426 246 426 76 427 77 427 245 427 75 428 76 428 244 428 75 429 243 429 242 429 74 430 242 430 241 430 73 431 241 431 240 431 72 432 240 432 239 432 71 433 239 433 238 433 70 434 238 434 237 434 69 435 237 435 236 435 67 436 68 436 236 436 66 437 67 437 235 437 65 438 66 438 234 438 64 439 65 439 233 439 63 440 64 440 232 440 62 441 63 441 231 441 61 442 62 442 230 442 60 443 61 443 229 443 59 444 60 444 228 444 58 445 59 445 227 445 58 446 226 446 225 446 57 447 225 447 224 447 56 448 224 448 223 448 55 449 223 449 222 449 54 450 222 450 221 450 53 451 221 451 220 451 52 452 220 452 219 452 51 453 219 453 218 453 50 454 218 454 217 454 48 455 49 455 217 455 47 456 48 456 216 456 46 457 47 457 215 457 45 458 46 458 214 458 44 459 45 459 213 459 43 460 44 460 212 460 42 461 43 461 211 461 41 462 42 462 210 462 41 463 209 463 208 463 40 464 208 464 207 464 39 465 207 465 206 465 38 466 206 466 205 466 37 467 205 467 204 467 36 468 204 468 203 468 35 469 203 469 202 469 34 470 202 470 201 470 33 471 201 471 200 471 31 472 32 472 200 472 30 473 31 473 199 473 29 474 30 474 198 474 28 475 29 475 197 475 27 476 28 476 196 476 26 477 27 477 195 477 26 478 194 478 193 478 25 479 193 479 192 479 24 480 192 480 191 480 23 481 191 481 190 481 22 482 190 482 189 482 21 483 189 483 188 483 20 484 188 484 187 484 19 485 187 485 186 485 18 486 186 486 185 486 16 487 17 487 185 487 15 488 16 488 184 488 14 489 15 489 183 489 13 490 14 490 182 490 12 491 13 491 181 491 11 492 12 492 180 492 10 493 11 493 179 493 9 494 10 494 178 494 8 495 9 495 177 495 8 496 176 496 175 496 7 497 175 497 174 497 6 498 174 498 173 498 5 499 173 499 172 499 4 500 172 500 171 500 3 501 171 501 170 501 2 502 170 502 169 502 0 503 1 503 169 503 332 504 331 504 324 504 331 505 330 505 325 505 324 506 331 506 325 506 330 507 329 507 326 507 329 508 328 508 326 508 328 509 327 509 326 509 326 510 325 510 330 510 324 511 323 511 333 511 333 512 332 512 324 512 323 513 322 513 334 513 333 514 323 514 334 514 334 515 322 515 335 515 322 516 321 516 335 516 335 517 321 517 320 517 252 518 335 518 320 518 252 519 320 519 269 519 320 520 319 520 269 520 252 521 269 521 268 521 253 522 252 522 268 522 253 523 268 523 267 523 319 524 318 524 301 524 254 525 253 525 267 525 318 526 317 526 302 526 319 527 301 527 269 527 255 528 254 528 265 528 265 529 254 529 266 529 316 530 315 530 304 530 315 531 314 531 305 531 256 532 255 532 264 532 315 533 305 533 304 533 314 534 313 534 306 534 306 535 313 535 307 535 257 536 256 536 264 536 255 537 265 537 264 537 313 538 312 538 307 538 258 539 257 539 263 539 312 540 311 540 308 540 307 541 312 541 308 541 259 542 258 542 262 542 317 543 316 543 303 543 305 544 314 544 306 544 311 545 310 545 309 545 309 546 308 546 311 546 316 547 304 547 303 547 260 548 259 548 261 548 257 549 264 549 263 549 261 550 259 550 262 550 263 551 262 551 258 551 317 552 303 552 302 552 266 553 254 553 267 553 318 554 302 554 301 554 300 555 299 555 287 555 299 556 298 556 287 556 301 557 300 557 286 557 269 558 301 558 270 558 298 559 297 559 288 559 297 560 296 560 289 560 296 561 295 561 290 561 297 562 289 562 288 562 295 563 294 563 291 563 294 564 293 564 292 564 291 565 294 565 292 565 291 566 290 566 295 566 290 567 289 567 296 567 298 568 288 568 287 568 270 569 301 569 286 569 271 570 270 570 285 570 285 571 270 571 286 571 272 572 271 572 284 572 300 573 287 573 286 573 273 574 272 574 284 574 271 575 285 575 284 575 274 576 273 576 283 576 275 577 274 577 282 577 273 578 284 578 283 578 277 579 276 579 280 579 276 580 275 580 281 580 277 581 280 581 279 581 279 582 278 582 277 582 281 583 280 583 276 583 282 584 281 584 275 584 27 585 26 585 278 585 0 586 252 586 253 586 80 587 79 587 331 587 53 588 305 588 306 588 28 589 27 589 279 589 1 590 253 590 254 590 81 591 80 591 332 591 54 592 306 592 307 592 29 593 28 593 280 593 2 594 254 594 255 594 82 595 81 595 333 595 55 596 307 596 308 596 30 597 29 597 281 597 3 598 255 598 256 598 83 599 82 599 334 599 56 600 308 600 309 600 31 601 30 601 282 601 4 602 256 602 257 602 0 603 83 603 335 603 57 604 309 604 310 604 32 605 31 605 283 605 5 606 257 606 258 606 59 607 58 607 310 607 33 608 32 608 284 608 6 609 258 609 259 609 60 610 59 610 311 610 33 611 285 611 286 611 7 612 259 612 260 612 61 613 60 613 312 613 34 614 286 614 287 614 9 615 8 615 260 615 62 616 61 616 313 616 35 617 287 617 288 617 10 618 9 618 261 618 63 619 62 619 314 619 36 620 288 620 289 620 11 621 10 621 262 621 64 622 63 622 315 622 37 623 289 623 290 623 12 624 11 624 263 624 65 625 64 625 316 625 38 626 290 626 291 626 13 627 12 627 264 627 66 628 65 628 317 628 39 629 291 629 292 629 14 630 13 630 265 630 67 631 66 631 318 631 40 632 292 632 293 632 15 633 14 633 266 633 67 634 319 634 320 634 42 635 41 635 293 635 16 636 15 636 267 636 68 637 320 637 321 637 43 638 42 638 294 638 17 639 16 639 268 639 69 640 321 640 322 640 44 641 43 641 295 641 17 642 269 642 270 642 70 643 322 643 323 643 45 644 44 644 296 644 18 645 270 645 271 645 71 646 323 646 324 646 46 647 45 647 297 647 19 648 271 648 272 648 72 649 324 649 325 649 47 650 46 650 298 650 20 651 272 651 273 651 73 652 325 652 326 652 48 653 47 653 299 653 21 654 273 654 274 654 74 655 326 655 327 655 49 656 48 656 300 656 22 657 274 657 275 657 76 658 75 658 327 658 49 659 301 659 302 659 23 660 275 660 276 660 77 661 76 661 328 661 50 662 302 662 303 662 24 663 276 663 277 663 78 664 77 664 329 664 51 665 303 665 304 665 25 666 277 666 278 666 79 667 78 667 330 667</p>
        </triangles>
      </mesh>
    </geometry>
    <geometry id="Cylinder_001-mesh" name="Cylinder.001">
      <mesh>
        <source id="Cylinder_001-mesh-positions">
          <float_array id="Cylinder_001-mesh-positions-array" count="192">0 0.5 -4 0 0.5 4 0.09754514 0.4903926 -4 0.09754514 0.4903926 4 0.1913417 0.4619398 -4 0.1913417 0.4619398 4 0.2777851 0.4157348 -4 0.2777851 0.4157348 4 0.3535534 0.3535534 -4 0.3535534 0.3535534 4 0.4157348 0.2777851 -4 0.4157348 0.2777851 4 0.4619398 0.1913417 -4 0.4619398 0.1913417 4 0.4903926 0.09754514 -4 0.4903926 0.09754514 4 0.5 0 -4 0.5 0 4 0.4903926 -0.09754514 -4 0.4903926 -0.09754514 4 0.4619398 -0.1913417 -4 0.4619398 -0.1913417 4 0.4157348 -0.2777851 -4 0.4157348 -0.2777851 4 0.3535534 -0.3535534 -4 0.3535534 -0.3535534 4 0.2777851 -0.4157348 -4 0.2777851 -0.4157348 4 0.1913417 -0.4619398 -4 0.1913417 -0.4619398 4 0.09754514 -0.4903926 -4 0.09754514 -0.4903926 4 0 -0.5 -4 0 -0.5 4 -0.09754514 -0.4903926 -4 -0.09754514 -0.4903926 4 -0.1913417 -0.4619398 -4 -0.1913417 -0.4619398 4 -0.2777851 -0.4157348 -4 -0.2777851 -0.4157348 4 -0.3535534 -0.3535534 -4 -0.3535534 -0.3535534 4 -0.4157348 -0.2777851 -4 -0.4157348 -0.2777851 4 -0.4619398 -0.1913417 -4 -0.4619398 -0.1913417 4 -0.4903926 -0.09754514 -4 -0.4903926 -0.09754514 4 -0.5 0 -4 -0.5 0 4 -0.4903926 0.09754514 -4 -0.4903926 0.09754514 4 -0.4619398 0.1913417 -4 -0.4619398 0.1913417 4 -0.4157348 0.2777851 -4 -0.4157348 0.2777851 4 -0.3535534 0.3535534 -4 -0.3535534 0.3535534 4 -0.2777851 0.4157348 -4 -0.2777851 0.4157348 4 -0.1913417 0.4619398 -4 -0.1913417 0.4619398 4 -0.09754514 0.4903926 -4 -0.09754514 0.4903926 4</float_array>
          <technique_common>
            <accessor source="#Cylinder_001-mesh-positions-array" count="64" stride="3">
              <param name="X" type="float"/>
              <param name="Y" type="float"/>
              <param name="Z" type="float"/>
            </accessor>
          </technique_common>
        </source>
        <source id="Cylinder_001-mesh-normals">
          <float_array id="Cylinder_001-mesh-normals-array" count="372">0.09801727 0.9951847 0 0.2902846 0.9569404 0 0.4713967 0.8819213 0 0.6343933 0.7730104 0 0.7730104 0.6343933 0 0.8819213 0.4713967 0 0.9569404 0.2902846 0 0.9951847 0.09801727 0 0.9951847 -0.09801727 0 0.9569404 -0.2902846 0 0.8819213 -0.4713967 0 0.7730104 -0.6343933 0 0.6343933 -0.7730104 0 0.4713967 -0.8819213 0 0.2902846 -0.9569404 0 0.09801727 -0.9951847 0 -0.09801727 -0.9951847 0 -0.2902846 -0.9569404 0 -0.4713967 -0.8819213 0 -0.6343933 -0.7730104 0 -0.7730104 -0.6343933 0 -0.8819213 -0.4713967 0 -0.9569404 -0.2902846 0 -0.9951847 -0.09801727 0 -0.9951847 0.09801727 0 -0.9569404 0.2902846 0 -0.8819213 0.4713967 0 -0.7730104 0.6343933 0 -0.6343933 0.7730104 0 -0.4713967 0.8819213 0 0 0 1 -0.2902846 0.9569404 0 -0.09801727 0.9951847 0 0 0 -1 0.09801727 0.9951847 0 0.2902846 0.9569404 0 0.4713967 0.8819213 0 0.6343933 0.7730104 0 0.7730104 0.6343933 0 0.8819213 0.4713967 0 0.9569404 0.2902846 0 0.9951847 0.09801727 0 0.9951847 -0.09801727 0 0.9569404 -0.2902846 0 0.8819213 -0.4713967 0 0.7730104 -0.6343933 0 0.6343933 -0.7730104 0 0.4713967 -0.8819213 0 0.2902846 -0.9569404 0 0.09801727 -0.9951847 0 -0.09801727 -0.9951847 0 -0.2902846 -0.9569404 0 -0.4713967 -0.8819213 0 -0.6343933 -0.7730104 0 -0.7730104 -0.6343933 0 -0.8819213 -0.4713967 0 -0.9569404 -0.2902846 0 -0.9951847 -0.09801727 0 -0.9951847 0.09801727 0 -0.9569404 0.2902846 0 -0.8819213 0.4713967 0 -0.7730104 0.6343933 0 -0.6343933 0.7730104 0 -0.4713967 0.8819213 0 0 0 1 0 0 1 0 0 1 0 0 1 0 0 1 0 0 1 0 0 1 0 0 1 0 0 1 0 0 1 0 0 1 0 0 1 0 0 1 0 0 1 0 0 1 0 0 1 0 0 1 0 0 1 0 0 1 0 0 1 0 0 1 0 0 1 0 0 1 0 0 1 0 0 1 0 0 1 0 0 1 0 0 1 0 0 1 -0.2902846 0.9569404 0 -0.09801727 0.9951847 0 0 0 -1 0 0 -1 0 0 -1 0 0 -1 0 0 -1 0 0 -1 0 0 -1 0 0 -1 0 0 -1 0 0 -1 0 0 -1 0 0 -1 0 0 -1 0 0 -1 0 0 -1 0 0 -1 0 0 -1 0 0 -1 0 0 -1 0 0 -1 0 0 -1 0 0 -1 0 0 -1 0 0 -1 0 0 -1 0 0 -1 0 0 -1 0 0 -1 0 0 -1</float_array>
          <technique_common>
            <accessor source="#Cylinder_001-mesh-normals-array" count="124" stride="3">
              <param name="X" type="float"/>
              <param name="Y" type="float"/>
              <param name="Z" type="float"/>
            </accessor>
          </technique_common>
        </source>
        <source id="Cylinder_001-mesh-map-0">
          <float_array id="Cylinder_001-mesh-map-0-array" count="744">1 1 0.96875 0.5 1 0.5 0.96875 1 0.9375 0.5 0.96875 0.5 0.9375 1 0.90625 0.5 0.9375 0.5 0.90625 1 0.875 0.5 0.90625 0.5 0.875 1 0.84375 0.5 0.875 0.5 0.84375 1 0.8125 0.5 0.84375 0.5 0.8125 1 0.78125 0.5 0.8125 0.5 0.78125 1 0.75 0.5 0.78125 0.5 0.75 1 0.71875 0.5 0.75 0.5 0.71875 1 0.6875 0.5 0.71875 0.5 0.6875 1 0.65625 0.5 0.6875 0.5 0.65625 1 0.625 0.5 0.65625 0.5 0.625 1 0.59375 0.5 0.625 0.5 0.59375 1 0.5625 0.5 0.59375 0.5 0.5625 1 0.53125 0.5 0.5625 0.5 0.53125 1 0.5 0.5 0.53125 0.5 0.5 1 0.46875 0.5 0.5 0.5 0.46875 1 0.4375 0.5 0.46875 0.5 0.4375 1 0.40625 0.5 0.4375 0.5 0.40625 1 0.375 0.5 0.40625 0.5 0.375 1 0.34375 0.5 0.375 0.5 0.34375 1 0.3125 0.5 0.34375 0.5 0.3125 1 0.28125 0.5 0.3125 0.5 0.28125 1 0.25 0.5 0.28125 0.5 0.25 1 0.21875 0.5 0.25 0.5 0.21875 1 0.1875 0.5 0.21875 0.5 0.1875 1 0.15625 0.5 0.1875 0.5 0.15625 1 0.125 0.5 0.15625 0.5 0.125 1 0.09375 0.5 0.125 0.5 0.09375 1 0.0625 0.5 0.09375 0.5 0.1581559 0.02826887 0.4717311 0.1581559 0.341844 0.4717311 0.0625 1 0.03125 0.5 0.0625 0.5 0.03125 1 0 0.5 0.03125 0.5 0.7968217 0.01461154 0.5146116 0.2031783 0.7031784 0.4853885 1 1 0.96875 1 0.96875 0.5 0.96875 1 0.9375 1 0.9375 0.5 0.9375 1 0.90625 1 0.90625 0.5 0.90625 1 0.875 1 0.875 0.5 0.875 1 0.84375 1 0.84375 0.5 0.84375 1 0.8125 1 0.8125 0.5 0.8125 1 0.78125 1 0.78125 0.5 0.78125 1 0.75 1 0.75 0.5 0.75 1 0.71875 1 0.71875 0.5 0.71875 1 0.6875 1 0.6875 0.5 0.6875 1 0.65625 1 0.65625 0.5 0.65625 1 0.625 1 0.625 0.5 0.625 1 0.59375 1 0.59375 0.5 0.59375 1 0.5625 1 0.5625 0.5 0.5625 1 0.53125 1 0.53125 0.5 0.53125 1 0.5 1 0.5 0.5 0.5 1 0.46875 1 0.46875 0.5 0.46875 1 0.4375 1 0.4375 0.5 0.4375 1 0.40625 1 0.40625 0.5 0.40625 1 0.375 1 0.375 0.5 0.375 1 0.34375 1 0.34375 0.5 0.34375 1 0.3125 1 0.3125 0.5 0.3125 1 0.28125 1 0.28125 0.5 0.28125 1 0.25 1 0.25 0.5 0.25 1 0.21875 1 0.21875 0.5 0.21875 1 0.1875 1 0.1875 0.5 0.1875 1 0.15625 1 0.15625 0.5 0.15625 1 0.125 1 0.125 0.5 0.125 1 0.09375 1 0.09375 0.5 0.09375 1 0.0625 1 0.0625 0.5 0.341844 0.4717311 0.2968217 0.4853885 0.25 0.49 0.25 0.49 0.2031783 0.4853885 0.341844 0.4717311 0.2031783 0.4853885 0.1581559 0.4717311 0.341844 0.4717311 0.1581559 0.4717311 0.1166631 0.4495527 0.08029437 0.4197056 0.08029437 0.4197056 0.05044728 0.3833369 0.02826887 0.341844 0.02826887 0.341844 0.01461154 0.2968217 0.00999999 0.25 0.00999999 0.25 0.01461154 0.2031783 0.02826887 0.341844 0.01461154 0.2031783 0.02826887 0.1581559 0.02826887 0.341844 0.02826887 0.1581559 0.05044728 0.1166631 0.08029437 0.08029437 0.08029437 0.08029437 0.1166631 0.05044728 0.1581559 0.02826887 0.1581559 0.02826887 0.2031783 0.01461154 0.341844 0.02826887 0.2031783 0.01461154 0.25 0.00999999 0.341844 0.02826887 0.25 0.00999999 0.2968217 0.01461154 0.341844 0.02826887 0.341844 0.02826887 0.3833369 0.05044728 0.4197056 0.08029437 0.4197056 0.08029437 0.4495527 0.1166631 0.4717311 0.1581559 0.4717311 0.1581559 0.4853885 0.2031783 0.4717311 0.341844 0.4853885 0.2031783 0.49 0.25 0.4717311 0.341844 0.49 0.25 0.4853885 0.2968217 0.4717311 0.341844 0.4717311 0.341844 0.4495527 0.3833369 0.4197056 0.4197056 0.4197056 0.4197056 0.3833369 0.4495527 0.341844 0.4717311 0.1581559 0.4717311 0.08029437 0.4197056 0.341844 0.4717311 0.08029437 0.4197056 0.02826887 0.341844 0.341844 0.4717311 0.02826887 0.1581559 0.08029437 0.08029437 0.02826887 0.341844 0.08029437 0.08029437 0.1581559 0.02826887 0.02826887 0.341844 0.341844 0.02826887 0.4197056 0.08029437 0.1581559 0.02826887 0.4197056 0.08029437 0.4717311 0.1581559 0.1581559 0.02826887 0.4717311 0.341844 0.4197056 0.4197056 0.4717311 0.1581559 0.4197056 0.4197056 0.341844 0.4717311 0.4717311 0.1581559 0.341844 0.4717311 0.02826887 0.341844 0.1581559 0.02826887 0.0625 1 0.03125 1 0.03125 0.5 0.03125 1 0 1 0 0.5 0.7031784 0.4853885 0.75 0.49 0.7968217 0.4853885 0.7968217 0.4853885 0.841844 0.4717311 0.8833369 0.4495527 0.8833369 0.4495527 0.9197056 0.4197056 0.9495527 0.3833369 0.9495527 0.3833369 0.9717311 0.341844 0.9853885 0.2968217 0.9853885 0.2968217 0.99 0.25 0.9853885 0.2031783 0.9853885 0.2031783 0.9717311 0.1581559 0.9495527 0.1166631 0.9495527 0.1166631 0.9197056 0.08029437 0.8833369 0.05044728 0.8833369 0.05044728 0.841844 0.02826887 0.7968217 0.01461154 0.7968217 0.01461154 0.75 0.00999999 0.7031784 0.01461154 0.7031784 0.01461154 0.658156 0.02826887 0.6166632 0.05044728 0.6166632 0.05044728 0.5802944 0.08029437 0.5504473 0.1166631 0.5504473 0.1166631 0.5282689 0.1581559 0.5146116 0.2031783 0.5146116 0.2031783 0.51 0.25 0.5146116 0.2968217 0.5146116 0.2968217 0.5282689 0.341844 0.5504473 0.3833369 0.5504473 0.3833369 0.5802944 0.4197056 0.6166632 0.4495527 0.6166632 0.4495527 0.658156 0.4717311 0.7031784 0.4853885 0.7031784 0.4853885 0.7968217 0.4853885 0.9853885 0.2968217 0.7968217 0.4853885 0.8833369 0.4495527 0.9853885 0.2968217 0.8833369 0.4495527 0.9495527 0.3833369 0.9853885 0.2968217 0.9853885 0.2968217 0.9853885 0.2031783 0.7968217 0.01461154 0.9853885 0.2031783 0.9495527 0.1166631 0.7968217 0.01461154 0.9495527 0.1166631 0.8833369 0.05044728 0.7968217 0.01461154 0.7968217 0.01461154 0.7031784 0.01461154 0.5146116 0.2031783 0.7031784 0.01461154 0.6166632 0.05044728 0.5146116 0.2031783 0.6166632 0.05044728 0.5504473 0.1166631 0.5146116 0.2031783 0.5146116 0.2031783 0.5146116 0.2968217 0.7031784 0.4853885 0.5146116 0.2968217 0.5504473 0.3833369 0.7031784 0.4853885 0.5504473 0.3833369 0.6166632 0.4495527 0.7031784 0.4853885 0.7031784 0.4853885 0.9853885 0.2968217 0.7968217 0.01461154</float_array>
          <technique_common>
            <accessor source="#Cylinder_001-mesh-map-0-array" count="372" stride="2">
              <param name="S" type="float"/>
              <param name="T" type="float"/>
            </accessor>
          </technique_common>
        </source>
        <vertices id="Cylinder_001-mesh-vertices">
          <input semantic="POSITION" source="#Cylinder_001-mesh-positions"/>
        </vertices>
        <triangles material="Material_006-material" count="124">
          <input semantic="VERTEX" source="#Cylinder_001-mesh-vertices" offset="0"/>
          <input semantic="NORMAL" source="#Cylinder_001-mesh-normals" offset="1"/>
          <input semantic="TEXCOORD" source="#Cylinder_001-mesh-map-0" offset="2" set="0"/>
          <p>1 0 0 2 0 1 0 0 2 3 1 3 4 1 4 2 1 5 5 2 6 6 2 7 4 2 8 7 3 9 8 3 10 6 3 11 9 4 12 10 4 13 8 4 14 11 5 15 12 5 16 10 5 17 13 6 18 14 6 19 12 6 20 15 7 21 16 7 22 14 7 23 17 8 24 18 8 25 16 8 26 19 9 27 20 9 28 18 9 29 21 10 30 22 10 31 20 10 32 23 11 33 24 11 34 22 11 35 25 12 36 26 12 37 24 12 38 27 13 39 28 13 40 26 13 41 29 14 42 30 14 43 28 14 44 31 15 45 32 15 46 30 15 47 33 16 48 34 16 49 32 16 50 35 17 51 36 17 52 34 17 53 37 18 54 38 18 55 36 18 56 39 19 57 40 19 58 38 19 59 41 20 60 42 20 61 40 20 62 43 21 63 44 21 64 42 21 65 45 22 66 46 22 67 44 22 68 47 23 69 48 23 70 46 23 71 49 24 72 50 24 73 48 24 74 51 25 75 52 25 76 50 25 77 53 26 78 54 26 79 52 26 80 55 27 81 56 27 82 54 27 83 57 28 84 58 28 85 56 28 86 59 29 87 60 29 88 58 29 89 37 30 90 21 30 91 5 30 92 61 31 93 62 31 94 60 31 95 63 32 96 0 32 97 62 32 98 30 33 99 46 33 100 62 33 101 1 34 102 3 34 103 2 34 104 3 35 105 5 35 106 4 35 107 5 36 108 7 36 109 6 36 110 7 37 111 9 37 112 8 37 113 9 38 114 11 38 115 10 38 116 11 39 117 13 39 118 12 39 119 13 40 120 15 40 121 14 40 122 15 41 123 17 41 124 16 41 125 17 42 126 19 42 127 18 42 128 19 43 129 21 43 130 20 43 131 21 44 132 23 44 133 22 44 134 23 45 135 25 45 136 24 45 137 25 46 138 27 46 139 26 46 140 27 47 141 29 47 142 28 47 143 29 48 144 31 48 145 30 48 146 31 49 147 33 49 148 32 49 149 33 50 150 35 50 151 34 50 152 35 51 153 37 51 154 36 51 155 37 52 156 39 52 157 38 52 158 39 53 159 41 53 160 40 53 161 41 54 162 43 54 163 42 54 164 43 55 165 45 55 166 44 55 167 45 56 168 47 56 169 46 56 170 47 57 171 49 57 172 48 57 173 49 58 174 51 58 175 50 58 176 51 59 177 53 59 178 52 59 179 53 60 180 55 60 181 54 60 182 55 61 183 57 61 184 56 61 185 57 62 186 59 62 187 58 62 188 59 63 189 61 63 190 60 63 191 5 64 192 3 64 193 1 64 194 1 65 195 63 65 196 5 65 197 63 66 198 61 66 199 5 66 200 61 67 201 59 67 202 57 67 203 57 68 204 55 68 205 53 68 206 53 69 207 51 69 208 49 69 209 49 70 210 47 70 211 53 70 212 47 71 213 45 71 214 53 71 215 45 72 216 43 72 217 41 72 218 41 73 219 39 73 220 37 73 221 37 74 222 35 74 223 29 74 224 35 75 225 33 75 226 29 75 227 33 76 228 31 76 229 29 76 230 29 77 231 27 77 232 25 77 233 25 78 234 23 78 235 21 78 236 21 79 237 19 79 238 13 79 239 19 80 240 17 80 241 13 80 242 17 81 243 15 81 244 13 81 245 13 82 246 11 82 247 9 82 248 9 83 249 7 83 250 5 83 251 61 84 252 57 84 253 5 84 254 57 85 255 53 85 256 5 85 257 45 86 258 41 86 259 53 86 260 41 87 261 37 87 262 53 87 263 29 88 264 25 88 265 37 88 266 25 89 267 21 89 268 37 89 269 13 90 270 9 90 271 21 90 272 9 91 273 5 91 274 21 91 275 5 92 276 53 92 277 37 92 278 61 93 279 63 93 280 62 93 281 63 94 282 1 94 283 0 94 284 62 95 285 0 95 286 2 95 287 2 96 288 4 96 289 6 96 290 6 97 291 8 97 292 10 97 293 10 98 294 12 98 295 14 98 296 14 99 297 16 99 298 18 99 299 18 100 300 20 100 301 22 100 302 22 101 303 24 101 304 26 101 305 26 102 306 28 102 307 30 102 308 30 103 309 32 103 310 34 103 311 34 104 312 36 104 313 38 104 314 38 105 315 40 105 316 42 105 317 42 106 318 44 106 319 46 106 320 46 107 321 48 107 322 50 107 323 50 108 324 52 108 325 54 108 326 54 109 327 56 109 328 58 109 329 58 110 330 60 110 331 62 110 332 62 111 333 2 111 334 14 111 335 2 112 336 6 112 337 14 112 338 6 113 339 10 113 340 14 113 341 14 114 342 18 114 343 30 114 344 18 115 345 22 115 346 30 115 347 22 116 348 26 116 349 30 116 350 30 117 351 34 117 352 46 117 353 34 118 354 38 118 355 46 118 356 38 119 357 42 119 358 46 119 359 46 120 360 50 120 361 62 120 362 50 121 363 54 121 364 62 121 365 54 122 366 58 122 367 62 122 368 62 123 369 14 123 370 30 123 371</p>
        </triangles>
      </mesh>
    </geometry>
    <geometry id="Mesh-mesh" name="Mesh">
      <mesh>
        <source id="Mesh-mesh-positions">
          <float_array id="Mesh-mesh-positions-array" count="1008">-0.697453 -0.6580656 0 -0.7682249 -0.545183 0 -0.8447061 -0.4454492 0 -0.9221802 -0.3579377 0 -0.9959309 -0.2817215 0 -1.061242 -0.215874 0 -1.113397 -0.1594683 0 -1.14768 -0.1115776 0 -1.159375 -0.07127517 0 -1.143765 -0.03763413 0 -1.096133 -0.009727776 0 -1.011765 0.01337069 0 -0.8859424 0.03258788 0 -0.7887624 0.04894661 0 -0.6973865 0.07403576 0 -0.6115476 0.1075534 0 -0.5309786 0.1491973 0 -0.4554123 0.1986657 0 -0.3845816 0.2556565 0 -0.3182196 0.3198677 0 -0.2560589 0.3909972 0 -0.1978325 0.4687431 0 -0.1432734 0.5528034 0 -0.09211444 0.642876 0 -0.04408836 0.7386589 0 -0.003606677 0.8049994 0 0.03317147 0.8249568 0 0.0694999 0.8056676 0 0.1086325 0.7542681 0 0.1538229 0.6778943 0 0.2083251 0.5836827 0 0.2753929 0.4787696 0 0.3582801 0.3702912 0 0.4602404 0.2653838 0 0.5845279 0.1711837 0 0.7343961 0.09482723 0 0.9130989 0.04345047 0 0.9949154 0.02793186 0 1.062992 0.01308184 0 1.116202 -0.003344476 0 1.153418 -0.02359211 0 1.173511 -0.04990583 0 1.175354 -0.08453059 0 1.15782 -0.1297113 0 1.119781 -0.1876928 0 1.06011 -0.26072 0 0.9776793 -0.3510378 0 0.8713607 -0.4608911 0 0.7400271 -0.5925247 0 0.7055843 -0.6527383 0 0.694565 -0.7339485 0 0.7012991 -0.8301987 0 0.7201164 -0.9355323 0 0.745347 -1.043993 0 0.7713205 -1.149623 0 0.7923671 -1.246468 0 0.8028163 -1.32857 0 0.7969983 -1.389972 0 0.7692428 -1.424718 0 0.7138798 -1.426852 0 0.6252392 -1.390417 0 0.4922358 -1.313245 0 0.3849732 -1.241993 0 0.2982211 -1.178603 0 0.2267493 -1.125018 0 0.1653275 -1.083179 0 0.1087255 -1.05503 0 0.05171293 -1.042512 0 -0.01094037 -1.047568 0 -0.08446472 -1.07214 0 -0.1740904 -1.11817 0 -0.2850477 -1.187601 0 -0.4225665 -1.282375 0 -0.5732433 -1.37908 0 -0.6782658 -1.424898 0 -0.7443611 -1.426981 0 -0.7782561 -1.392484 0 -0.7866779 -1.32856 0 -0.7763536 -1.242363 0 -0.7540102 -1.141047 0 -0.7263748 -1.031766 0 -0.7001742 -0.9216733 0 -0.6821357 -0.817923 0 -0.6789863 -0.727669 0 -0.697453 -0.6580656 -0.18 -0.7682249 -0.545183 -0.18 -0.8447061 -0.4454492 -0.18 -0.9221802 -0.3579377 -0.18 -0.9959309 -0.2817215 -0.18 -1.061242 -0.215874 -0.18 -1.113397 -0.1594683 -0.18 -1.14768 -0.1115776 -0.18 -1.159375 -0.07127517 -0.18 -1.143765 -0.03763413 -0.18 -1.096133 -0.009727776 -0.18 -1.011765 0.01337069 -0.18 -0.8859424 0.03258788 -0.18 -0.7887624 0.04894661 -0.18 -0.6973865 0.07403576 -0.18 -0.6115476 0.1075534 -0.18 -0.5309786 0.1491973 -0.18 -0.4554123 0.1986657 -0.18 -0.3845816 0.2556565 -0.18 -0.3182196 0.3198677 -0.18 -0.2560589 0.3909972 -0.18 -0.1978325 0.4687431 -0.18 -0.1432734 0.5528034 -0.18 -0.09211444 0.642876 -0.18 -0.04408836 0.7386589 -0.18 -0.003606677 0.8049994 -0.18 0.03317147 0.8249568 -0.18 0.0694999 0.8056676 -0.18 0.1086325 0.7542681 -0.18 0.1538229 0.6778943 -0.18 0.2083251 0.5836827 -0.18 0.2753929 0.4787696 -0.18 0.3582801 0.3702912 -0.18 0.4602404 0.2653838 -0.18 0.5845279 0.1711837 -0.18 0.7343961 0.09482723 -0.18 0.9130989 0.04345047 -0.18 0.9949154 0.02793186 -0.18 1.062992 0.01308184 -0.18 1.116202 -0.003344476 -0.18 1.153418 -0.02359211 -0.18 1.173511 -0.04990583 -0.18 1.175354 -0.08453059 -0.18 1.15782 -0.1297113 -0.18 1.119781 -0.1876928 -0.18 1.06011 -0.26072 -0.18 0.9776793 -0.3510378 -0.18 0.8713607 -0.4608911 -0.18 0.7400271 -0.5925247 -0.18 0.7055843 -0.6527383 -0.18 0.694565 -0.7339485 -0.18 0.7012991 -0.8301987 -0.18 0.7201164 -0.9355323 -0.18 0.745347 -1.043993 -0.18 0.7713205 -1.149623 -0.18 0.7923671 -1.246468 -0.18 0.8028163 -1.32857 -0.18 0.7969983 -1.389972 -0.18 0.7692428 -1.424718 -0.18 0.7138798 -1.426852 -0.18 0.6252392 -1.390417 -0.18 0.4922358 -1.313245 -0.18 0.3849732 -1.241993 -0.18 0.2982211 -1.178603 -0.18 0.2267493 -1.125018 -0.18 0.1653275 -1.083179 -0.18 0.1087255 -1.05503 -0.18 0.05171293 -1.042512 -0.18 -0.01094037 -1.047568 -0.18 -0.08446472 -1.07214 -0.18 -0.1740904 -1.11817 -0.18 -0.2850477 -1.187601 -0.18 -0.4225665 -1.282375 -0.18 -0.5732433 -1.37908 -0.18 -0.6782658 -1.424898 -0.18 -0.7443611 -1.426981 -0.18 -0.7782561 -1.392484 -0.18 -0.7866779 -1.32856 -0.18 -0.7763536 -1.242363 -0.18 -0.7540102 -1.141047 -0.18 -0.7263748 -1.031766 -0.18 -0.7001742 -0.9216733 -0.18 -0.6821357 -0.817923 -0.18 -0.6789863 -0.727669 -0.18 -0.7231524 -0.6667211 -0.08999997 -0.7964951 -0.5497379 -0.08999997 -0.8757545 -0.4463813 -0.08999997 -0.9560429 -0.3556908 -0.08999997 -1.032473 -0.2767061 -0.08999997 -1.100156 -0.2084666 -0.08999997 -1.154206 -0.1500119 -0.08999997 -1.189734 -0.1003816 -0.08999997 -1.201854 -0.05861514 -0.08999997 -1.185676 -0.02375209 -0.08999997 -1.136315 0.005167961 -0.08999997 -1.048881 0.02910554 -0.08999997 -0.9184888 0.04902082 -0.08999997 -0.8177787 0.06597381 -0.08999997 -0.7230834 0.09197431 -0.08999997 -0.6341264 0.1267095 -0.08999997 -0.5506306 0.1698662 -0.08999997 -0.4723194 0.2211315 -0.08999997 -0.3989158 0.2801925 -0.08999997 -0.330143 0.3467362 -0.08999997 -0.2657244 0.4204495 -0.08999997 -0.2053829 0.5010196 -0.08999997 -0.1488419 0.5881335 -0.08999997 -0.09582453 0.681478 -0.08999997 -0.04605388 0.7807403 -0.08999997 -0.004101634 0.8494905 -0.08999997 0.03401243 0.8701731 -0.08999997 0.07166051 0.8501831 -0.08999997 0.1122146 0.7969164 -0.08999997 0.1590466 0.7177684 -0.08999997 0.2155287 0.6201345 -0.08999997 0.2850327 0.5114104 -0.08999997 0.3709308 0.3989914 -0.08999997 0.4765949 0.2902731 -0.08999997 0.6053972 0.1926512 -0.08999997 0.7607095 0.113521 -0.08999997 0.9459038 0.06027799 -0.08999997 1.030692 0.04419565 -0.08999997 1.101242 0.0288062 -0.08999997 1.156385 0.01178312 -0.08999997 1.194952 -0.009199976 -0.08999997 1.215775 -0.03646957 -0.08999997 1.217686 -0.07235211 -0.08999997 1.199515 -0.119174 -0.08999997 1.160094 -0.1792617 -0.08999997 1.098255 -0.2549417 -0.08999997 1.01283 -0.3485403 -0.08999997 0.9026494 -0.4623841 -0.08999997 0.7665451 -0.5987993 -0.08999997 0.7308511 -0.6612002 -0.08999997 0.7194315 -0.7453604 -0.08999997 0.7264102 -0.845107 -0.08999997 0.7459111 -0.9542669 -0.08999997 0.7720581 -1.066667 -0.08999997 0.7989752 -1.176135 -0.08999997 0.8207862 -1.276498 -0.08999997 0.8316151 -1.361582 -0.08999997 0.8255858 -1.425215 -0.08999997 0.796822 -1.461223 -0.08999997 0.7394479 -1.463434 -0.08999997 0.6475874 -1.425675 -0.08999997 0.5097526 -1.3457 -0.08999997 0.3985936 -1.27186 -0.08999997 0.3086902 -1.206167 -0.08999997 0.2346221 -1.150636 -0.08999997 0.1709691 -1.107277 -0.08999997 0.112311 -1.078105 -0.08999997 0.05322742 -1.065133 -0.08999997 -0.01170176 -1.070372 -0.08999997 -0.08789694 -1.095837 -0.08999997 -0.1807783 -1.143539 -0.08999997 -0.2957662 -1.215492 -0.08999997 -0.4382805 -1.313709 -0.08999997 -0.5944307 -1.413927 -0.08999997 -0.7032682 -1.461409 -0.08999997 -0.7717643 -1.463568 -0.08999997 -0.8068907 -1.427818 -0.08999997 -0.8156184 -1.361572 -0.08999997 -0.8049191 -1.272243 -0.08999997 -0.781764 -1.167247 -0.08999997 -0.7531247 -1.053996 -0.08999997 -0.7259724 -0.9399045 -0.08999997 -0.7072787 -0.8323854 -0.08999997 -0.7040148 -0.7388528 -0.08999997 -0.5848646 -0.6201462 0.05104386 -0.6443737 -0.5252278 0.05104386 -0.7086835 -0.4413659 0.05104386 -0.7738283 -0.3677811 0.05104386 -0.8358423 -0.3036941 0.05104386 -0.8907596 -0.2483257 0.05104386 -0.9346148 -0.2008965 0.05104386 -0.963442 -0.1606271 0.05104386 -0.9732755 -0.1267385 0.05104386 -0.9601495 -0.09845119 0.05104386 -0.9200983 -0.07498586 0.05104386 -0.8491562 -0.05556333 0.05104386 -0.7433575 -0.03940433 0.05104386 -0.6616429 -0.02564895 0.05104386 -0.5848087 -0.004552543 0.05104386 -0.5126303 0.02363097 0.05104386 -0.4448832 0.05864763 0.05104386 -0.3813426 0.1002435 0.05104386 -0.3217841 0.1481647 0.05104386 -0.265983 0.2021572 0.05104386 -0.2137146 0.261967 0.05104386 -0.1647545 0.3273404 0.05104386 -0.1188781 0.3980231 0.05104386 -0.07586061 0.4737614 0.05104386 -0.03547745 0.5543013 0.05104386 -0.001438081 0.6100842 0.05104386 0.02948707 0.6268656 0.05104386 0.06003415 0.6106461 0.05104386 0.09293907 0.5674263 0.05104386 0.1309379 0.503207 0.05104386 0.1767665 0.4239883 0.05104386 0.233161 0.3357712 0.05104386 0.3028574 0.2445562 0.05104386 0.3885916 0.1563439 0.05104386 0.4930997 0.07713508 0.05104386 0.6191177 0.01293009 0.05104386 0.7693815 -0.03027039 0.05104386 0.8381775 -0.0433194 0.05104386 0.8954206 -0.05580621 0.05104386 0.9401625 -0.06961846 0.05104386 0.9714553 -0.08664387 0.05104386 0.9883508 -0.1087699 0.05104386 0.9899008 -0.1378844 0.05104386 0.9751573 -0.175875 0.05104386 0.9431722 -0.2246292 0.05104386 0.8929972 -0.2860348 0.05104386 0.8236843 -0.3619793 0.05104386 0.7342855 -0.4543503 0.05104386 0.6238526 -0.5650355 0.05104386 0.594891 -0.6156666 0.05104386 0.5856254 -0.6839529 0.05104386 0.5912878 -0.7648857 0.05104386 0.6071105 -0.8534563 0.05104386 0.6283258 -0.9446563 0.05104386 0.6501659 -1.033477 0.05104386 0.667863 -1.114909 0.05104386 0.6766495 -1.183945 0.05104386 0.6717573 -1.235576 0.05104386 0.6484189 -1.264793 0.05104386 0.6018664 -1.266587 0.05104386 0.5273322 -1.23595 0.05104386 0.4154952 -1.171059 0.05104386 0.3253025 -1.111146 0.05104386 0.2523563 -1.057844 0.05104386 0.1922586 -1.012787 0.05104386 0.1406116 -0.9776067 0.05104386 0.09301733 -0.9539371 0.05104386 0.04507786 -0.9434112 0.05104386 -0.007604658 -0.9476625 0.05104386 -0.06942826 -0.968324 0.05104386 -0.1447908 -1.007029 0.05104386 -0.2380901 -1.06541 0.05104386 -0.353724 -1.145102 0.05104386 -0.4804219 -1.226418 0.05104386 -0.5687309 -1.264944 0.05104386 -0.6243076 -1.266695 0.05104386 -0.6528085 -1.237688 0.05104386 -0.6598901 -1.183937 0.05104386 -0.6512088 -1.111458 0.05104386 -0.6324212 -1.026265 0.05104386 -0.6091836 -0.9343752 0.05104386 -0.5871528 -0.841803 0.05104386 -0.5719849 -0.7545636 0.05104386 -0.5693367 -0.6786727 0.05104386</float_array>
          <technique_common>
            <accessor source="#Mesh-mesh-positions-array" count="336" stride="3">
              <param name="X" type="float"/>
              <param name="Y" type="float"/>
              <param name="Z" type="float"/>
            </accessor>
          </technique_common>
        </source>
        <source id="Mesh-mesh-normals">
          <float_array id="Mesh-mesh-normals-array" count="2004">0.4746239 0.1104089 0.8732365 0 0 -1 -0.8130686 -0.509754 -0.2811947 -0.764134 -0.585979 -0.2696812 -0.7237296 -0.6407191 -0.2563095 -0.6966785 -0.6741428 -0.2452968 -0.6889519 -0.683339 -0.2416468 -0.7103279 -0.6568012 -0.253074 -0.7772041 -0.5563694 -0.2939503 -0.887319 -0.2574731 -0.3825866 -0.8154189 0.378374 -0.4380927 -0.474331 0.8096019 -0.345767 -0.2544457 0.9293782 -0.2674205 -0.1469753 0.9623013 -0.2288548 -0.1614123 0.9588779 -0.2334505 -0.2557591 0.9314874 -0.2586863 -0.3493781 0.8947612 -0.2780961 -0.4392797 0.8498796 -0.2910977 -0.5228929 0.7987548 -0.2976138 -0.5983884 0.7437036 -0.298054 -0.6648051 0.6870745 -0.2931942 -0.7219771 0.6309413 -0.2840108 -0.7703393 0.5769309 -0.2715293 -0.8106977 0.5261812 -0.2567148 -0.8440318 0.479389 -0.240409 -0.87135 0.4368997 -0.223311 -0.8257126 0.5038594 -0.2536227 -0.4370202 0.8053521 -0.4005265 0.4279577 0.8059939 -0.4089327 0.7580764 0.577153 -0.3036686 0.8297013 0.4909363 -0.2656636 0.8352248 0.4831842 -0.2625504 0.8101597 0.5179106 -0.2746086 0.7599651 0.580681 -0.2919978 0.6823828 0.6632136 -0.3074111 0.5735793 0.7567795 -0.313515 0.4326438 0.8491688 -0.3028723 0.2660443 0.9253779 -0.2699931 0.1807202 0.9527834 -0.2440162 0.2062024 0.9452918 -0.2527923 0.2831258 0.9171279 -0.2805641 0.4495146 0.8262132 -0.3395709 0.7209985 0.5505521 -0.4207774 0.9013428 0.04798901 -0.4304396 0.8686804 -0.3371211 -0.3629652 0.7956194 -0.5219655 -0.3074763 0.7442022 -0.6080942 -0.2763773 0.7131263 -0.6508541 -0.2604608 0.6952214 -0.6728522 -0.2528578 0.6854959 -0.6839336 -0.2496598 0.8335933 -0.4768243 -0.2788563 0.9514953 -0.1291069 -0.2792634 0.9638538 0.06743532 -0.2577562 0.9560192 0.1707884 -0.2384507 0.9487966 0.220713 -0.2259881 0.9467675 0.2328007 -0.2223401 0.9506996 0.2066085 -0.2312642 0.9574343 0.121855 -0.2616696 0.9387212 -0.08894592 -0.3330031 0.7009068 -0.5598877 -0.4418772 0.03554552 -0.9222475 -0.3849624 -0.3672291 -0.8933977 -0.2588112 -0.4907291 -0.8457559 -0.2094801 -0.5433264 -0.8179228 -0.1892057 -0.5807842 -0.7948321 -0.1758744 -0.59086 -0.7880871 -0.1726366 -0.5534754 -0.8125417 -0.1828683 -0.4356272 -0.8759472 -0.2072328 -0.2084439 -0.949356 -0.2351049 0.07799696 -0.9665698 -0.2442523 0.3083804 -0.9227402 -0.2311968 0.4464813 -0.8693472 -0.2118724 0.5201979 -0.8313271 -0.1956771 0.5577342 -0.8092826 -0.1843751 0.5297769 -0.8254435 -0.1948832 0.3869308 -0.8869175 -0.2523131 0.02928203 -0.9290612 -0.3687654 -0.6374635 -0.6263359 -0.4487133 -0.9308176 -0.1226326 -0.3442961 -0.9572014 0.1146495 -0.2657458 -0.9499044 0.2094841 -0.2319443 -0.9453072 0.2390529 -0.2219188 -0.9476692 0.2255322 -0.2259606 -0.9563164 0.1662694 -0.240444 -0.9639649 0.03363823 -0.2638939 -0.9256272 -0.2455828 -0.2879294 -0.9256272 -0.2455828 0.2879294 -0.963965 0.03363823 0.2638939 -0.9563164 0.1662695 0.240444 -0.9476692 0.2255322 0.2259606 -0.9453072 0.239053 0.2219188 -0.9499044 0.2094841 0.2319443 -0.9572014 0.1146495 0.2657458 -0.9308176 -0.1226326 0.3442961 -0.6374635 -0.6263359 0.4487134 0.02928203 -0.9290612 0.3687654 0.3869308 -0.8869175 0.252313 0.5297769 -0.8254435 0.1948832 0.5577342 -0.8092826 0.1843751 0.5201978 -0.8313271 0.1956771 0.4464813 -0.8693472 0.2118724 0.3083804 -0.9227402 0.2311968 0.0779969 -0.9665698 0.2442523 -0.2084439 -0.949356 0.2351049 -0.4356272 -0.8759472 0.2072328 -0.5534754 -0.8125417 0.1828683 -0.59086 -0.7880871 0.1726366 -0.5807842 -0.7948321 0.1758744 -0.5433264 -0.8179228 0.1892057 -0.490729 -0.8457559 0.2094802 -0.3672291 -0.8933977 0.2588112 0.03554552 -0.9222475 0.3849624 0.7009068 -0.5598877 0.4418773 0.9387212 -0.08894592 0.3330031 0.9574343 0.121855 0.2616696 0.9506996 0.2066086 0.2312642 0.9467675 0.2328007 0.2223401 0.9487966 0.220713 0.2259881 0.9560192 0.1707884 0.2384507 0.9638538 0.06743532 0.2577562 0.9514953 -0.1291069 0.2792634 0.8335933 -0.4768243 0.2788563 0.685496 -0.6839337 0.2496598 0.6952214 -0.6728522 0.2528578 0.7131263 -0.6508542 0.2604608 0.7442022 -0.6080942 0.2763772 0.7956194 -0.5219655 0.3074763 0.8686804 -0.3371211 0.3629652 0.9013428 0.04798901 0.4304396 0.7209985 0.5505521 0.4207774 0.4495146 0.8262133 0.3395709 0.2831258 0.9171279 0.280564 0.2062024 0.9452918 0.2527924 0.1807202 0.9527834 0.2440162 0.2660443 0.9253779 0.2699931 0.4326438 0.8491688 0.3028723 0.5735793 0.7567795 0.313515 0.6823828 0.6632135 0.3074111 0.7599651 0.580681 0.2919977 0.8101597 0.5179106 0.2746086 0.8352248 0.4831842 0.2625504 0.8297013 0.4909363 0.2656636 0.7580764 0.577153 0.3036687 0.4279578 0.805994 0.4089327 -0.4370201 0.8053521 0.4005264 -0.8257126 0.5038594 0.2536226 -0.87135 0.4368998 0.223311 -0.8440318 0.479389 0.240409 -0.8106977 0.5261812 0.2567148 -0.7703393 0.5769309 0.2715293 -0.7219772 0.6309413 0.2840108 -0.6648051 0.6870746 0.2931942 -0.5983884 0.7437036 0.2980539 -0.5228929 0.7987548 0.2976138 -0.4392797 0.8498796 0.2910977 -0.3493781 0.8947612 0.2780961 -0.2557591 0.9314874 0.2586863 -0.1614122 0.9588779 0.2334505 -0.1469753 0.9623013 0.2288548 -0.2544457 0.9293782 0.2674204 -0.474331 0.8096019 0.345767 -0.8154189 0.378374 0.4380926 -0.887319 -0.2574731 0.3825866 -0.777204 -0.5563696 0.2939503 -0.7103279 -0.6568011 0.2530739 -0.6889519 -0.683339 0.2416468 -0.6966785 -0.6741428 0.2452969 -0.7237296 -0.6407191 0.2563095 -0.764134 -0.5859789 0.2696811 -0.8130686 -0.5097539 0.2811947 0 0 1 0.1301582 0.2451342 0.9607122 -0.3423973 -0.2146663 0.9147034 -0.4793346 0.1212163 0.8692209 0.4793984 0.1178793 0.8696445 0.2994213 0.227961 0.9264883 -0.3329632 -0.255334 0.9077115 -0.4741027 0.1128295 0.8732103 0.4673709 0.1015703 0.8782072 0.3659435 0.2165299 0.9050968 -0.3284881 -0.2908111 0.8986237 -0.4563323 0.07934033 0.8862651 0.4274497 0.05440258 0.9024007 0.3718867 0.2151395 0.9030035 -0.3273254 -0.3167372 0.8902447 -0.4274538 0.01491576 0.9039142 0.3426412 -0.03246599 0.9389052 0.3478609 0.2223768 0.9107916 -0.3274856 -0.3248177 0.8872692 -0.3822504 -0.1014164 0.9184767 0.1986027 -0.1586447 0.967155 0.3101984 0.2370191 0.9206513 -0.3256651 -0.3011245 0.8962513 0.01141619 -0.2962028 0.9550569 0.266747 0.2592536 0.9282423 -0.3154758 -0.2258365 0.9216685 -0.165396 -0.4023762 0.9004096 0.2205003 0.2909277 0.930989 -0.2865701 -0.0831539 0.9544438 -0.2595591 -0.4473423 0.8558703 0.1712625 0.3361445 0.9261081 -0.2328833 0.1080635 0.9664822 -0.3085765 -0.4645307 0.8300554 0.1158176 0.4028467 0.9079101 -0.1675546 0.2859867 0.9434708 -0.3461773 -0.4737609 0.8097603 0.08525562 0.4494803 0.8892126 -0.1116293 0.4077337 0.9062517 -0.3563997 -0.4753641 0.8043682 0.09462106 0.4337705 0.8960413 -0.07282894 0.476837 0.8759695 -0.321599 -0.4721299 0.8207725 0.1194495 0.3869323 0.9143387 -0.07878595 0.4680326 0.8801921 -0.2322061 -0.4669147 0.8532707 0.1613154 0.2964997 0.9413104 -0.1152352 0.4196927 0.9003215 -0.1011964 -0.4608953 0.881666 0.2136597 0.1631498 0.9631883 -0.1484737 0.3802429 0.9128915 0.03676789 -0.4556434 0.8894028 0.2616177 0.01392811 0.9650711 -0.1797646 0.3477923 0.9201767 0.1516358 -0.4537267 0.878145 0.2940186 -0.1141038 0.9489644 -0.210059 0.3208795 0.9235321 0.2342265 -0.4560643 0.8585705 0.3109561 -0.2040026 0.9282722 -0.2400894 0.2983937 0.9237523 0.2887158 -0.4613962 0.8389021 0.3178699 -0.259734 0.9118646 -0.2704327 0.2794915 0.9212767 0.3223114 -0.4676797 0.8230378 0.3195593 -0.2916547 0.901565 -0.3015507 0.2635275 0.9163081 0.2948598 -0.4594201 0.837849 0.318955 -0.3086922 0.8960898 -0.3338126 0.2500026 0.9088827 0.177819 -0.4075943 0.8956826 0.3176601 -0.316936 0.8936687 -0.3674994 0.2385245 0.8989162 0.009772539 -0.3100639 0.9506655 0.3534566 -0.2021812 0.9133407 -0.402798 0.2287792 0.8862357 -0.1780901 -0.1749814 0.9683312 0.4029666 -0.05467796 0.9135799 -0.4397822 0.2205092 0.8706132 -0.3300342 -0.04348111 0.9429671 0.4355226 0.03047102 0.8996619 -0.3779181 0.23061 0.8966587 -0.422073 0.05055397 0.9051512 0.4591276 0.08202099 0.8845759 -0.1354387 0.2495899 0.9588332 -0.4659404 0.1027545 0.8788294 0.4746238 0.110409 0.8732365 0 0 -1 0 0 -1 0 0 -1 0 0 -1 0 0 -1 0 0 -1 0 0 -1 0 0 -1 0 0 -1 0 0 -1 0 0 -1 0 0 -1 0 0 -1 0 0 -1 0 0 -1 0 0 -1 0 0 -1 0 0 -1 0 0 -1 0 0 -1 0 0 -1 0 0 -1 0 0 -1 0 0 -1 0 0 -1 0 0 -1 0 0 -1 0 0 -1 0 0 -1 0 0 -1 0 0 -1 0 0 -1 0 0 -1 0 0 -1 0 0 -1 0 0 -1 0 0 -1 0 0 -1 0 0 -1 0 0 -1 0 0 -1 0 0 -1 0 0 -1 0 0 -1 0 0 -1 0 0 -1 0 0 -1 0 0 -1 0 0 -1 0 0 -1 0 0 -1 0 0 -1 0 0 -1 0 0 -1 0 0 -1 0 0 -1 0 0 -1 0 0 -1 0 0 -1 0 0 -1 0 0 -1 0 0 -1 0 0 -1 0 0 -1 0 0 -1 0 0 -1 0 0 -1 0 0 -1 0 0 -1 0 0 -1 0 0 -1 0 0 -1 0 0 -1 0 0 -1 0 0 -1 0 0 -1 0 0 -1 0 0 -1 0 0 -1 0 0 -1 0 0 -1 -0.8130688 -0.5097537 -0.2811943 -0.7641339 -0.5859791 -0.2696813 -0.7237296 -0.640719 -0.2563093 -0.6966789 -0.6741426 -0.2452965 -0.6889516 -0.6833392 -0.241647 -0.7103278 -0.6568014 -0.2530741 -0.7772039 -0.5563699 -0.2939504 -0.8873195 -0.2574717 -0.3825863 -0.8154191 0.3783736 -0.4380925 -0.474331 0.8096019 -0.345767 -0.2544454 0.9293781 -0.2674205 -0.1469753 0.9623013 -0.2288548 -0.1614122 0.9588779 -0.2334506 -0.2557593 0.9314873 -0.2586861 -0.3493779 0.8947612 -0.2780963 -0.43928 0.8498796 -0.2910974 -0.5228933 0.7987547 -0.2976135 -0.5983888 0.7437032 -0.2980545 -0.6648052 0.6870743 -0.2931943 -0.721977 0.6309418 -0.2840104 -0.7703393 0.5769309 -0.2715293 -0.8106978 0.5261811 -0.2567151 -0.8440318 0.4793891 -0.240409 -0.87135 0.4368998 -0.2233109 -0.8257125 0.5038596 -0.2536225 -0.4370221 0.8053508 -0.4005269 0.4279565 0.8059948 -0.4089324 0.7580761 0.5771535 -0.3036685 0.8297017 0.4909358 -0.2656641 0.8352246 0.4831846 -0.2625501 0.8101597 0.5179104 -0.2746087 0.7599651 0.5806811 -0.2919976 0.6823828 0.6632136 -0.307411 0.5735792 0.7567795 -0.3135151 0.4326436 0.8491688 -0.3028725 0.2660445 0.9253779 -0.2699927 0.18072 0.9527834 -0.2440163 0.2062023 0.9452918 -0.2527924 0.283126 0.9171279 -0.280564 0.4495151 0.826213 -0.3395708 0.7209978 0.5505528 -0.4207776 0.9013428 0.04798823 -0.4304398 0.8686804 -0.337121 -0.3629652 0.7956193 -0.5219657 -0.3074764 0.7442023 -0.6080942 -0.2763773 0.713126 -0.6508543 -0.2604612 0.6952219 -0.6728519 -0.2528572 0.685496 -0.6839336 -0.2496597 0.8335933 -0.4768243 -0.2788563 0.9514954 -0.1291072 -0.2792632 0.9638536 0.06743586 -0.2577567 0.9560192 0.1707883 -0.2384506 0.9487968 0.2207127 -0.2259878 0.9467674 0.232801 -0.2223403 0.9506997 0.2066084 -0.2312641 0.9574343 0.1218549 -0.2616695 0.9387212 -0.0889452 -0.3330034 0.7009066 -0.559888 -0.4418771 0.03554594 -0.9222475 -0.3849623 -0.3672289 -0.8933979 -0.2588111 -0.4907289 -0.8457561 -0.2094799 -0.5433264 -0.8179226 -0.1892058 -0.5807842 -0.794832 -0.1758744 -0.5908604 -0.7880866 -0.1726371 -0.5534755 -0.8125417 -0.1828683 -0.4356268 -0.8759474 -0.2072326 -0.2084447 -0.9493557 -0.2351054 0.07799589 -0.9665701 -0.2442516 0.3083809 -0.92274 -0.2311972 0.4464811 -0.8693474 -0.2118721 0.5201978 -0.8313271 -0.1956771 0.5577343 -0.8092825 -0.1843753 0.5297768 -0.8254436 -0.1948831 0.3869305 -0.8869178 -0.2523126 0.02928239 -0.9290611 -0.3687655 -0.6374639 -0.6263353 -0.4487136 -0.9308176 -0.1226331 -0.3442959 -0.9572014 0.1146495 -0.2657459 -0.9499043 0.2094841 -0.2319443 -0.9453072 0.239053 -0.2219188 -0.9476693 0.2255322 -0.2259605 -0.9563164 0.1662696 -0.2404441 -0.9639651 0.03363788 -0.2638936 -0.9256272 -0.2455823 -0.2879297 -0.9256272 -0.2455823 0.2879297 -0.9639651 0.03363788 0.2638936 -0.9563164 0.1662696 0.2404441 -0.9476693 0.2255322 0.2259605 -0.9453072 0.239053 0.2219188 -0.9499043 0.2094841 0.2319443 -0.9572014 0.1146495 0.2657459 -0.9308176 -0.1226331 0.3442959 -0.6374639 -0.6263353 0.4487136 0.02928239 -0.9290611 0.3687655 0.3869305 -0.8869178 0.2523126 0.5297768 -0.8254436 0.1948831 0.5577343 -0.8092825 0.1843753 0.5201978 -0.8313271 0.1956771 0.4464811 -0.8693474 0.2118721 0.3083809 -0.92274 0.2311972 0.07799589 -0.9665701 0.2442516 -0.2084447 -0.9493557 0.2351054 -0.4356268 -0.8759474 0.2072326 -0.5534755 -0.8125417 0.1828683 -0.5908604 -0.7880866 0.1726371 -0.5807842 -0.794832 0.1758744 -0.5433264 -0.8179226 0.1892058 -0.4907289 -0.8457561 0.2094799 -0.3672289 -0.8933979 0.2588111 0.03554594 -0.9222475 0.3849623 0.7009066 -0.559888 0.4418771 0.9387212 -0.0889452 0.3330034 0.9574343 0.1218549 0.2616695 0.9506997 0.2066084 0.2312641 0.9467674 0.232801 0.2223403 0.9487968 0.2207127 0.2259878 0.9560192 0.1707883 0.2384506 0.9638536 0.06743586 0.2577567 0.9514954 -0.1291072 0.2792632 0.8335933 -0.4768243 0.2788563 0.685496 -0.6839336 0.2496597 0.6952219 -0.6728519 0.2528572 0.713126 -0.6508543 0.2604612 0.7442023 -0.6080942 0.2763773 0.7956193 -0.5219657 0.3074764 0.8686804 -0.337121 0.3629652 0.9013428 0.04798823 0.4304398 0.7209978 0.5505528 0.4207776 0.4495151 0.826213 0.3395708 0.283126 0.9171279 0.280564 0.2062023 0.9452918 0.2527924 0.18072 0.9527834 0.2440163 0.2660445 0.9253779 0.2699927 0.4326436 0.8491688 0.3028725 0.5735792 0.7567795 0.3135151 0.6823828 0.6632136 0.307411 0.7599651 0.5806811 0.2919976 0.8101597 0.5179104 0.2746087 0.8352246 0.4831846 0.2625501 0.8297017 0.4909358 0.2656641 0.7580761 0.5771535 0.3036685 0.4279565 0.8059948 0.4089324 -0.4370221 0.8053508 0.4005269 -0.8257125 0.5038596 0.2536225 -0.87135 0.4368998 0.2233109 -0.8440318 0.4793891 0.240409 -0.8106978 0.5261811 0.2567151 -0.7703393 0.5769309 0.2715293 -0.721977 0.6309418 0.2840104 -0.6648052 0.6870743 0.2931943 -0.5983888 0.7437032 0.2980545 -0.5228933 0.7987547 0.2976135 -0.43928 0.8498796 0.2910974 -0.3493779 0.8947612 0.2780963 -0.2557593 0.9314873 0.2586861 -0.1614122 0.9588779 0.2334506 -0.1469753 0.9623013 0.2288548 -0.2544454 0.9293781 0.2674205 -0.474331 0.8096019 0.345767 -0.8154191 0.3783736 0.4380925 -0.8873195 -0.2574717 0.3825863 -0.7772039 -0.5563699 0.2939504 -0.7103278 -0.6568014 0.2530741 -0.6889516 -0.6833392 0.241647 -0.6966789 -0.6741426 0.2452965 -0.7237296 -0.640719 0.2563093 -0.7641339 -0.5859791 0.2696813 -0.8130688 -0.5097537 0.2811943 0 0 1 0 0 1 0 0 1 0 0 1 0 0 1 0 0 1 0 0 1 0 0 1 0 0 1 0 0 1 0 0 1 0 0 1 0 0 1 0 0 1 0 0 1 0 0 1 0 0 1 0 0 1 0 0 1 0 0 1 0 0 1 0 0 1 0 0 1 0 0 1 0 0 1 0 0 1 0 0 1 0 0 1 0 0 1 0 0 1 0 0 1 0 0 1 0 0 1 0 0 1 0 0 1 0 0 1 0 0 1 0 0 1 0 0 1 0 0 1 0 0 1 0 0 1 0 0 1 0 0 1 0 0 1 0 0 1 0 0 1 0 0 1 0 0 1 0 0 1 0 0 1 0 0 1 0 0 1 0 0 1 0 0 1 0 0 1 0 0 1 0 0 1 0 0 1 0 0 1 0 0 1 0 0 1 0 0 1 0 0 1 0 0 1 0 0 1 0 0 1 0 0 1 0 0 1 0 0 1 0 0 1 0 0 1 0 0 1 0 0 1 0 0 1 0 0 1 0 0 1 0 0 1 0 0 1 0 0 1 0 0 1 0.1301581 0.2451342 0.9607123 -0.3423976 -0.2146661 0.9147034 -0.4793345 0.121216 0.869221 0.4793984 0.1178793 0.8696445 0.2994211 0.2279611 0.9264883 -0.3329632 -0.255334 0.9077115 -0.4741027 0.1128299 0.8732102 0.4673709 0.10157 0.8782073 0.365944 0.2165296 0.9050967 -0.3284879 -0.2908113 0.8986237 -0.4563323 0.07934004 0.8862652 0.42745 0.05440312 0.9024006 0.3718867 0.2151396 0.9030035 -0.3273253 -0.3167372 0.8902447 -0.4274536 0.01491612 0.9039142 0.342641 -0.03246629 0.9389052 0.3478609 0.2223768 0.9107916 -0.3274857 -0.3248175 0.8872692 -0.3822504 -0.1014165 0.9184767 0.1986029 -0.1586446 0.967155 0.3101984 0.2370192 0.9206513 -0.3256649 -0.3011249 0.8962512 0.01141643 -0.2962027 0.9550569 0.266747 0.2592537 0.9282422 -0.3154758 -0.2258362 0.9216686 -0.1653957 -0.4023762 0.9004097 0.2205001 0.2909277 0.9309892 -0.2865702 -0.08315443 0.9544438 -0.2595592 -0.4473422 0.8558703 0.1712625 0.3361445 0.926108 -0.2328833 0.1080633 0.9664821 -0.3085766 -0.4645306 0.8300553 0.1158176 0.4028467 0.9079101 -0.1675544 0.2859869 0.9434707 -0.3461773 -0.4737609 0.8097603 0.08525592 0.4494801 0.8892126 -0.1116294 0.4077337 0.9062517 -0.3563997 -0.4753642 0.8043682 0.09462106 0.4337704 0.8960413 -0.07282882 0.476837 0.8759694 -0.3215987 -0.47213 0.8207725 0.1194496 0.3869322 0.9143387 -0.07878601 0.4680326 0.8801922 -0.2322064 -0.4669147 0.8532707 0.1613156 0.2964994 0.9413104 -0.1152354 0.4196926 0.9003216 -0.1011962 -0.4608953 0.881666 0.2136595 0.1631503 0.9631882 -0.1484737 0.380243 0.9128915 0.03676825 -0.4556432 0.8894028 0.2616176 0.01392871 0.9650711 -0.1797645 0.3477923 0.9201767 0.1516357 -0.4537268 0.878145 0.2940185 -0.1141039 0.9489643 -0.2100591 0.3208795 0.9235321 0.2342261 -0.4560646 0.8585705 0.3109561 -0.2040026 0.9282721 -0.2400894 0.2983937 0.9237523 0.2887161 -0.461396 0.8389022 0.3178698 -0.2597342 0.9118646 -0.2704327 0.2794914 0.9212768 0.3223114 -0.4676797 0.8230377 0.3195593 -0.2916547 0.901565 -0.3015505 0.2635277 0.9163081 0.2948598 -0.4594202 0.837849 0.318955 -0.3086921 0.8960897 -0.3338127 0.2500025 0.9088827 0.1778187 -0.4075943 0.8956826 0.31766 -0.316936 0.8936687 -0.3674992 0.2385246 0.8989162 0.009772539 -0.3100639 0.9506655 0.3534567 -0.2021811 0.9133407 -0.4027981 0.2287791 0.8862357 -0.1780903 -0.1749812 0.9683313 0.4029665 -0.05467754 0.9135799 -0.4397821 0.2205093 0.8706132 -0.3300341 -0.04348123 0.9429671 0.4355226 0.0304709 0.899662 -0.3779182 0.23061 0.8966587 -0.422073 0.05055409 0.9051511 0.4591276 0.08202087 0.8845758 -0.1354389 0.2495899 0.9588332 -0.4659404 0.1027547 0.8788294</float_array>
          <technique_common>
            <accessor source="#Mesh-mesh-normals-array" count="668" stride="3">
              <param name="X" type="float"/>
              <param name="Y" type="float"/>
              <param name="Z" type="float"/>
            </accessor>
          </technique_common>
        </source>
        <vertices id="Mesh-mesh-vertices">
          <input semantic="POSITION" source="#Mesh-mesh-positions"/>
        </vertices>
        <triangles material="Material_003-material" count="668">
          <input semantic="VERTEX" source="#Mesh-mesh-vertices" offset="0"/>
          <input semantic="NORMAL" source="#Mesh-mesh-normals" offset="1"/>
          <p>52 0 305 0 53 0 134 1 135 1 149 1 168 2 85 2 84 2 169 3 86 3 85 3 170 4 87 4 86 4 171 5 88 5 87 5 172 6 89 6 88 6 173 7 90 7 89 7 174 8 91 8 90 8 175 9 92 9 91 9 177 10 92 10 176 10 178 11 93 11 177 11 179 12 94 12 178 12 180 13 95 13 179 13 181 14 96 14 180 14 182 15 97 15 181 15 183 16 98 16 182 16 184 17 99 17 183 17 185 18 100 18 184 18 185 19 102 19 101 19 186 20 103 20 102 20 187 21 104 21 103 21 188 22 105 22 104 22 189 23 106 23 105 23 190 24 107 24 106 24 191 25 108 25 107 25 192 26 109 26 108 26 193 27 110 27 109 27 195 28 110 28 194 28 196 29 111 29 195 29 197 30 112 30 196 30 198 31 113 31 197 31 199 32 114 32 198 32 200 33 115 33 199 33 201 34 116 34 200 34 201 35 118 35 117 35 202 36 119 36 118 36 203 37 120 37 119 37 204 38 121 38 120 38 205 39 122 39 121 39 206 40 123 40 122 40 207 41 124 41 123 41 208 42 125 42 124 42 210 43 125 43 209 43 211 44 126 44 210 44 212 45 127 45 211 45 213 46 128 46 212 46 214 47 129 47 213 47 215 48 130 48 214 48 216 49 131 49 215 49 217 50 132 50 216 50 217 51 134 51 133 51 218 52 135 52 134 52 219 53 136 53 135 53 220 54 137 54 136 54 221 55 138 55 137 55 222 56 139 56 138 56 223 57 140 57 139 57 224 58 141 58 140 58 225 59 142 59 141 59 227 60 142 60 226 60 228 61 143 61 227 61 229 62 144 62 228 62 230 63 145 63 229 63 231 64 146 64 230 64 232 65 147 65 231 65 233 66 148 66 232 66 234 67 149 67 233 67 235 68 150 68 234 68 235 69 152 69 151 69 236 70 153 70 152 70 237 71 154 71 153 71 238 72 155 72 154 72 239 73 156 73 155 73 240 74 157 74 156 74 241 75 158 75 157 75 242 76 159 76 158 76 244 77 159 77 243 77 245 78 160 78 244 78 246 79 161 79 245 79 247 80 162 80 246 80 248 81 163 81 247 81 249 82 164 82 248 82 250 83 165 83 249 83 251 84 166 84 250 84 168 85 167 85 251 85 83 86 168 86 251 86 82 87 251 87 250 87 81 88 250 88 249 88 80 89 249 89 248 89 79 90 248 90 247 90 78 91 247 91 246 91 77 92 246 92 245 92 76 93 245 93 244 93 75 94 244 94 243 94 75 95 242 95 74 95 74 96 241 96 73 96 73 97 240 97 72 97 72 98 239 98 71 98 71 99 238 99 70 99 70 100 237 100 69 100 69 101 236 101 68 101 68 102 235 102 67 102 66 103 235 103 234 103 65 104 234 104 233 104 64 105 233 105 232 105 63 106 232 106 231 106 62 107 231 107 230 107 61 108 230 108 229 108 60 109 229 109 228 109 59 110 228 110 227 110 58 111 227 111 226 111 58 112 225 112 57 112 57 113 224 113 56 113 56 114 223 114 55 114 55 115 222 115 54 115 54 116 221 116 53 116 53 117 220 117 52 117 52 118 219 118 51 118 51 119 218 119 50 119 50 120 217 120 49 120 48 121 217 121 216 121 47 122 216 122 215 122 46 123 215 123 214 123 45 124 214 124 213 124 44 125 213 125 212 125 43 126 212 126 211 126 42 127 211 127 210 127 41 128 210 128 209 128 41 129 208 129 40 129 40 130 207 130 39 130 39 131 206 131 38 131 38 132 205 132 37 132 37 133 204 133 36 133 36 134 203 134 35 134 35 135 202 135 34 135 34 136 201 136 33 136 32 137 201 137 200 137 31 138 200 138 199 138 30 139 199 139 198 139 29 140 198 140 197 140 28 141 197 141 196 141 27 142 196 142 195 142 26 143 195 143 194 143 26 144 193 144 25 144 25 145 192 145 24 145 24 146 191 146 23 146 23 147 190 147 22 147 22 148 189 148 21 148 21 149 188 149 20 149 20 150 187 150 19 150 19 151 186 151 18 151 18 152 185 152 17 152 16 153 185 153 184 153 15 154 184 154 183 154 14 155 183 155 182 155 13 156 182 156 181 156 12 157 181 157 180 157 11 158 180 158 179 158 10 159 179 159 178 159 9 160 178 160 177 160 8 161 177 161 176 161 8 162 175 162 7 162 7 163 174 163 6 163 6 164 173 164 5 164 5 165 172 165 4 165 4 166 171 166 3 166 3 167 170 167 2 167 2 168 169 168 1 168 1 169 168 169 0 169 283 170 282 170 274 170 27 171 278 171 279 171 0 172 253 172 1 172 80 173 331 173 332 173 53 174 306 174 54 174 28 175 279 175 280 175 1 176 254 176 2 176 81 177 332 177 333 177 54 178 307 178 55 178 29 179 280 179 281 179 2 180 255 180 3 180 82 181 333 181 334 181 55 182 308 182 56 182 30 183 281 183 282 183 3 184 256 184 4 184 83 185 334 185 335 185 56 186 309 186 57 186 31 187 282 187 283 187 4 188 257 188 5 188 0 189 335 189 252 189 57 190 310 190 58 190 32 191 283 191 284 191 5 192 258 192 6 192 59 193 310 193 311 193 33 194 284 194 285 194 6 195 259 195 7 195 60 196 311 196 312 196 33 197 286 197 34 197 7 198 260 198 8 198 61 199 312 199 313 199 34 200 287 200 35 200 9 201 260 201 261 201 62 202 313 202 314 202 35 203 288 203 36 203 10 204 261 204 262 204 63 205 314 205 315 205 36 206 289 206 37 206 11 207 262 207 263 207 64 208 315 208 316 208 37 209 290 209 38 209 12 210 263 210 264 210 65 211 316 211 317 211 38 212 291 212 39 212 13 213 264 213 265 213 66 214 317 214 318 214 39 215 292 215 40 215 14 216 265 216 266 216 67 217 318 217 319 217 40 218 293 218 41 218 15 219 266 219 267 219 67 220 320 220 68 220 42 221 293 221 294 221 16 222 267 222 268 222 68 223 321 223 69 223 43 224 294 224 295 224 17 225 268 225 269 225 69 226 322 226 70 226 44 227 295 227 296 227 17 228 270 228 18 228 70 229 323 229 71 229 45 230 296 230 297 230 18 231 271 231 19 231 71 232 324 232 72 232 46 233 297 233 298 233 19 234 272 234 20 234 72 235 325 235 73 235 47 236 298 236 299 236 20 237 273 237 21 237 73 238 326 238 74 238 48 239 299 239 300 239 21 240 274 240 22 240 74 241 327 241 75 241 49 242 300 242 301 242 22 243 275 243 23 243 76 244 327 244 328 244 49 245 302 245 50 245 23 246 276 246 24 246 77 247 328 247 329 247 50 248 303 248 51 248 24 249 277 249 25 249 78 250 329 250 330 250 51 251 304 251 52 251 25 252 278 252 26 252 79 253 330 253 331 253 52 254 304 254 305 254 88 255 89 255 96 255 89 256 90 256 95 256 96 257 89 257 95 257 90 258 91 258 94 258 91 259 92 259 93 259 94 260 91 260 93 260 94 261 95 261 90 261 96 262 97 262 87 262 87 263 88 263 96 263 86 264 87 264 97 264 86 265 97 265 98 265 85 266 86 266 99 266 86 267 98 267 99 267 84 268 85 268 100 268 85 269 99 269 100 269 167 270 84 270 152 270 84 271 100 271 101 271 84 272 101 272 152 272 166 273 167 273 154 273 154 274 167 274 153 274 101 275 102 275 151 275 165 276 166 276 155 276 153 277 167 277 152 277 166 278 154 278 155 278 102 279 103 279 117 279 162 280 163 280 157 280 163 281 164 281 156 281 157 282 163 282 156 282 164 283 165 283 155 283 103 284 104 284 116 284 152 285 101 285 151 285 161 286 162 286 157 286 159 287 160 287 158 287 160 288 161 288 158 288 157 289 158 289 161 289 155 290 156 290 164 290 104 291 105 291 115 291 105 292 106 292 115 292 151 293 102 293 117 293 106 294 107 294 114 294 103 295 116 295 117 295 107 296 108 296 113 296 108 297 109 297 112 297 112 298 109 298 111 298 109 299 110 299 111 299 112 300 113 300 108 300 113 301 114 301 107 301 116 302 104 302 115 302 114 303 115 303 106 303 150 304 151 304 133 304 149 305 150 305 134 305 151 306 117 306 133 306 117 307 118 307 133 307 150 308 133 308 134 308 146 309 147 309 136 309 147 310 148 310 135 310 136 311 147 311 135 311 148 312 149 312 135 312 133 313 118 313 132 313 118 314 119 314 132 314 145 315 146 315 137 315 143 316 144 316 140 316 144 317 145 317 138 317 139 318 144 318 138 318 141 319 142 319 143 319 139 320 140 320 144 320 140 321 141 321 143 321 137 322 138 322 145 322 136 323 137 323 146 323 119 324 120 324 130 324 132 325 119 325 131 325 120 326 121 326 129 326 121 327 122 327 128 327 122 328 123 328 127 328 123 329 124 329 126 329 127 330 123 330 126 330 124 331 125 331 126 331 127 332 128 332 122 332 128 333 129 333 121 333 129 334 130 334 120 334 130 335 131 335 119 335 168 336 169 336 85 336 169 337 170 337 86 337 170 338 171 338 87 338 171 339 172 339 88 339 172 340 173 340 89 340 173 341 174 341 90 341 174 342 175 342 91 342 175 343 176 343 92 343 177 344 93 344 92 344 178 345 94 345 93 345 179 346 95 346 94 346 180 347 96 347 95 347 181 348 97 348 96 348 182 349 98 349 97 349 183 350 99 350 98 350 184 351 100 351 99 351 185 352 101 352 100 352 185 353 186 353 102 353 186 354 187 354 103 354 187 355 188 355 104 355 188 356 189 356 105 356 189 357 190 357 106 357 190 358 191 358 107 358 191 359 192 359 108 359 192 360 193 360 109 360 193 361 194 361 110 361 195 362 111 362 110 362 196 363 112 363 111 363 197 364 113 364 112 364 198 365 114 365 113 365 199 366 115 366 114 366 200 367 116 367 115 367 201 368 117 368 116 368 201 369 202 369 118 369 202 370 203 370 119 370 203 371 204 371 120 371 204 372 205 372 121 372 205 373 206 373 122 373 206 374 207 374 123 374 207 375 208 375 124 375 208 376 209 376 125 376 210 377 126 377 125 377 211 378 127 378 126 378 212 379 128 379 127 379 213 380 129 380 128 380 214 381 130 381 129 381 215 382 131 382 130 382 216 383 132 383 131 383 217 384 133 384 132 384 217 385 218 385 134 385 218 386 219 386 135 386 219 387 220 387 136 387 220 388 221 388 137 388 221 389 222 389 138 389 222 390 223 390 139 390 223 391 224 391 140 391 224 392 225 392 141 392 225 393 226 393 142 393 227 394 143 394 142 394 228 395 144 395 143 395 229 396 145 396 144 396 230 397 146 397 145 397 231 398 147 398 146 398 232 399 148 399 147 399 233 400 149 400 148 400 234 401 150 401 149 401 235 402 151 402 150 402 235 403 236 403 152 403 236 404 237 404 153 404 237 405 238 405 154 405 238 406 239 406 155 406 239 407 240 407 156 407 240 408 241 408 157 408 241 409 242 409 158 409 242 410 243 410 159 410 244 411 160 411 159 411 245 412 161 412 160 412 246 413 162 413 161 413 247 414 163 414 162 414 248 415 164 415 163 415 249 416 165 416 164 416 250 417 166 417 165 417 251 418 167 418 166 418 168 419 84 419 167 419 83 420 0 420 168 420 82 421 83 421 251 421 81 422 82 422 250 422 80 423 81 423 249 423 79 424 80 424 248 424 78 425 79 425 247 425 77 426 78 426 246 426 76 427 77 427 245 427 75 428 76 428 244 428 75 429 243 429 242 429 74 430 242 430 241 430 73 431 241 431 240 431 72 432 240 432 239 432 71 433 239 433 238 433 70 434 238 434 237 434 69 435 237 435 236 435 68 436 236 436 235 436 66 437 67 437 235 437 65 438 66 438 234 438 64 439 65 439 233 439 63 440 64 440 232 440 62 441 63 441 231 441 61 442 62 442 230 442 60 443 61 443 229 443 59 444 60 444 228 444 58 445 59 445 227 445 58 446 226 446 225 446 57 447 225 447 224 447 56 448 224 448 223 448 55 449 223 449 222 449 54 450 222 450 221 450 53 451 221 451 220 451 52 452 220 452 219 452 51 453 219 453 218 453 50 454 218 454 217 454 48 455 49 455 217 455 47 456 48 456 216 456 46 457 47 457 215 457 45 458 46 458 214 458 44 459 45 459 213 459 43 460 44 460 212 460 42 461 43 461 211 461 41 462 42 462 210 462 41 463 209 463 208 463 40 464 208 464 207 464 39 465 207 465 206 465 38 466 206 466 205 466 37 467 205 467 204 467 36 468 204 468 203 468 35 469 203 469 202 469 34 470 202 470 201 470 32 471 33 471 201 471 31 472 32 472 200 472 30 473 31 473 199 473 29 474 30 474 198 474 28 475 29 475 197 475 27 476 28 476 196 476 26 477 27 477 195 477 26 478 194 478 193 478 25 479 193 479 192 479 24 480 192 480 191 480 23 481 191 481 190 481 22 482 190 482 189 482 21 483 189 483 188 483 20 484 188 484 187 484 19 485 187 485 186 485 18 486 186 486 185 486 16 487 17 487 185 487 15 488 16 488 184 488 14 489 15 489 183 489 13 490 14 490 182 490 12 491 13 491 181 491 11 492 12 492 180 492 10 493 11 493 179 493 9 494 10 494 178 494 8 495 9 495 177 495 8 496 176 496 175 496 7 497 175 497 174 497 6 498 174 498 173 498 5 499 173 499 172 499 4 500 172 500 171 500 3 501 171 501 170 501 2 502 170 502 169 502 1 503 169 503 168 503 332 504 331 504 324 504 331 505 330 505 325 505 324 506 331 506 325 506 330 507 329 507 325 507 329 508 328 508 326 508 328 509 327 509 326 509 326 510 325 510 329 510 324 511 323 511 332 511 332 512 323 512 333 512 323 513 322 513 334 513 333 514 323 514 334 514 334 515 322 515 335 515 322 516 321 516 335 516 335 517 321 517 320 517 252 518 335 518 320 518 252 519 320 519 269 519 320 520 319 520 269 520 253 521 252 521 268 521 268 522 252 522 269 522 319 523 318 523 301 523 254 524 253 524 267 524 253 525 268 525 267 525 318 526 317 526 302 526 319 527 301 527 285 527 255 528 254 528 265 528 316 529 315 529 303 529 315 530 314 530 304 530 256 531 255 531 264 531 315 532 304 532 303 532 314 533 313 533 305 533 304 534 314 534 305 534 254 535 267 535 266 535 317 536 316 536 303 536 258 537 257 537 263 537 257 538 256 538 264 538 260 539 259 539 261 539 259 540 258 540 262 540 262 541 261 541 259 541 264 542 263 542 257 542 263 543 262 543 258 543 265 544 264 544 255 544 301 545 318 545 302 545 313 546 312 546 306 546 312 547 311 547 308 547 311 548 310 548 309 548 308 549 311 549 309 549 308 550 307 550 312 550 307 551 306 551 312 551 306 552 305 552 313 552 254 553 266 553 265 553 317 554 303 554 302 554 269 555 319 555 270 555 270 556 319 556 285 556 300 557 299 557 287 557 299 558 298 558 287 558 287 559 298 559 288 559 301 560 300 560 286 560 285 561 301 561 286 561 298 562 297 562 288 562 297 563 296 563 289 563 296 564 295 564 290 564 290 565 295 565 291 565 295 566 294 566 291 566 294 567 293 567 292 567 291 568 294 568 292 568 290 569 289 569 296 569 289 570 288 570 297 570 271 571 270 571 285 571 272 572 271 572 284 572 273 573 272 573 283 573 274 574 273 574 283 574 271 575 285 575 284 575 300 576 287 576 286 576 275 577 274 577 282 577 277 578 276 578 280 578 276 579 275 579 281 579 277 580 280 580 279 580 279 581 278 581 277 581 281 582 280 582 276 582 282 583 281 583 275 583 272 584 284 584 283 584 27 585 26 585 278 585 0 586 252 586 253 586 80 587 79 587 331 587 53 588 305 588 306 588 28 589 27 589 279 589 1 590 253 590 254 590 81 591 80 591 332 591 54 592 306 592 307 592 29 593 28 593 280 593 2 594 254 594 255 594 82 595 81 595 333 595 55 596 307 596 308 596 30 597 29 597 281 597 3 598 255 598 256 598 83 599 82 599 334 599 56 600 308 600 309 600 31 601 30 601 282 601 4 602 256 602 257 602 0 603 83 603 335 603 57 604 309 604 310 604 32 605 31 605 283 605 5 606 257 606 258 606 59 607 58 607 310 607 33 608 32 608 284 608 6 609 258 609 259 609 60 610 59 610 311 610 33 611 285 611 286 611 7 612 259 612 260 612 61 613 60 613 312 613 34 614 286 614 287 614 9 615 8 615 260 615 62 616 61 616 313 616 35 617 287 617 288 617 10 618 9 618 261 618 63 619 62 619 314 619 36 620 288 620 289 620 11 621 10 621 262 621 64 622 63 622 315 622 37 623 289 623 290 623 12 624 11 624 263 624 65 625 64 625 316 625 38 626 290 626 291 626 13 627 12 627 264 627 66 628 65 628 317 628 39 629 291 629 292 629 14 630 13 630 265 630 67 631 66 631 318 631 40 632 292 632 293 632 15 633 14 633 266 633 67 634 319 634 320 634 42 635 41 635 293 635 16 636 15 636 267 636 68 637 320 637 321 637 43 638 42 638 294 638 17 639 16 639 268 639 69 640 321 640 322 640 44 641 43 641 295 641 17 642 269 642 270 642 70 643 322 643 323 643 45 644 44 644 296 644 18 645 270 645 271 645 71 646 323 646 324 646 46 647 45 647 297 647 19 648 271 648 272 648 72 649 324 649 325 649 47 650 46 650 298 650 20 651 272 651 273 651 73 652 325 652 326 652 48 653 47 653 299 653 21 654 273 654 274 654 74 655 326 655 327 655 49 656 48 656 300 656 22 657 274 657 275 657 76 658 75 658 327 658 49 659 301 659 302 659 23 660 275 660 276 660 77 661 76 661 328 661 50 662 302 662 303 662 24 663 276 663 277 663 78 664 77 664 329 664 51 665 303 665 304 665 25 666 277 666 278 666 79 667 78 667 330 667</p>
        </triangles>
      </mesh>
    </geometry>
  </library_geometries>
  <library_visual_scenes>
    <visual_scene id="Scene" name="Scene">
      <node id="BézierCurve_004" name="BézierCurve.004" type="NODE">
        <matrix sid="transform">-0.07553701 -0.01143328 -0.1518477 -0.4668531 -0.1413102 -0.05789997 0.07465464 0.2285508 -0.05674398 0.1594088 0.01622484 1.338739 0 0 0 1</matrix>
        <instance_geometry url="#Mesh_004-mesh" name="BézierCurve.004">
          <bind_material>
            <technique_common>
              <instance_material symbol="Material_004-material" target="#Material_004-material"/>
            </technique_common>
          </bind_material>
        </instance_geometry>
      </node>
      <node id="BézierCurve_003" name="BézierCurve.003" type="NODE">
        <matrix sid="transform">-0.01463923 0.01198258 -0.1689272 -0.5297048 -0.1595622 -0.05778879 0.009728505 0.02704486 -0.05674398 0.1594088 0.01622484 0.4856694 0 0 0 1</matrix>
        <instance_geometry url="#Mesh_003-mesh" name="BézierCurve.003">
          <bind_material>
            <technique_common>
              <instance_material symbol="Material_005-material" target="#Material_005-material"/>
            </technique_common>
          </bind_material>
        </instance_geometry>
      </node>
      <node id="BézierCurve_002" name="BézierCurve.002" type="NODE">
        <matrix sid="transform">-0.3700534 0.0439742 0.0027188 0.02471186 2.54834e-4 -0.02086032 0.3720826 0.5436581 0.04405743 0.369475 0.02068396 0.7499869 0 0 0 1</matrix>
        <instance_geometry url="#Mesh_002-mesh" name="BézierCurve.002">
          <bind_material>
            <technique_common>
              <instance_material symbol="Material_002-material" target="#Material_002-material"/>
            </technique_common>
          </bind_material>
        </instance_geometry>
      </node>
      <node id="BézierCurve_001" name="BézierCurve.001" type="NODE">
        <matrix sid="transform">0.134279 -0.02945495 0.2225677 0.4741426 0.2244937 0.01466469 -0.1335003 -0.1948717 0.002554875 0.2595229 0.03280426 0.4856694 0 0 0 1</matrix>
        <instance_geometry url="#Mesh_001-mesh" name="BézierCurve.001">
          <bind_material>
            <technique_common>
              <instance_material symbol="Material_001-material" target="#Material_001-material"/>
            </technique_common>
          </bind_material>
        </instance_geometry>
      </node>
      <node id="Cylinder" name="Cylinder" type="NODE">
        <matrix sid="transform">1 0 0 -0.01550131 0 1 0 -9.71526e-4 0 0 1 4.056337 0 0 0 1</matrix>
        <instance_geometry url="#Cylinder_001-mesh" name="Cylinder">
          <bind_material>
            <technique_common>
              <instance_material symbol="Material_006-material" target="#Material_006-material">
                <bind_vertex_input semantic="UVMap" input_semantic="TEXCOORD" input_set="0"/>
              </instance_material>
            </technique_common>
          </bind_material>
        </instance_geometry>
      </node>
      <node id="BézierCurve" name="BézierCurve" type="NODE">
        <matrix sid="transform">0.344363 -0.01041309 0.03556094 -0.009137964 0.03705418 0.096774 -0.3304856 -0.5893989 0 0.3323933 0.09733263 0.5492638 0 0 0 1</matrix>
        <instance_geometry url="#Mesh-mesh" name="BézierCurve">
          <bind_material>
            <technique_common>
              <instance_material symbol="Material_003-material" target="#Material_003-material"/>
            </technique_common>
          </bind_material>
        </instance_geometry>
      </node>
      <node id="Camera" name="Camera" type="NODE">
        <matrix sid="transform">0.6859207 -0.3240135 0.6515582 7.358891 0.7276763 0.3054208 -0.6141704 -6.925791 0 0.8953956 0.4452714 4.958309 0 0 0 1</matrix>
        <instance_camera url="#Camera-camera"/>
      </node>
      <node id="Light" name="Light" type="NODE">
        <matrix sid="transform">-0.2908646 -0.7711008 0.5663932 4.076245 0.9551712 -0.1998834 0.2183912 1.005454 -0.05518906 0.6045247 0.7946723 5.903862 0 0 0 1</matrix>
        <instance_light url="#Light-light"/>
      </node>
    </visual_scene>
  </library_visual_scenes>
  <scene>
    <instance_visual_scene url="#Scene"/>
  </scene>
</COLLADA>